#	Simulation	Obj	b0__FREE	b1__FREE	b2__FREE	b3__FREE	gamma__FREE	mult__FREE	r__FREE	t0__FREE	t1__FREE	t2__FREE	t3__FREE
	gen39ind14	876.9362965445092	0.07935704158330048	0.9971413345981317	0.7060655488566426	1.189817986968115	0.5834607886133494	6369.284668505035	2684.8412408078784	0.008827481961526622	12.533441906108742	16.126818573846656	2.1639487998460343
	gen38ind11	881.3796236239763	0.0752790558535427	0.9972628781716737	0.6632778881855528	1.1877648909486402	0.5816665157192189	6369.284668505035	2722.4637771174225	0.009719015901217421	12.538769203919022	16.20010265505261	2.1639487998460343
	gen38ind1	882.5205340749909	0.07391705994372244	0.9976568058813808	0.6406299299477939	1.1859872476525293	0.5809060194255258	6352.877673621532	3009.604637456447	0.009266111838423007	12.546798618033337	16.23508294149299	2.1639487998460343
	gen37ind5	891.2735003041425	0.07263775062099104	0.9976568058813808	0.6306160097437223	1.1859872476525293	0.5809060194255258	6369.284668505035	2843.1435925602964	0.009266111838423007	12.546798618033337	16.23508294149299	2.1639487998460343
	gen39ind5	891.4279614909929	0.07458014989011558	0.9983281022913343	0.6198407418540758	1.1845652318979472	0.5827485936682082	6409.8238499352665	2563.4289414974337	0.008130860308970443	12.549285059379109	16.226444439131686	2.184562541774828
	gen38ind12	894.2142426121918	0.07981529241795564	0.9962365497221328	0.7079202824356813	1.1904300491484974	0.58476698725923	6178.628935606783	3250.289249226727	0.007775771380092582	12.501172076456108	16.024934114562818	2.299512382854795
	gen39ind11	894.8229979791577	0.0798858863532478	0.9966258633148826	0.6874459582484347	1.1900842046047129	0.5855826072768462	6237.996713929984	2852.2061948656083	0.004722319498381063	12.50029338960383	16.014337217468128	2.2341509981125607
	gen38ind16	896.008459142884	0.0798858863532478	0.9966258633148826	0.6874459582484347	1.1900842046047129	0.5855826072768462	6237.996713929984	2832.582261738028	0.004722319498381063	12.505093308674049	16.028086306724273	2.2323231317377914
	gen39ind7	896.0489279355276	0.07942162122193054	0.9966258633148826	0.7195820884628396	1.190795212482004	0.585009153735792	6217.727123214869	2947.001702046762	0.005289945263107345	12.50029338960383	16.028086306724273	2.2323231317377914
	gen39ind8	896.6777238371071	0.07981529241795564	0.9959216721049049	0.7106234434347076	1.1912110050556686	0.58476698725923	6178.628935606783	3250.289249226727	0.007775771380092582	12.500588404254973	16.011247054521814	2.299512382854795
	gen39ind19	898.8352309862718	0.07009663658328297	0.9996752580169961	0.558065945718639	1.1843445209327177	0.5803028361958937	6380.139960773666	2824.2153180082123	0.008789918209610458	12.555343114338996	16.286358106544277	2.1227213159884473
	gen38ind8	898.9492416006658	0.0757329737171721	0.9976568058813808	0.7055194768910011	1.187769508492023	0.5834607886133494	6369.284668505035	2690.1219062190125	0.008827481961526622	12.533441906108742	16.126818573846656	2.1639487998460343
	gen36ind18	899.8088497963389	0.07263775062099104	0.9976568058813808	0.6504071005385452	1.1847631232917644	0.5816665157192189	6369.284668505035	2722.4637771174225	0.009266111838423007	12.546798618033337	16.23508294149299	2.1639487998460343
	gen35ind0	900.7416362603316	0.07228385173585944	0.999581976588864	0.5814739598689593	1.186474043782901	0.5820529265076341	6380.139960773666	2824.2153180082123	0.008130860308970443	12.555343114338996	16.252786223210762	2.1639487998460343
	gen39ind2	905.864438218027	0.07228385173585944	0.9998743091934548	0.565024645841384	1.1873032766608174	0.5822506959547521	6380.139960773666	2824.2153180082123	0.007924950259746016	12.559357821396153	16.236704483097437	2.1657766662208036
	gen39ind13	908.2403070283732	0.0712527657713477	0.999581976588864	0.5696790632683066	1.1845652318979472	0.5820529265076341	6409.8238499352665	2622.1400641816326	0.008308837613222597	12.557572014589095	16.256589306389948	2.1639487998460343
	gen38ind14	908.6072884828307	0.0712527657713477	0.999581976588864	0.5646721031662709	1.1845652318979472	0.5820529265076341	6409.8238499352665	2614.304711942829	0.008130860308970443	12.557572014589095	16.252786223210762	2.1639487998460343
	gen38ind19	908.9625565039299	0.06862428761600695	0.9997706267667332	0.5529406108099431	1.1860625754586898	0.5802751813980708	6380.139960773666	2824.2153180082123	0.008789918209610458	12.555343114338996	16.252786223210762	2.1227213159884473
	gen39ind16	909.4558906361402	0.07690459125346595	0.9993729325589169	0.6730197328570622	1.190055403522458	0.5859449725459377	6363.008469540711	2955.4748203923227	0.009844828337825774	12.539804735005339	16.118784668010214	2.167604532595573
	gen39ind17	910.0990670681718	0.07313798825780538	0.9977175439500188	0.6278440779572219	1.1878710636658352	0.5829145895513415	6437.64246885972	2487.6758400837593	0.009688420771846458	12.556656973946364	16.148795793969228	2.1334173666496943
	gen39ind9	911.0447916528072	0.06862428761600695	0.9997706267667332	0.5529406108099431	1.1860625754586898	0.5803205728975727	6380.139960773666	2824.2153180082123	0.009331687900447399	12.555343114338996	16.252786223210762	2.1227213159884473
	gen38ind18	911.3721864549777	0.07210690229329364	0.999581976588864	0.5766940257264006	1.186474043782901	0.5833868763423814	6451.635860610511	2824.2153180082123	0.008344168930366394	12.555343114338996	16.252786223210762	2.1639487998460343
	gen38ind13	912.1708402518478	0.07313798825780538	0.997976820618339	0.6278440779572219	1.1860015157222006	0.5838682912392422	6512.276468178727	2417.87179508628	0.00969272908121491	12.556656973946364	16.182052866671746	2.1334173666496943
	gen38ind9	912.3789558122407	0.07690459125346595	0.999056732189	0.663982973535779	1.1894804289831593	0.5859449725459377	6297.364492253186	3026.7049981518303	0.008410755097447157	12.527543948478083	16.069418534449024	2.2017916985414514
	gen37ind6	913.0220265942163	0.07963834297538984	0.9962365497221328	0.7079202824356813	1.1894493228529184	0.5861009370939774	6178.628935606783	3037.653350489719	0.007989080001488534	12.501172076456108	16.039835178913187	2.284246666256625
	gen38ind4	913.0725248478736	0.07228385173585944	0.9978926334061295	0.6303792601304021	1.185662805213252	0.5822692800220624	6356.732270576388	2582.855687122464	0.009334778959737314	12.549513746718127	16.22920850539853	2.1208934496136784
	gen39ind10	913.4757072084585	0.06862428761600695	0.9998262277156409	0.5576021701458416	1.1868810805346302	0.5802186161572352	6299.229762490335	2824.2153180082123	0.008051721738665012	12.546357932931292	16.234082075681208	2.1227213159884473
	gen37ind16	914.2848491932442	0.07647875907129353	0.9990427013166859	0.6874459582484347	1.1900070969416232	0.5855826072768462	6237.996713929984	2880.638459535227	0.0065291842779223175	12.52226403259807	16.06686058358172	2.2323231317377914
	gen37ind19	914.6904007464441	0.07228385173585944	0.9977814315083141	0.621056141458605	1.184025795061371	0.5835739190950204	6512.276468178727	2417.87179508628	0.00969272908121491	12.556656973946364	16.264885070193728	2.1334173666496943
	gen36ind17	914.8614771827589	0.07228385173585944	0.9977814315083141	0.621056141458605	1.184025795061371	0.5835739190950204	6518.55266714305	2582.855687122464	0.009727632519954328	12.556656973946364	16.266616800457644	2.1334173666496943
	gen35ind18	915.4306552783827	0.07829149024887541	0.9969843478549849	0.6874459582484347	1.1894804289831593	0.5856175448325815	6237.996713929984	2832.582261738028	0.007989080001488534	12.525144346858994	16.039835178913187	2.2213559334891757
	gen38ind5	915.9330304656024	0.07494297078633536	0.9970244051415471	0.6968541866816365	1.1831964869351492	0.5842527348474214	6248.127509849163	2630.017667017939	0.005959335480769389	12.511051789537888	16.096626417707498	2.219483192956437
	gen36ind11	916.1839185980091	0.0743460236648829	0.9980475841014307	0.663982973535779	1.1894804289831593	0.584049532901793	6297.364492253186	3002.676899253231	0.008125830698870693	12.53422881063076	16.069418534449024	2.2017916985414514
	gen37ind9	916.2367006692488	0.07690459125346595	0.9980475841014307	0.663982973535779	1.1894804289831593	0.5859449725459377	6297.364492253186	3002.676899253231	0.008125830698870693	12.520872098706164	16.069418534449024	2.2017916985414514
	gen31ind11	916.8223575480216	0.07228385173585944	0.9997670162291004	0.6068664349839255	1.187476172182987	0.5834607886133494	6356.732270576388	2824.2153180082123	0.008130860308970443	12.555343114338996	16.23508294149299	2.1639487998460343
	gen39ind15	916.9338225850727	0.07313798825780538	0.997976820618339	0.6278440779572219	1.1853116627436497	0.5845453876955709	6536.886960503982	2107.840320020617	0.00969272908121491	12.556656973946364	16.182052866671746	2.1334173666496943
	gen34ind17	917.0277981387037	0.07158166988344447	0.9976568058813808	0.6303792601304021	1.1894233567044734	0.5822552600076625	6356.732270576388	2582.855687122464	0.009307195802768566	12.546798618033337	16.16793917482596	2.1639487998460343
	gen35ind15	917.1343959358388	0.07701889055057115	0.9970244051415471	0.6874459582484347	1.1866195594134257	0.5855826072768462	6237.996713929984	2832.582261738028	0.005959335480769389	12.508920333054231	16.028086306724273	2.2323231317377914
	gen38ind0	917.3851283139182	0.07718913036870981	0.9965527500920497	0.6874459582484347	1.1897186615939832	0.5850172566949983	6260.6799077778105	2763.476875623361	0.008496516131668321	12.529200350310184	16.039835178913187	2.2500595003107464
	gen36ind4	917.6246225958769	0.07829149024887541	0.9965527500920497	0.6874459582484347	1.1902462933528954	0.5856175448325815	6237.996713929984	2860.1338755220327	0.007989080001488534	12.525144346858994	16.039835178913187	2.2500595003107464
	gen38ind17	917.6312636722186	0.07847429792822155	0.9969843478549849	0.6916987125738713	1.1909550854439457	0.5857932224209165	6237.996713929984	2759.5315762113923	0.006740201743279951	12.528629690489806	16.019676964652632	2.2250116662387143
	gen39ind18	917.9253004981491	0.0748173941819146	0.9976568058813808	0.6727282976636095	1.1847631232917644	0.5816665157192189	6273.956802055909	2880.058563803571	0.008401143888558563	12.546798618033337	16.23508294149299	2.2240977330513294
	gen35ind19	918.0093112217849	0.07228385173585944	0.9976568058813808	0.6303792601304021	1.184025795061371	0.5834607886133494	6470.464457503482	2582.855687122464	0.009727632519954328	12.556656973946364	16.23508294149299	2.1334173666496943
	gen36ind16	918.0550756139089	0.07701889055057115	0.9970244051415471	0.6821787071416663	1.1858822311830326	0.5857989607912744	6237.996713929984	2832.582261738028	0.005959335480769389	12.508920333054231	16.10979575179395	2.2323231317377914
	gen35ind5	918.1094061382604	0.07647875907129353	0.9987078945045672	0.6874459582484347	1.1900070969416232	0.5855826072768462	6237.996713929984	2880.638459535227	0.007099033075075247	12.52226403259807	16.036257487918096	2.2323231317377914
	gen37ind4	918.1982462279421	0.07604533066650096	0.9970244051415471	0.6821787071416663	1.1858822311830326	0.58490958822584	6231.72051496566	2832.582261738028	0.0065193946762444836	12.5159809674944	16.175871276700235	2.2323231317377914
	gen34ind12	918.2797365187777	0.07847429792822155	0.9969843478549849	0.6916987125738713	1.1909550854439457	0.5858438057959235	6237.996713929984	2759.5315762113923	0.0072536005551776745	12.528629690489806	16.036257487918096	2.2250116662387143
	gen36ind14	918.5161971454057	0.07345832828795715	0.9976568058813808	0.6504071005385452	1.183527193853336	0.5838627271650264	6369.284668505035	2807.511095875024	0.007948276534712475	12.544298743652666	16.23854640202082	2.1639487998460343
	gen37ind2	918.6159935606262	0.07097236200917041	0.9978475433808552	0.6303792601304021	1.1894233567044734	0.582062054613455	6356.732270576388	2653.5525781979886	0.009307195802768566	12.546798618033337	16.16793917482596	2.167604532595573
	gen39ind1	919.1064826209054	0.06819721935503398	0.9997706267667332	0.5542082018965332	1.1858932202042154	0.5800714300851244	6302.367861972496	2824.2153180082123	0.00806917345803472	12.555343114338996	16.276364042574155	2.1227213159884473
	gen37ind13	919.9526564014683	0.07345832828795715	0.9976568058813808	0.6504071005385452	1.1839101260382041	0.5838627271650264	6369.284668505035	2736.2395840094246	0.008393299997919119	12.544298743652666	16.240335247518367	2.1728169841325116
	gen34ind11	920.121054252726	0.0761366787734821	0.9976058666245636	0.680052329978948	1.1894804289831593	0.5862963277226076	6345.876978307759	2959.7279403049356	0.00665446064921391	12.515078091032326	16.036257487918096	2.225598835571422
	gen37ind8	920.262464098472	0.0743557325102865	0.9970244051415471	0.6821787071416663	1.1834457875391666	0.5841083308124183	6248.127509849163	2630.017667017939	0.005959335480769389	12.517230904684737	16.10979575179395	2.219483192956437
	gen35ind6	920.2982140956302	0.07097236200917041	0.9978475433808552	0.6303792601304021	1.1894233567044734	0.5822552600076625	6356.732270576388	2704.4283486433833	0.009307195802768566	12.546798618033337	16.16793917482596	2.167604532595573
	gen35ind14	920.7102877631446	0.073339932473406	0.9976568058813808	0.6504071005385452	1.1820967590684692	0.5838627271650264	6369.284668505035	2722.4637771174225	0.007948276534712475	12.544298743652666	16.234460811423908	2.1639487998460343
	gen37ind10	920.9462318091507	0.07228385173585944	0.9978926334061295	0.6303792601304021	1.185662805213252	0.5834607886133494	6356.732270576388	2582.855687122464	0.008251239578063434	12.538686611130956	16.22920850539853	2.155080615559557
	gen39ind0	921.0288492266814	0.07228385173585944	0.9978926334061295	0.6303792601304021	1.185662805213252	0.5834607886133494	6356.732270576388	2666.0862095705397	0.008251239578063434	12.538686611130956	16.22920850539853	2.155080615559557
	gen34ind1	921.2739915736352	0.07263775062099104	0.9976568058813808	0.6504071005385452	1.1855289876615005	0.5834607886133494	6369.284668505035	2722.4637771174225	0.009266111838423007	12.546798618033337	16.23508294149299	2.1639487998460343
	gen37ind15	922.0593066956612	0.07007913197552823	0.9976568058813808	0.6303792601304021	1.1846075416954274	0.5822602123381829	6402.098658272042	2449.4351720075356	0.008677944091523945	12.546798618033337	16.23508294149299	2.1639487998460343
	gen34ind7	922.3575107403245	0.07007913197552823	0.9976568058813808	0.6303792601304021	1.1846075416954274	0.5822602123381829	6402.098658272042	2389.541687325121	0.009266111838423007	12.546798618033337	16.23508294149299	2.1639487998460343
	gen36ind6	922.5493843140338	0.07712268067150568	0.9973173768710512	0.6512861609112276	1.1889793647831164	0.58627651282478	6309.916890181834	2833.7727007412473	0.006828158143762285	12.529416595011822	16.208528018916336	2.2323231317377914
	gen37ind0	922.645751755886	0.07768911058446601	0.9973658228539337	0.6874459582484347	1.1914549181479848	0.5858438057959235	6231.72051496566	2837.693007217047	0.007099033075075247	12.531427411962664	16.036257487918096	2.2323231317377914
	gen38ind3	923.35644339599	0.07059425357964498	0.9978926334061295	0.6203653399263306	1.1862029791342978	0.5826595311999276	6373.139265459891	2373.870982847513	0.0089101572299187	12.539936548321291	16.22747677513462	2.155080615559557
	gen34ind19	924.1321229800826	0.07647875907129353	0.9976754123235828	0.6874459582484347	1.1866195594134257	0.5855826072768462	6237.996713929984	2832.582261738028	0.007099033075075247	12.52226403259807	16.036257487918096	2.2323231317377914
	gen33ind13	924.3672984744176	0.07883991328691384	0.9963547915173097	0.6959514668993079	1.192429741904732	0.5858438057959235	6166.076537678135	2832.582261738028	0.007099033075075247	12.52204877829395	16.048589560466702	2.2323231317377914
	gen34ind13	924.396387392199	0.07360090632351696	0.9976568058813808	0.6303792601304021	1.1874397114248934	0.5834607886133494	6299.551093964207	2669.7034502296683	0.00834412835431294	12.546798618033337	16.16355731137268	2.198716055767396
	gen39ind6	924.446794694187	0.06691977528823799	0.9996125265817748	0.5740984079863687	1.1845652318979472	0.5800334852673729	6409.8238499352665	2422.2543257969637	0.008789918209610458	12.580385285377709	16.252786223210762	2.105627733015508
	gen34ind3	924.4970548344102	0.07725568217967343	0.9973658228539337	0.6874459582484347	1.1894804289831593	0.5858438057959235	6237.996713929984	3002.676899253231	0.007099033075075247	12.525144346858994	16.036257487918096	2.2323231317377914
	gen35ind17	924.7468760295747	0.07743263162223923	0.9973658228539337	0.7092162910257446	1.1894804289831593	0.5858438057959235	6237.996713929984	3002.676899253231	0.007099033075075247	12.525144346858994	16.036257487918096	2.2323231317377914
	gen37ind12	924.8236840843558	0.07345832828795715	0.9976568058813808	0.6789404495975615	1.183527193853336	0.5838627271650264	6309.916890181834	2885.3638593143487	0.007948276534712475	12.544298743652666	16.23854640202082	2.2051762837036213
	gen38ind15	924.8534974937745	0.07829734848565575	0.9970466606684516	0.6916987125738713	1.190586421328749	0.5867975074838243	6312.630713248991	2689.727531213913	0.007484360895943335	12.53355886844632	16.052024417400425	2.2250116662387143
	gen38ind7	924.9115647949222	0.07329349548433556	0.997679350894018	0.6504071005385452	1.1855289876615005	0.5841601556132966	6369.284668505035	2722.4637771174225	0.009266111838423007	12.546798618033337	16.265717606779276	2.1639487998460343
	gen30ind9	925.5287391255175	0.07228385173585944	0.9976568058813808	0.6303792601304021	1.187476172182987	0.5834607886133494	6356.732270576388	2582.855687122464	0.009266111838423007	12.546798618033337	16.23508294149299	2.1639487998460343
	gen33ind9	925.5702773931303	0.07642611473693896	0.9989970388974763	0.6874459582484347	1.1931172622841584	0.5863749001890906	6237.996713929984	3162.8919415465975	0.007099033075075247	12.525144346858994	16.128007242245147	2.2323231317377914
	gen37ind17	926.052486025793	0.07228385173585944	0.9975614371316437	0.6303792601304021	1.187476172182987	0.5834607886133494	6356.732270576388	2582.855687122464	0.009166290603225723	12.546798618033337	16.23508294149299	2.162120933471265
	gen36ind19	926.1180522309143	0.07228385173585944	0.9973205768681829	0.6303792601304021	1.191168007140332	0.5834607886133494	6356.732270576388	2582.855687122464	0.009286513571811036	12.537221419636502	16.13777012523763	2.1639487998460343
	gen29ind11	926.1671772877563	0.0743251850975423	0.9976568058813808	0.6412300587671731	1.187476172182987	0.5847308696711193	6356.732270576388	2582.855687122464	0.009094495511562821	12.546798618033337	16.23508294149299	2.1639487998460343
	gen38ind6	926.2976256116414	0.07631499624075624	0.9968287640393825	0.6891776116911847	1.1874222464813338	0.5847808628536634	6280.233001020233	2722.4637771174225	0.009266111838423007	12.546798618033337	16.23508294149299	2.1639487998460343
	gen31ind18	927.5762200860872	0.07712268067150568	0.9969843478549849	0.6874459582484347	1.1894804289831593	0.5858438057959235	6237.996713929984	2832.582261738028	0.007099033075075247	12.525144346858994	16.036257487918096	2.2323231317377914
	gen32ind3	927.5786137776754	0.07642611473693896	0.9976058666245636	0.6874459582484347	1.1894804289831593	0.5857398596602056	6237.996713929984	2832.582261738028	0.007099033075075247	12.525144346858994	16.036257487918096	2.2323231317377914
	gen35ind13	928.0151928522704	0.07883991328691384	0.9963588103013581	0.7012187180060763	1.1931670701351251	0.5854011913181534	6105.860206524923	2832.582261738028	0.007466321760885369	12.526308014066025	16.038549363834797	2.2213559334891757
	gen37ind18	928.0370238075852	0.07114936250861595	0.9976568058813808	0.6504071005385452	1.1815514731925068	0.5826712185737393	6369.284668505035	2807.511095875024	0.007948276534712475	12.555125879239839	16.23854640202082	2.1639487998460343
	gen32ind4	928.3505639801058	0.07712268067150568	0.9963547915173095	0.6811642103603345	1.1894804289831593	0.58627651282478	6309.916890181834	2833.7727007412473	0.006828158143762285	12.530177474772326	16.19967637805745	2.2323231317377914
	gen34ind5	928.6293816353108	0.0761366787734821	0.9976058666245636	0.7018394412665924	1.188094215874212	0.5862963277226076	6237.996713929984	2789.5531048588646	0.0054735067023511	12.508133428532213	16.02910210592791	2.246946062735946
	gen35ind7	928.7002192300047	0.07672764181090015	0.9973658228539337	0.6874459582484347	1.1894804289831593	0.5858438057959235	6231.72051496566	2932.872854255752	0.007119575057248026	12.525144346858994	16.00268560458458	2.2323231317377914
	gen35ind1	928.813340061414	0.0761366787734821	0.9977606613593882	0.7107647679593133	1.189528531117992	0.5862963277226076	6237.996713929984	2789.5531048588646	0.0054735067023511	12.508133428532213	16.001852070822263	2.246946062735946
	gen35ind4	928.9178586481042	0.07298603358827441	0.9963547915173095	0.6811642103603345	1.1894804289831593	0.5842336101901797	6381.8370664336835	2794.6708767653	0.006828158143762285	12.530177474772326	16.124098633926025	2.1896286774087432
	gen34ind0	929.0105117632626	0.0743251850975423	0.99796639535103	0.648229913515844	1.187476172182987	0.5848321762684827	6348.063580018779	2099.3624538686536	0.008374905244627355	12.55366903253338	16.17317458799264	2.1639487998460343
	gen27ind3	929.1866123033604	0.0743251850975423	0.9976407307451877	0.6470013803547163	1.1926549067333791	0.5847308696711193	6331.627474719093	2661.0593350743584	0.009094495511562821	12.546798618033337	16.23508294149299	2.1617857047535645
	gen37ind11	929.3086964131843	0.07740098691302555	0.9962932833863869	0.6773052295557136	1.190526779059165	0.5858438057959235	6178.628935606783	3073.5253914516097	0.0072536005551776745	12.509690548000254	16.001881235620253	2.259198832184593
	gen34ind16	929.7655335115353	0.07883991328691384	0.9960440321325204	0.6959514668993079	1.192429741904732	0.5856175448325815	6141.820294650848	2832.582261738028	0.0072536005551776745	12.527081906207284	16.038549363834797	2.2250116662387143
	gen36ind1	929.8471578261191	0.07972105354962619	0.9969542537342797	0.715979307307451	1.1894804289831593	0.5875074794305154	6237.996713929984	3002.676899253231	0.005425102914075658	12.525144346858994	16.03366894613275	2.2323231317377914
	gen35ind3	929.848485739624	0.07883991328691384	0.9960440321325204	0.6959514668993079	1.1934033341654753	0.5856175448325815	6141.820294650848	2832.582261738028	0.0072536005551776745	12.527081906207284	16.038549363834797	2.2250116662387143
	gen33ind10	930.0376051072736	0.07540544805609753	0.9963547915173095	0.6811642103603345	1.1894804289831593	0.585641472295895	6381.8370664336835	2794.6708767653	0.006828158143762285	12.530177474772326	16.106395352208253	2.1896286774087432
	gen37ind7	930.0697847191543	0.07740098691302555	0.9971396796784475	0.6773052295557136	1.1909550854439457	0.5858438057959235	6195.760426839735	3052.665115387793	0.0072536005551776745	12.528629690489806	16.101617081764104	2.2310931768050684
	gen38ind2	930.2427244295152	0.07647875907129353	0.9990427013166859	0.7181056844701692	1.1900070969416232	0.5867741158681332	6237.996713929984	2880.638459535227	0.0065291842779223175	12.52226403259807	16.029614925158498	2.26728865707737
	gen30ind7	930.4625679066776	0.07712268067150568	0.9963547915173095	0.6811642103603345	1.1894804289831593	0.5858438057959235	6237.996713929984	2871.684085713975	0.007099033075075247	12.525144346858994	16.129538513767294	2.2323231317377914
	gen30ind17	930.7098884669799	0.07571831696667575	0.9963976932060302	0.6473902774321485	1.1933747980261322	0.5839667622107697	6212.891918072689	2553.3660817481114	0.009649303194999924	12.546798618033337	16.094807212912677	2.2493377085041306
	gen36ind12	930.8676349092384	0.07024470937722495	0.9976568058813808	0.6079909617435724	1.1820967590684692	0.5826712185737393	6369.284668505035	2754.8056480158325	0.007948276534712475	12.544298743652666	16.234460811423908	2.1639487998460343
	gen35ind2	930.9194762775747	0.07740098691302555	0.9962932833863869	0.6773052295557136	1.1909550854439457	0.5858438057959235	6237.996713929984	2948.6621041438275	0.0072536005551776745	12.528629690489806	16.101617081764104	2.2250116662387143
	gen32ind7	931.057299808033	0.0762646511154253	0.995591841519412	0.6741643556116634	1.1807010971265917	0.5858438057959235	6354.711468580006	2454.481601734894	0.008266519724620534	12.531302104837089	16.065675856107383	2.2486849252307426
	gen33ind19	931.162151762522	0.0761366787734821	0.9976058666245636	0.6874459582484347	1.1894804289831593	0.5862963277226076	6237.996713929984	2978.6836327912997	0.006789898114870391	12.515078091032326	16.036257487918096	2.246946062735946
	gen31ind8	931.7233822410933	0.0743251850975423	0.9976568058813808	0.6412300587671731	1.187476172182987	0.5848321762684827	6356.732270576388	2477.543311802656	0.009107553332374	12.556864873860004	16.23508294149299	2.1639487998460343
	gen36ind15	932.8653124878143	0.07722403747045975	0.9962932833863869	0.667291309351642	1.191928677704689	0.5858438057959235	6231.72051496566	2948.6621041438275	0.0072536005551776745	12.528629690489806	16.101617081764104	2.2250116662387143
	gen35ind8	933.145065471481	0.07416045908349238	0.9973658228539337	0.6567862320267002	1.18774097235268	0.5846522972046364	6237.996713929984	2914.3389547087672	0.008105288716697913	12.525144346858994	16.13567021470554	2.2323231317377914
	gen36ind13	933.2740638906264	0.07820361343776171	0.9960440321325204	0.6959514668993079	1.1909993071198652	0.5856175448325815	6141.820294650848	2832.582261738028	0.006238728294818102	12.527081906207284	16.032674927740338	2.2250116662387143
	gen37ind14	933.4108957595196	0.07969404980885977	0.9965501806273346	0.7027394033979247	1.1947883947504296	0.5870353143872106	6166.076537678135	2832.582261738028	0.007099033075075247	12.52204877829395	16.048589560466702	2.2512445810855
	gen37ind3	933.4453806138798	0.0743251850975423	0.9979916126934996	0.6417373071578389	1.187476172182987	0.5849109205161724	6284.8120943245385	2477.543311802656	0.008673142000877553	12.546236303000956	16.23508294149299	2.1639487998460343
	gen35ind11	933.476788891286	0.07883991328691384	0.9960440321325204	0.6656467756495983	1.1921207200591195	0.5856175448325815	6201.18807297405	2676.5773652099238	0.0072536005551776745	12.55144762887118	16.038549363834797	2.2250116662387143
	gen33ind0	936.3205986265066	0.07669329125652184	0.9949726625801137	0.6671645008629925	1.193234208379623	0.5858619411636823	6335.733069725909	3210.8433176028984	0.009731815900113827	12.53305778903325	16.189492563108082	2.21762328514677
	gen33ind17	936.6840632865506	0.07569488401955439	0.9969843478549849	0.6874459582484347	1.1928679665113568	0.5858438057959235	6257.165004912833	2896.769304431813	0.007099033075075247	12.525144346858994	16.1209610306109	2.2323231317377914
	gen38ind10	936.8813508346486	0.07963834297538984	0.9959956894586721	0.7035463685053024	1.1894493228529184	0.5879918126852117	6178.628935606783	3212.21551101734	0.007989080001488534	12.501172076456108	16.026005664540747	2.3166059658277343
	gen33ind1	937.2861613082836	0.07571831696667575	0.9963976932060302	0.6473902774321485	1.1963448861692219	0.5849387619425552	6210.705316361667	2553.3660817481114	0.00959926621683983	12.530144095620336	16.037501748056258	2.262176239853831
	gen33ind15	937.5707046305688	0.07571831696667575	0.9963976932060302	0.6375031657167265	1.1933747980261322	0.5838654556134062	6149.434542496184	2553.3660817481114	0.00968154286137914	12.546037738272833	16.065388844723394	2.2493377085041306
	gen33ind16	937.6219134737837	0.07642049881909072	0.9969843478549849	0.6705589917843418	1.1894804289831593	0.5858438057959235	6189.484227875411	2832.582261738028	0.007099033075075247	12.525144346858994	16.01617709465429	2.2323231317377914
	gen34ind10	937.6654410853774	0.07642049881909072	0.9969843478549849	0.6705589917843418	1.1928679665113568	0.5858438057959235	6208.65251885826	2844.113116771909	0.00751954987895198	12.525144346858994	16.01617709465429	2.2323231317377914
	gen36ind3	938.2533198090217	0.07883991328691384	0.9960440321325204	0.7194144516119636	1.1958943870960193	0.5868090534238686	6141.820294650848	2832.582261738028	0.0072536005551776745	12.513068264479006	16.028183566029647	2.2708088160332243
	gen34ind6	938.3078522583934	0.07571831696667575	0.9963976932060302	0.6473902774321485	1.1963448861692219	0.5850399286925695	6210.705316361667	2553.3660817481114	0.00973470368249631	12.530144095620336	16.037501748056258	2.2835234670183553
	gen35ind16	938.400526070431	0.07571831696667575	0.9960974069574821	0.6571111880830218	1.1933747980261322	0.5843712703771267	6149.434542496184	3005.0233044404004	0.00968154286137914	12.531775395435641	16.065388844723394	2.283524874450009
	gen33ind7	938.8442758773656	0.07436252193138213	0.996440277051359	0.6787755668547315	1.174405330616798	0.5858438057959235	6358.595175951045	2863.4811123664913	0.008175854160335495	12.526666106380002	16.026081554817033	2.2785863853637482
	gen36ind0	939.7234389835346	0.07483626771185031	0.9980168300359693	0.6874459582484347	1.188478300583073	0.5858438057959235	6261.404404127261	2877.2183924438395	0.008318009922405608	12.5334549184895	16.036257487918096	2.198135965791913
	gen31ind5	939.7948976610746	0.07747021436490176	0.9942257877184094	0.6671645008629925	1.1999517216637212	0.5861133748690679	6339.806669225699	2658.88673552362	0.009325388378619192	12.535938103294175	16.179308748158714	2.179793219174424
	gen30ind11	940.3082568229576	0.07669329125652184	0.9948571329148983	0.6601687015117812	1.19873312223029	0.58574281686596	6309.189069505641	3197.6695767968977	0.00971476838081111	12.535938103294175	16.182505648048082	2.206153525765213
	gen31ind13	940.8791051730785	0.07571831696667575	0.9963976932060302	0.6473902774321485	1.1933747980261322	0.5849387619425552	6212.891918072689	2553.3660817481114	0.00968154286137914	12.540607480903251	16.065388844723394	2.2493377085041306
	gen31ind12	942.1706935057613	0.07513944503976203	0.995591841519412	0.6811642103603345	1.1807010971265917	0.5858438057959235	6318.395688610692	2454.481601734894	0.008266519724620534	12.526666106380002	16.065675856107383	2.2785863853637482
	gen34ind15	942.2845413126445	0.07747021436490176	0.9942257877184094	0.6741643556116634	1.1999517216637212	0.5861133748690679	6290.938491327736	2489.307119579158	0.008008996966099902	12.531981382207046	16.14933172348832	2.187143142469935
	gen37ind1	942.3878491309014	0.07345832828795715	0.9976568058813808	0.6504071005385452	1.1850303864534653	0.5857581668091711	6369.284668505035	2807.511095875024	0.007432362917764876	12.544298743652666	16.23854640202082	2.1639487998460343
	gen34ind2	942.4248567574422	0.07513944503976203	0.995591841519412	0.6811642103603345	1.1807010971265917	0.5858438057959235	6318.395688610692	2381.430916208258	0.008421087204722962	12.526666106380002	16.071841892381684	2.2712749198646707
	gen28ind14	942.4258239278794	0.07669329125652184	0.9949726625801137	0.6671645008629925	1.1952021681226266	0.5861638693340496	6335.733069725909	3210.8433176028984	0.009731815900113827	12.535938103294175	16.179308748158714	2.21762328514677
	gen35ind10	942.8676512338122	0.07569488401955439	0.9984423788721537	0.6811642103603345	1.1894804289831593	0.585085004233493	6309.916890181834	3055.1649016412243	0.006828158143762285	12.544515978751823	16.281296902613104	2.178660071728473
	gen33ind4	943.8886152458233	0.07747021436490176	0.9942257877184094	0.6671645008629925	1.1999517216637212	0.5861133748690679	6339.806669225699	2519.2786455286614	0.009325388378619192	12.546765238881346	16.208583610656007	2.1883005075575936
	gen29ind12	943.9119554686116	0.07669329125652184	0.9948410577787052	0.6753844681462681	1.1937718435157012	0.58574281686596	6271.2487087868585	3197.6695767968977	0.009471262810335513	12.535938103294175	16.182505648048082	2.21762328514677
	gen33ind5	945.5795853976982	0.07579085339347091	0.995273208714046	0.6833074493881486	1.1785930601841428	0.58627651282478	6309.916890181834	2125.2821629986756	0.007451338640240234	12.530177474772326	16.051110177704736	2.2323231317377914
	gen35ind9	945.710220616825	0.07669329125652184	0.9946578844112761	0.6671645008629925	1.1952021681226266	0.5861638693340496	6299.772981599985	3210.8433176028984	0.009731815900113827	12.532647647196246	16.18547478443302	2.2212790178963084
	gen33ind2	945.9756435562076	0.07228385173585944	0.9997670162291004	0.6293216689404284	1.187496947404504	0.5834607886133494	6426.465845117216	2824.2153180082123	0.007761588899928564	12.555343114338996	16.29204289321065	2.1639487998460343
	gen30ind13	946.1977310137271	0.07669329125652184	0.9942257877184094	0.6671645008629925	1.1934163484691664	0.5861638693340496	6335.733069725909	2658.88673552362	0.008589639321483513	12.535938103294175	16.179308748158714	2.21762328514677
	gen36ind5	946.5681280726762	0.07228385173585944	0.999581976588864	0.5814739598689593	1.186474043782901	0.5815471117439137	6380.139960773666	2824.2153180082123	0.008130860308970443	12.555343114338996	16.35219894999821	2.1297616339001557
	gen32ind11	947.4687024602489	0.07513944503976203	0.995389001419194	0.6811642103603345	1.1807629562880857	0.5863620874807192	6375.576865222873	2454.481601734894	0.009060459530450805	12.531302104837089	16.09056097330309	2.2785863853637482
	gen34ind14	947.6199930963749	0.07669329125652184	0.9949726625801137	0.6745581291324791	1.1952021681226266	0.5861638693340496	6263.81289347406	3210.8433176028984	0.009731815900113827	12.531873755054987	16.179308748158714	2.21762328514677
	gen39ind3	947.7209249067524	0.06881397244833798	0.9982088337760464	0.6018459110713859	1.185662805213252	0.5834607886133494	6356.732270576388	2361.335399916011	0.008251239578063434	12.538686611130956	16.22920850539853	2.1208934496136784
	gen32ind10	948.044305423841	0.07436252193138213	0.9959600902510757	0.6755959428679246	1.1807010971265917	0.5858438057959235	6318.395688610692	2863.4811123664913	0.007746399506663629	12.526666106380002	16.026081554817033	2.2785863853637482
	gen39ind4	948.9204687940011	0.07240837113141582	0.9978524469835455	0.6436684869937593	1.184506024406326	0.5855826072768462	6237.996713929984	2832.582261738028	0.006526528405682448	12.508920333054231	16.028086306724273	2.1601072480901724
	gen36ind7	948.9275036179704	0.07412295613749835	0.9962932833863869	0.6445191261712607	1.1909550854439457	0.5846522972046364	6237.996713929984	2823.7988168360453	0.008337139936851555	12.5410046103595	16.101617081764104	2.1908245002928357
	gen35ind12	948.9538210195097	0.07425306842561018	0.9963976932060302	0.6375031657167265	1.192372669626046	0.5838654556134062	6204.467975540581	2553.3660817481114	0.00968154286137914	12.560300081110025	16.065388844723394	2.215150542558252
	gen36ind2	949.5300526012213	0.07298603358827441	0.9970057986993452	0.6811642103603345	1.1867531120222652	0.585641472295895	6381.8370664336835	2794.6708767653	0.006828158143762285	12.543417224359345	16.124098633926025	2.1401757948646947
	gen36ind9	950.4069276751299	0.06769433123364321	0.9986539302552855	0.5975931567459493	1.185221383282793	0.5822552600076625	6356.732270576388	2579.565061335601	0.009307195802768566	12.561586151902876	16.16793917482596	2.167604532595573
	gen31ind16	950.7517707497931	0.07513944503976203	0.9949622851817368	0.6811642103603345	1.1721956286624524	0.5858438057959235	6263.10150978728	3476.8857567868145	0.007902759607381571	12.526666106380002	16.10012014557801	2.277426205412781
	gen36ind8	951.2840630859278	0.07228385173585944	0.999581976588864	0.5783330859249092	1.186474043782901	0.5820529265076341	6416.100048899591	2824.810537509822	0.007550399380107318	12.557859678295662	16.332706822782896	2.1639487998460343
	gen33ind14	952.1602314706416	0.07613106285563385	0.9949622851817368	0.6811642103603345	1.1850907630548755	0.5858438057959235	6207.807330963868	3477.936899694623	0.00773300966750778	12.526666106380002	16.129538513767294	2.2932834170914616
	gen32ind12	952.2433006654365	0.07479923557759907	0.9945769555462597	0.6811642103603345	1.1807010971265917	0.5850487334979755	6207.807330963868	2769.4463619520516	0.00773300966750778	12.526666106380002	16.129538513767294	2.3006333403869723
	gen33ind3	953.2688128117308	0.07542888100321889	0.9963976932060302	0.6473902774321485	1.1933747980261322	0.5854952300049574	6212.891918072689	2553.3660817481114	0.00968154286137914	12.540607480903251	16.065388844723394	2.2493377085041306
	gen32ind9	953.3197892394427	0.07513944503976203	0.9946314679188455	0.6801367588978345	1.1932926301461786	0.5853255241111279	6193.367935246451	2871.684085713975	0.0073551204316348396	12.522030107922916	16.129538513767294	2.3304123477734535
	gen29ind4	953.5151172584639	0.07513944503976203	0.9949622851817368	0.6811642103603345	1.1807010971265917	0.5858438057959235	6263.10150978728	2871.684085713975	0.007999764696064157	12.526666106380002	16.129538513767294	2.2932834170914616
	gen34ind9	953.7122487083842	0.07571831696667575	0.9963976932060302	0.6473902774321485	1.1943977016477354	0.585927937033814	6210.705316361667	2553.3660817481114	0.00959926621683983	12.530144095620336	16.037501748056258	2.262176239853831
	gen33ind6	954.2962903664554	0.07448857149619065	0.9942257877184094	0.6621517124056208	1.1895533504993465	0.5855288288051647	6352.359067154346	2658.88673552362	0.00894300004329538	12.535938103294175	16.179308748158714	2.162788619895067
	gen31ind17	954.577347168014	0.07675138898646103	0.9977449535558522	0.6535465768403301	1.2031078686381211	0.5849723607427626	6246.143912929563	3417.260655080626	0.009365775352489676	12.546004359120843	16.362808256812816	2.193342863301461
	gen33ind18	954.6797287674367	0.07669329125652184	0.9949726625801137	0.6671645008629925	1.1952021681226266	0.5871879657825656	6333.546468014889	3210.8433176028984	0.009649539255574517	12.52547471801126	16.151421651491574	2.21762328514677
	gen32ind17	954.9662289340175	0.07747021436490176	0.9933426750748171	0.6671645008629925	1.1999106377237445	0.5866698429314701	6352.359067154346	2658.88673552362	0.008990008425593355	12.535938103294175	16.03325550844667	2.179793219174424
	gen31ind0	956.0131270837903	0.07669329125652184	0.9942257877184094	0.6923007453451543	1.1934163484691664	0.5868803691655148	6352.359067154346	2658.88673552362	0.00894300004329538	12.535938103294175	16.179308748158714	2.189625862545435
	gen30ind10	956.9367956006095	0.07513944503976203	0.9946314679188455	0.6857050263902444	1.1932926301461786	0.5858438057959235	6237.996713929984	2871.684085713975	0.0073551204316348396	12.526666106380002	16.129538513767294	2.27858357050044
	gen30ind5	958.560254660341	0.07482291963561048	0.9949622851817368	0.6902846429394113	1.1724182956993205	0.5861045829460092	6266.375350311166	2930.3368216778954	0.008494920154613823	12.526666106380002	16.051271508911405	2.331295756594227
	gen31ind2	958.9531615451101	0.07513944503976203	0.9949622851817368	0.6811642103603345	1.1807010971265917	0.5858438057959235	6207.807330963868	3288.886569693056	0.00773300966750778	12.526666106380002	16.129538513767294	2.2932834170914616
	gen32ind6	959.7720691030854	0.07513944503976203	0.9946314679188455	0.6748049623867207	1.1932926301461786	0.5858438057959235	6237.996713929984	2953.262077180902	0.007407610417276804	12.526666106380002	16.036257487918096	2.27858357050044
	gen29ind17	961.2326939511869	0.07571831696667575	0.9963976932060302	0.6286665629909728	1.1807168096702048	0.5834607886133494	6212.891918072689	2661.0593350743584	0.00939034796965786	12.546798618033337	16.421644993191386	2.2493377085041306
	gen36ind10	963.6395690805226	0.0743251850975423	0.9976875599468422	0.6431595491694835	1.1867388439525937	0.5848321762684827	6392.692358702313	2420.098610101366	0.009107553332374	12.556864873860004	16.284112589639662	2.1639487998460343
	gen30ind14	964.6603569627508	0.07623485297656839	0.9963976932060302	0.6286665629909728	1.1807168096702048	0.5841772884448145	6229.5179155011265	3064.1650158644616	0.009743708691469729	12.541368360663757	16.421644993191386	2.2213402859027958
	gen34ind8	965.2404096612167	0.07056661912045128	0.9997670162291004	0.5983609263330523	1.187476172182987	0.5827218019487465	6429.745747683748	2824.2153180082123	0.008130860308970443	12.563670375545495	16.333873538211357	2.1639487998460343
	gen33ind11	965.4160083079115	0.07780309959583158	0.9977550071259391	0.6838775870533771	1.1885977882239906	0.5874339503918196	6232.896129067649	3719.5378121483654	0.006308844346045826	12.534416343773167	16.362808256812816	2.2664397782659487
	gen30ind4	966.7372050647974	0.07980098369004146	0.9992442095413487	0.6518024518451258	1.2076134143444497	0.5855077292774555	6130.463515587353	2898.8617060516826	0.00474709503765817	12.576224049949715	16.992715218317276	2.1401898743937338
	gen27ind5	966.7611760639088	0.07669329125652184	0.9963976932060302	0.6753844681462681	1.1937718435157012	0.5861638693340496	6271.2487087868585	3417.260655080626	0.009471262810335513	12.535938103294175	16.362808256812816	2.21762328514677
	gen29ind13	966.7667287006212	0.07513944503976203	0.9949622851817368	0.6846721581670232	1.2004119383053373	0.5858438057959235	6212.891918072689	3382.5266401283056	0.009866693123853163	12.538856028908395	16.074558176162427	2.21762328514677
	gen31ind19	967.4636326190471	0.07780309959583158	0.9977550071259391	0.6768777323047062	1.202475834724625	0.5874339503918196	6271.2487087868585	3871.462677220037	0.007020158731664636	12.534416343773167	16.362808256812816	2.21762328514677
	gen34ind4	968.0395119178274	0.07228385173585944	0.9976568058813808	0.620238531437681	1.1903370417527206	0.5836208203824125	6405.600448474351	2771.9862150548993	0.009266111838423007	12.552195496250928	16.3066085716133	2.1565988765505235
	gen29ind0	969.1655133056521	0.07675138898646103	0.9963976932060302	0.6789390519552964	1.1997203311099236	0.5861638693340496	6246.143912929563	3417.260655080626	0.008732601781310252	12.535938103294175	16.362808256812816	2.193342863301461
	gen32ind15	969.253232588151	0.07531118699556588	0.9979023246192014	0.6286665629909728	1.1930559363197326	0.5841744016087171	6212.891918072689	2555.74695975455	0.008895567877650506	12.556864873860004	16.421644993191386	2.190938775630693
	gen32ind16	969.6781451830391	0.07494750629192898	0.9976407307451877	0.6470013803547163	1.2013381227207858	0.5847308696711193	6241.2751147075405	2662.1456348497277	0.009094495511562821	12.546798618033337	16.356251064009328	2.1617857047535645
	gen28ind3	970.7178642125247	0.07980098369004146	0.9992442095413487	0.6681528118423365	1.2076134143444497	0.5863766349152119	6133.970781221466	3569.4633793531807	0.00474709503765817	12.562781463149813	16.843050325336478	2.0645297424490416
	gen32ind2	971.2813530062061	0.0785800227042115	0.9970719802254377	0.6768777323047062	1.202475834724625	0.5879522320766152	6271.2487087868585	3973.6652441144	0.00735839889100206	12.534416343773167	16.362808256812816	2.1731430237376133
	gen32ind8	971.5614540647248	0.07738985719108857	0.9942257877184094	0.6671645008629925	1.192116270418134	0.5862986538706219	6386.638047373766	2633.8817147366503	0.008589639321483513	12.541334981511765	16.272589774007912	2.1913583288650864
	gen30ind16	971.8131807028209	0.07669329125652184	0.9977550071259391	0.6862352667830389	1.1937718435157012	0.5874339503918196	6271.2487087868585	3871.462677220037	0.00783187016032134	12.534416343773167	16.362808256812816	2.21762328514677
	gen32ind13	972.1060775213846	0.07634746587651065	0.9942257877184094	0.6430589162061258	1.192116270418134	0.5848123289736995	6335.733069725909	2633.8817147366503	0.008589639321483513	12.54212924042426	16.302008142197195	2.21762328514677
	gen31ind15	974.9262470835528	0.07738985719108857	0.9942257877184094	0.6671645008629925	1.192116270418134	0.5861638693340496	6335.733069725909	2633.8817147366503	0.008589639321483513	12.535938103294175	16.272589774007912	2.21762328514677
	gen34ind18	975.3470179277866	0.07228385173585944	0.9980769767760233	0.5942193120625185	1.187476172182987	0.5830770391546278	6413.913447188569	2824.2153180082123	0.009207411273182938	12.56577312046992	16.3066085716133	2.1639487998460343
	gen26ind11	975.9678018070473	0.07669329125652184	0.9963976932060302	0.6835647461055392	1.2004119383053373	0.5860925369675725	6212.891918072689	3517.2807382285037	0.009471262810335513	12.538856028908395	16.311244652058768	2.21762328514677
	gen33ind8	976.1347613976018	0.07571831696667575	0.9963976932060302	0.6412346852320536	1.1933747980261322	0.5847308696711193	6219.168117037012	2661.0593350743584	0.008025880337686515	12.546798618033337	16.421644993191386	2.2493377085041306
	gen23ind14	976.3293844820703	0.07571831696667575	0.9963976932060302	0.6470013803547163	1.1817013884888494	0.5847308696711193	6212.891918072689	2661.0593350743584	0.008567384961186057	12.546798618033337	16.314051711112256	2.30568231515651
	gen30ind3	977.4798462689023	0.07669329125652184	0.9963976932060302	0.6661710325148229	1.201184641984896	0.5862093375958108	6271.2487087868585	3417.260655080626	0.009471262810335513	12.549649785343576	16.362808256812816	2.205751513201347
	gen24ind12	977.953693786214	0.07571831696667575	0.9958585820429221	0.6470013803547163	1.1979805155479288	0.5847308696711193	6212.891918072689	2661.0593350743584	0.008567384961186057	12.546798618033337	16.393020480731515	2.30568231515651
	gen26ind5	978.1957878246353	0.0743251850975423	0.9958585820429221	0.6470013803547163	1.1785363531658335	0.5847308696711193	6336.265783268825	2661.0593350743584	0.009094495511562821	12.546798618033337	16.23508294149299	2.30568231515651
	gen31ind14	978.324079608929	0.07839811853298614	0.9963976932060302	0.6267953691368436	1.1900547506313142	0.5847308696711193	6212.891918072689	2611.0492935004195	0.008025880337686515	12.545276858512327	16.722194126747638	2.231931765174701
	gen30ind15	979.0740007024374	0.07571831696667575	0.9981770862908584	0.6286665629909728	1.1933747980261322	0.5854899509282484	6212.891918072689	3201.343612269078	0.006493562273079466	12.546798618033337	16.421644993191386	2.151704722265773
	gen31ind7	979.4609749974505	0.07571831696667575	0.9963976932060302	0.6286665629909728	1.1937555188940259	0.5847308696711193	6212.891918072689	2659.973035298989	0.007773452242646861	12.546798618033337	16.421644993191386	2.2772564987007335
	gen28ind19	980.268700891673	0.07968478823016308	0.9991827058771757	0.643258992646458	1.2076134143444497	0.5872710317866592	6162.682326358098	3413.056083449392	0.006224417095708694	12.54375509899132	16.836181208605495	2.1269738180947044
	gen28ind7	980.4751164025548	0.07973974140533992	0.9991505556047895	0.6654455425866272	1.217970883445234	0.5872710317866592	6112.4727346435075	3569.4633793531807	0.003926952126251568	12.54375509899132	16.772928224742913	2.1217609885055926
	gen31ind3	980.5121901819082	0.07669329125652184	0.99421150144103	0.669107043000423	1.1937718435157012	0.58574281686596	6271.2487087868585	3197.6695767968977	0.00893695522339736	12.535938103294175	16.27578667389728	2.260317739475818
	gen29ind18	982.0439784857479	0.07968478823016308	0.9991827058771757	0.6379370392639168	1.2076134143444497	0.5872710317866592	6162.682326358098	3413.056083449392	0.006224417095708694	12.54375509899132	16.836181208605495	2.1274171377967903
	gen28ind2	982.1671279947838	0.07571831696667575	0.9963976932060302	0.6286665629909728	1.1900547506313142	0.5847308696711193	6212.891918072689	2611.0492935004195	0.008025880337686515	12.546798618033337	16.421644993191386	2.2493377085041306
	gen27ind1	982.253693873342	0.07571831696667575	0.9963976932060302	0.6286665629909728	1.1933747980261322	0.5847308696711193	6212.891918072689	2661.0593350743584	0.008025880337686515	12.546798618033337	16.421644993191386	2.2493377085041306
	gen26ind19	982.65290494662	0.07980098369004146	0.9991505556047895	0.6503681602645146	1.2076134143444497	0.5872710317866592	6112.4727346435075	3569.4633793531807	0.00474709503765817	12.54375509899132	16.836181208605495	2.122647627909765
	gen28ind9	982.8225403373087	0.07980098369004146	0.9991123210458479	0.6503681602645146	1.2195103895328943	0.5872710317866592	6112.4727346435075	3569.4633793531807	0.00474709503765817	12.54375509899132	16.836181208605495	2.078412974404087
	gen29ind16	983.7743551537941	0.07916793288173837	0.9991505556047895	0.6700433170032793	1.1910478114899075	0.587344832897158	6086.801604920534	3686.768851281022	0.005737405954757501	12.535879268170355	16.836181208605495	2.1405544214545733
	gen27ind4	983.9571697759202	0.0795775586593442	0.9991505556047895	0.6548016358215446	1.217970883445234	0.5872710317866592	6112.4727346435075	3569.4633793531807	0.003926952126251568	12.54375509899132	16.836181208605495	2.122647627909765
	gen28ind11	983.964781473949	0.07901633044459047	0.9998794943872082	0.6547641538445317	1.2072205916032481	0.5870571566975995	6163.814994089453	3569.4633793531807	0.004268534715883773	12.56282327689398	16.782384567565934	2.1823623041727203
	gen28ind10	984.2332084576332	0.07917256184768708	0.9991505556047895	0.6683685725328905	1.1976908569152722	0.587344832897158	6086.801604920534	3686.768851281022	0.005737405954757501	12.535879268170355	16.836181208605495	2.1503566565599033
	gen31ind9	984.2591825141731	0.07968478823016308	0.9982995932335834	0.6717782243460939	1.207572330404473	0.5878274998490614	6175.234724286745	3518.3684587692005	0.005889037142682857	12.54375509899132	16.836181208605495	2.1269738180947044
	gen27ind10	984.5516878606285	0.07917256184768708	0.9991505556047895	0.6683685725328905	1.1976908569152722	0.587344832897158	6112.4727346435075	3569.4633793531807	0.005737405954757501	12.545413357121685	16.836181208605495	2.180213994691381
	gen28ind1	984.9455972394022	0.07922927569206084	0.9991505556047895	0.6548016358215446	1.2145810521385232	0.5871187259603623	6112.4727346435075	3569.4633793531807	0.004239925312320482	12.538324841621737	16.719741257500672	2.138504839588445
	gen30ind1	986.6285678527555	0.07847599591312035	0.9997801119424647	0.6746503204209906	1.1947415439936995	0.587344832897158	6086.801604920534	3647.667027305075	0.005737405954757501	12.535879268170355	16.742900182756298	2.107662202230855
	gen28ind13	987.6109355185322	0.07788303986657534	0.999820673800905	0.6548016358215446	1.217970883445234	0.5872710317866592	6157.56574374225	3569.4633793531807	0.005344943814875915	12.54375509899132	16.836181208605495	2.122647627909765
	gen29ind6	987.6308428536111	0.07793793364529522	0.9963976932060302	0.628675208475483	1.2107827804439797	0.5860464189906505	6171.654347131242	2661.0593350743584	0.008025880337686515	12.546798618033337	16.421644993191386	2.2493377085041306
	gen31ind10	988.5550013298662	0.07980098369004146	0.9992442095413487	0.6518024518451258	1.2076134143444497	0.5868232785969868	6080.253923872762	3569.4633793531807	0.004619051359378373	12.575463170189211	16.992715218317276	2.0645297424490416
	gen27ind17	988.6004362015668	0.07798837185970817	0.9999437949319807	0.6291773873225119	1.2026813841507487	0.586616083207641	6212.891918072689	3100.241491641815	0.008845316438197685	12.546798618033337	16.627119730535814	2.185908861789409
	gen27ind8	989.4947990361919	0.07980098369004146	0.9992442095413487	0.6518024518451258	1.2076134143444497	0.5868232785969868	6080.253923872762	3569.4633793531807	0.00474709503765817	12.576224049949715	16.992715218317276	2.0645297424490416
	gen29ind8	989.9226200865234	0.07980098369004146	0.9992442095413487	0.6518024518451258	1.211576296802757	0.5868232785969868	6080.253923872762	3594.46840014015	0.00474709503765817	12.576224049949715	16.97840296208734	2.0927020457752312
	gen30ind18	990.2591728894307	0.07958401669173697	0.9993793592592717	0.6518024518451258	1.2076134143444497	0.5868232785969868	6080.253923872762	3569.4633793531807	0.0036028578461936626	12.576224049949715	16.992715218317276	2.010138098924263
	gen27ind7	990.3513728204226	0.07738985719108857	0.9999437949319807	0.6306408244361741	1.200551506129123	0.5864684809866434	6212.891918072689	3100.241491641815	0.008845316438197685	12.546798618033337	16.595688159022462	2.185908861789409
	gen28ind4	990.3567277956521	0.07738985719108857	0.9991651307168865	0.6306408244361741	1.197888701721848	0.5864684809866434	6272.259696395891	3100.241491641815	0.009108871713386067	12.546798618033337	16.595688159022462	2.185908861789409
	gen30ind12	990.4029284785106	0.07827702296291641	0.9991505556047895	0.6654455425866272	1.217970883445234	0.5872710317866592	6112.4727346435075	3569.4633793531807	0.003926952126251568	12.54375509899132	16.772928224742913	2.1217609885055926
	gen29ind14	990.4329226302585	0.07746546027612936	0.9991651307168865	0.6291773873225119	1.2026813841507487	0.586616083207641	6281.231717169034	3100.241491641815	0.00936245657605491	12.546798618033337	16.627119730535814	2.185908861789409
	gen31ind6	990.6881585085189	0.07997422419361994	0.9991827058771757	0.6116882155792359	1.2076134143444497	0.586714563724257	6137.577530500803	3307.743708129584	0.006224417095708694	12.553821354817988	16.836181208605495	2.105444283503125
	gen28ind8	990.9037642852877	0.07669329125652184	0.9963733934927619	0.6470013803547163	1.2067123875492363	0.585055735195919	6096.17833664435	2846.079635798159	0.009805040024858828	12.552634469261776	16.413592179895105	2.280968325443953
	gen25ind11	992.3781967785983	0.07948662106268836	0.9989662904415255	0.6448591596722872	1.2171082570764793	0.5872710317866592	6112.4727346435075	3413.056083449392	0.00474709503765817	12.559506760633246	16.896237292578714	2.098017444614747
	gen29ind19	992.4073547192622	0.07833063774832585	0.9992034576142768	0.6654455425866272	1.2279660673938868	0.5872710317866592	6062.263142928917	3976.3345985074084	0.001606735708784324	12.54375509899132	16.994508588679903	2.1217609885055926
	gen27ind11	992.4996444621961	0.07762224811084534	0.9998794943872082	0.6459302700135018	1.2104563597439286	0.5871820962416703	6112.4727346435075	3413.056083449392	0.006727716871856831	12.56282327689398	16.42886829972889	2.1770513429187215
	gen30ind8	993.0474694836257	0.07896281829696	0.9984328515926428	0.6654455425866272	1.2114355102506793	0.5871110000175961	6108.399135143718	3569.4633793531807	0.003926952126251568	12.54375509899132	16.65629335322015	2.1217609885055926
	gen28ind12	994.3785784699436	0.0795775586593442	0.9991085438046214	0.6343611368446982	1.2213752100941895	0.5877533416516727	6087.93427265189	3569.4633793531807	0.003926952126251568	12.54375509899132	16.98837209603668	2.10501713742274
	gen31ind4	994.9348210667838	0.07245964347345163	0.9941993351838394	0.680149743420692	1.1706324760458604	0.5845737247381536	6263.10150978728	2871.684085713975	0.00943480390399122	12.52818786590101	16.17101061978896	2.3117709079671265
	gen29ind5	995.1653312682039	0.07799396075391606	0.9995109640606803	0.6558683314687763	1.2323900679880768	0.5855729746072986	6177.003834980118	3222.0780099856756	0.00783097698752231	12.61173651995013	16.782250210720854	2.1013875142253235
	gen39ind12	995.5031493257659	0.06375620739479324	0.9995192451536428	0.5858299003426966	1.1860625754586898	0.5802751813980708	6380.139960773666	2824.2153180082123	0.008789918209610458	12.555343114338996	16.35786063667585	2.1227213159884473
	gen28ind18	995.9281170524852	0.07513944503976203	0.9949622851817368	0.6811642103603345	1.2004119383053373	0.5858438057959235	6212.891918072689	3517.2807382285037	0.007999764696064157	12.538856028908395	16.311244652058768	2.21762328514677
	gen32ind19	996.1251970038596	0.07600775293013261	0.9963976932060302	0.6211414537474677	1.1933747980261322	0.5849387619425552	6212.891918072689	2448.053706428303	0.00969460068219032	12.55067373672992	16.21144208443544	2.2493377085041306
	gen30ind0	996.3981905997499	0.07603252788785295	0.9964445201743098	0.6203835026470904	1.1807168096702048	0.5832000114632638	6212.891918072689	2661.0593350743584	0.008895192511108194	12.566971008923018	16.499911998047274	2.2493377085041306
	gen33ind12	996.5167779003392	0.07571831696667575	0.9957466860239945	0.6286665629909728	1.1943769264262185	0.585453037949268	6212.891918072689	2661.0593350743584	0.006886182743380657	12.546798618033337	16.403941711473614	2.2493377085041306
	gen29ind7	996.6436112464885	0.07571831696667575	0.9980436799869639	0.6378886441069282	1.1900547506313142	0.5860009507288892	6212.891918072689	2611.0492935004195	0.005959248782888114	12.52904238303313	16.611598865197085	2.2493377085041306
	gen28ind0	998.0857912095718	0.0753710082646999	0.9958585820429221	0.6470013803547163	1.1979805155479288	0.5847308696711193	6194.947876526403	2661.0593350743584	0.00806021523584837	12.579267568991733	16.393020480731515	2.30568231515651
	gen29ind1	998.5042017408895	0.07772902918600783	0.9972350132423018	0.6470013803547163	1.2119385819548887	0.5860009507288892	6162.682326358098	3140.2663780007388	0.006517920855468583	12.545276858512327	16.56866209650728	2.2418939551572405
	gen26ind16	998.7104236969712	0.07729375445575648	0.9995109640606803	0.6558683314687763	1.2262102770673073	0.5855729746072986	6177.003834980118	3100.241491641815	0.00783097698752231	12.61173651995013	16.782250210720854	2.1013875142253235
	gen29ind3	998.739870978921	0.07735185218569568	0.9995417158927669	0.6558683314687763	1.2262102770673073	0.5855729746072986	6177.003834980118	3100.241491641815	0.007092315958497048	12.61173651995013	16.782250210720854	2.1013875142253235
	gen27ind9	999.1831133819697	0.07993685512495613	0.9994228794474532	0.6006780571762643	1.22621762268302	0.5879032996784347	6203.615300973226	3632.647161733121	0.004670434219150701	12.547835058176371	16.775912850878807	2.041997632332931
	gen26ind17	999.2909443521786	0.07669329125652184	0.9999437949319807	0.6306408244361741	1.200551506129123	0.5864684809866434	6212.891918072689	3100.241491641815	0.008845316438197685	12.546798618033337	16.5167193894032	2.185908861789409
	gen27ind14	999.5768279090232	0.07926283672143183	0.9998871514756433	0.6386813488893246	1.2287183339138381	0.5866738923022905	5857.29499264958	3978.605804776729	0.008078743017985005	12.510348771691218	16.779443151667365	2.121086349411341
	gen26ind2	1000.0260847663444	0.07605083915452779	0.9998719399047553	0.6470013803547163	1.2054953388657386	0.5869373625077706	6212.891918072689	3100.241491641815	0.009471262810335513	12.546798618033337	16.653561031797175	2.217213008145154
	gen32ind1	1000.0813115016512	0.07571831696667575	0.9955145805624379	0.6286665629909728	1.1933337140861555	0.5856693914636962	6225.444316001336	2820.2183370572902	0.008025880337686515	12.546798618033337	16.439010643618694	2.2639606395022853
	gen26ind7	1000.4084084545611	0.07928345246289449	0.9995256735576861	0.6364232848527355	1.2393120656124426	0.5870344940206726	6112.4727346435075	3813.136416040902	0.004935128566850059	12.57117846309012	16.785057269774338	2.0401046976548316
	gen27ind13	1000.7035296148434	0.07792247971046266	0.9998794943872082	0.6426837481518464	1.2072205916032481	0.5870571566975995	6163.814994089453	3334.852435497498	0.006727716871856831	12.56282327689398	16.662138042774416	2.1823623041727203
	gen29ind10	1001.1953316205064	0.07981024162193887	0.9973695392579967	0.655930667839839	1.2327964803836235	0.5864193615419209	6112.4727346435075	3732.6615618196865	0.004935128566850059	12.57117846309012	16.589038875252925	2.0859558660968247
	gen30ind6	1001.5621564955327	0.07973974140533992	0.9994569380596379	0.6700807807230993	1.217970883445234	0.5891761533733141	6112.4727346435075	3945.461753540698	0.0023439866892769855	12.54375509899132	16.772928224742913	2.0608007031519224
	gen32ind0	1001.7882263061538	0.07513944503976203	0.9918608536635001	0.711577818429141	1.1962627182892684	0.5875535960720062	6237.996713929984	2789.019794471679	0.0073551204316348396	12.526666106380002	16.129538513767294	2.2914221018501406
	gen29ind9	1002.564638450332	0.07513944503976203	0.994627226083679	0.6811642103603345	1.2004119383053373	0.5858438057959235	6190.345413523318	3517.2807382285037	0.007999764696064157	12.538856028908395	16.279618160127477	2.217179965444684
	gen22ind11	1002.8525696721542	0.07792247971046266	0.9994370639004972	0.6448591596722872	1.2171082570764793	0.5870344940206726	6112.4727346435075	3413.056083449392	0.00474709503765817	12.559506760633246	16.785057269774338	2.098017444614747
	gen25ind17	1004.1703175573508	0.07729375445575648	0.9995109640606803	0.652912681097423	1.2262102770673073	0.5861610786196676	6188.966529344309	2943.8341957380267	0.009711023260262883	12.594326600177835	16.62431267148233	2.179239852120964
	gen28ind15	1004.1913501094959	0.07981024162193887	0.9985210713513932	0.6470186713237368	1.2327964803836235	0.5873619683101817	6112.4727346435075	3952.252640103415	0.004935128566850059	12.57117846309012	16.785057269774338	2.098017444614747
	gen25ind6	1004.3018414271344	0.07928345246289449	0.9989176910149888	0.6364232848527355	1.230330465286773	0.5870344940206726	6112.4727346435075	3813.136416040902	0.004935128566850059	12.57117846309012	16.785057269774338	2.098017444614747
	gen26ind6	1004.7107582718218	0.07739930041488818	0.9989176910149888	0.6364232848527355	1.230330465286773	0.5857644129629027	6162.682326358098	3437.1380418533854	0.006845273528614002	12.57117846309012	16.49396447904111	2.2018498798856285
	gen30ind2	1005.6280463194113	0.07821578067821489	0.9993632841230786	0.6518024518451258	1.2076134143444497	0.5868232785969868	6055.149128015467	3945.461753540698	0.00474709503765817	12.574702290428707	16.992715218317276	2.0645297424490416
	gen24ind4	1006.262170008644	0.07792247971046266	0.9998794943872082	0.6448591596722872	1.2072205916032481	0.5870344940206726	6112.4727346435075	3413.056083449392	0.006727716871856831	12.56282327689398	16.662138042774416	2.1506478808153595
	gen29ind2	1006.4640081558432	0.07981024162193887	0.9985210713513932	0.6470186713237368	1.2372083356677237	0.5886320493679517	6112.4727346435075	3593.545337757174	0.0035774928563638312	12.553422228089914	16.99336236628867	2.0065001009913743
	gen27ind6	1006.6702238238593	0.07879596531797145	0.9989176910149888	0.6364232848527355	1.230330465286773	0.5870344940206726	6112.4727346435075	3813.136416040902	0.004935128566850059	12.5682605374759	16.785057269774338	2.098017444614747
	gen27ind15	1008.1633406993896	0.07771422268308001	0.9963004943529565	0.6519286379663395	1.200551506129123	0.5868228198701353	6241.441456521608	3156.6287043977263	0.006258512134314128	12.546798618033337	16.469182191297293	2.1841355829810647
	gen21ind4	1008.4659094331964	0.07669329125652184	0.9963004943529565	0.652999748307554	1.200551506129123	0.5864684809866434	6274.063263065043	3100.241491641815	0.009471262810335513	12.546798618033337	16.469182191297293	2.21762328514677
	gen24ind15	1008.5216701766805	0.0770996284561096	0.9963004943529565	0.652999748307554	1.200551506129123	0.5864684809866434	6241.441456521608	3100.241491641815	0.0077971737108151265	12.546798618033337	16.469182191297293	2.21762328514677
	gen22ind3	1008.6858355144749	0.07926283672143183	0.9998845410544792	0.6206809366209487	1.2382517414096703	0.5870344940206726	5857.29499264958	3978.605804776729	0.007112396459973224	12.502854662332414	16.779443151667365	2.04150522512729
	gen32ind14	1009.8298407346466	0.07723575179288025	0.9964191440503906	0.6024263847908021	1.2127299649654661	0.5860464189906505	6159.1019492025935	2661.0593350743584	0.008489303968992149	12.546798618033337	16.421644993191386	2.2493377085041306
	gen26ind9	1011.4343213148788	0.07669329125652184	0.9992826695577164	0.6573505713484358	1.2149049223351045	0.5864231556327897	6138.756937629718	3256.6487875456037	0.008195405706972308	12.572220867235952	16.56425658750911	2.154194438432048
	gen26ind10	1011.4734155390729	0.07887909179555411	0.9994228794474532	0.6088583351355354	1.22621762268302	0.5879032996784347	6203.615300973226	3413.056083449392	0.004795023755833269	12.547835058176371	16.635094626923703	2.017889094350619
	gen26ind18	1011.5068405221235	0.07669329125652184	0.9963733934927619	0.6470013803547163	1.213831695708395	0.586325816253689	6096.17833664435	3300.2816579375703	0.009805040024858828	12.552634469261776	16.413592179895105	2.21762328514677
	gen24ind3	1011.9866938707873	0.07669329125652184	0.9947879012322449	0.6470013803547163	1.1842708673107492	0.5861732765446481	6308.494665050833	2777.189992581473	0.009471262810335513	12.546798618033337	16.469182191297293	2.21762328514677
	gen28ind6	1012.8750011249892	0.07771422268308001	0.9963004943529565	0.6519286379663395	1.200551506129123	0.5872705730598077	6259.385498067893	3156.6287043977263	0.006765681859651816	12.546798618033337	16.469182191297293	2.2263962567631075
	gen27ind0	1013.4241595262614	0.07762224811084534	0.9998794943872082	0.6448591596722872	1.2046788913230475	0.5869476554811066	6112.4727346435075	3413.056083449392	0.005890672322096638	12.56282327689398	16.460951810918605	2.1772564814195294
	gen27ind19	1013.6728487244844	0.07578176567022298	0.9997610673703998	0.6321577685329334	1.2054953388657386	0.5868190936247774	6212.891918072689	3304.8127043535897	0.00934608647850696	12.546798618033337	16.653561031797175	2.1766418067539166
	gen26ind15	1013.9512275203629	0.07778619152603797	0.9994228794474532	0.6279298577451259	1.2137737143394167	0.5869880252696444	6120.10372537273	3256.6487875456037	0.00474709503765817	12.559506760633246	16.627119730535817	2.061918609355489
	gen27ind2	1014.8707909255921	0.07887909179555411	0.9994228794474532	0.6088583351355354	1.2260212113124191	0.5879032996784347	6203.615300973226	3334.852435497498	0.004795023755833269	12.557369147127702	16.635094626923703	2.0318892208034165
	gen25ind16	1015.1669683592942	0.07746496547504095	0.9994228794474532	0.6279298577451259	1.2162456307077245	0.5870344940206726	6120.10372537273	3256.6487875456037	0.00474709503765817	12.559506760633246	16.671070187916477	2.061918609355489
	gen26ind13	1015.4997196155401	0.07762224811084534	0.9998794943872082	0.6448591596722872	1.2071508076913553	0.5871820962416703	6112.4727346435075	3413.056083449392	0.006727716871856831	12.56282327689398	16.553141231168546	2.1770513429187215
	gen26ind12	1015.8718726913506	0.07948662106268836	0.9977842443553697	0.6270351666400827	1.2319977366553043	0.5876469758057301	6112.4727346435075	3847.7071936008297	0.0024790279159154424	12.571696683161637	16.896237292578714	2.038214524348735
	gen26ind14	1016.5119961158516	0.07618989105711065	0.9940239954626412	0.6720712709171445	1.200551506129123	0.5861289047990429	6274.063263065043	2865.6305477861324	0.009571812414940609	12.546798618033337	16.469182191297293	2.198431568633867
	gen28ind16	1016.7804257093063	0.07810973525576839	0.9998794943872082	0.6448591596722872	1.2126044814032806	0.5869476554811066	6054.115943929338	3413.056083449392	0.005890672322096638	12.5657412025082	16.4712376605004	2.1332269664146595
	gen27ind16	1017.7883895597629	0.07887909179555411	0.999452506386204	0.6088583351355354	1.2073675050427464	0.5876202931614201	6203.615300973226	3413.056083449392	0.0056614837449454995	12.569807036026834	16.635094626923703	2.0900909126816787
	gen24ind0	1017.789787515964	0.07887909179555411	0.9994228794474532	0.6088583351355354	1.2269959225497105	0.5870344940206726	6027.315532672772	3413.056083449392	0.00474709503765817	12.559506760633246	16.785057269774338	2.061918609355489
	gen20ind17	1017.789787515964	0.07887909179555411	0.9994228794474532	0.6088583351355354	1.2269959225497105	0.5870344940206726	6027.315532672772	3413.056083449392	0.00474709503765817	12.559506760633246	16.785057269774338	2.061918609355489
	gen20ind9	1017.8639927323026	0.07669329125652184	0.9963976932060302	0.6470013803547163	1.200551506129123	0.5864684809866434	6212.891918072689	3100.241491641815	0.009471262810335513	12.546798618033337	16.469182191297293	2.21762328514677
	gen32ind18	1017.9849127856535	0.07622070102988707	0.9970272495437056	0.6201696998246098	1.207833467522407	0.5860464189906505	6243.574523383091	2661.0593350743584	0.007834284659398057	12.546798618033337	16.491782857481542	2.2066432541750824
	gen30ind19	1018.595822176512	0.07523082982175269	0.9971760109196928	0.6053076104133251	1.1898562278865297	0.5847308696711193	6183.713522715604	2342.74417263915	0.008025880337686515	12.546798618033337	16.541214665763036	2.2493377085041306
	gen25ind12	1020.4313251587826	0.07729375445575648	0.9963976932060302	0.6470013803547163	1.200551506129123	0.5868990897246557	6212.891918072689	2822.2153272506894	0.009471262810335513	12.556329724983268	16.587635345726184	2.1894465442350635
	gen25ind4	1020.4908132999462	0.07887909179555411	0.9990204851252218	0.6088583351355354	1.2397555241069098	0.5870222960956921	6027.315532672772	3413.056083449392	0.00474709503765817	12.559506760633246	16.785057269774338	2.017889094350619
	gen32ind5	1020.4961257898084	0.07863449957986195	0.9957681368683549	0.6223934605873829	1.2137320933655524	0.5860464189906505	6099.734170879392	2752.8173467102097	0.007485043840342772	12.541765490120003	16.514926019040583	2.2493377085041306
	gen26ind4	1020.8678659650267	0.0770996284561096	0.9963004943529565	0.6491741376702258	1.200551506129123	0.5865574165316323	6183.084665807439	3178.4451395937094	0.0077971737108151265	12.546798618033337	16.47276893202254	2.1861140002902166
	gen21ind15	1021.366270257748	0.07792247971046266	0.9994370639004972	0.6448591596722872	1.2269959225497105	0.5870344940206726	5967.933880477655	3413.056083449392	0.00474709503765817	12.559506760633246	16.785057269774338	2.098017444614747
	gen29ind15	1021.8834175353899	0.0753710082646999	0.9958585820429221	0.6470013803547163	1.2067598474044967	0.5847308696711193	6169.843080669108	2661.0593350743584	0.007159483614859459	12.579267568991733	16.60028858843857	2.2445003699517967
	gen27ind18	1022.0885017314343	0.07669329125652184	0.9992826695577164	0.6379977781318098	1.2149049223351045	0.5864231556327897	6138.756937629718	3256.6487875456037	0.006823632737732967	12.584204491228745	16.56425658750911	2.1207067362663428
	gen25ind9	1022.2639099271241	0.07777701042366064	0.9994228794474532	0.6088583351355354	1.2269959225497105	0.5870344940206726	6077.525124387363	3413.056083449392	0.0056669290823227825	12.559506760633246	16.785057269774338	2.061918609355489
	gen24ind13	1023.0685016968201	0.07729375445575648	0.9995109640606803	0.6338411584878325	1.2262102770673073	0.5864440851366822	6096.17833664435	3100.241491641815	0.009711023260262883	12.594326600177835	16.782250210720854	2.1013875142253235
	gen25ind15	1024.6088175925347	0.07669329125652184	0.9957029159624238	0.6620926636109731	1.2088298816028011	0.5864684809866434	6023.026227289496	3100.241491641815	0.009426612640699801	12.546798618033337	16.35213256639514	2.33950513804728
	gen28ind17	1024.8708328676394	0.07804381716731187	0.997529109958975	0.6364232848527355	1.230330465286773	0.5865249856989381	6112.4727346435075	3678.5455553330967	0.004935128566850059	12.574789019160166	16.573762755419143	2.098017444614747
	gen25ind8	1026.10978714523	0.07669329125652184	0.9995109640606803	0.6393501590800599	1.2260707092435217	0.5867392895786774	6096.17833664435	3256.6487875456037	0.008219370066059857	12.572220867235952	16.56425658750911	2.154194438432048
	gen23ind5	1027.3643328266721	0.07605083915452779	0.9963976932060302	0.6470013803547163	1.2054953388657386	0.5865614184886997	6212.891918072689	3100.241491641815	0.009471262810335513	12.546798618033337	16.557083106058613	2.217213008145154
	gen31ind1	1027.6642793184549	0.07793793364529522	0.9963976932060302	0.628675208475483	1.2107827804439797	0.586376123622119	6088.709352602841	2737.1606972106356	0.006033126965860474	12.566941591361108	16.736598473943616	2.184931148077921
	gen28ind5	1027.77084930301	0.07898322086327716	0.9973489057310296	0.6364232848527355	1.224141174607317	0.5874109148438678	6072.059985475624	3813.136416040902	0.005922160085518317	12.57117846309012	16.785057269774338	2.15613533007547
	gen23ind8	1028.912483396357	0.07669329125652184	0.9995109640606803	0.6338411584878325	1.2260707092435217	0.5864440851366822	6096.17833664435	3100.241491641815	0.009711023260262883	12.58797252887788	16.62431267148233	2.12956425513703
	gen14ind14	1029.3558038378255	0.0778942176549911	0.9996172771536007	0.6088583351355354	1.2269959225497105	0.5870344940206726	5967.933880477655	3413.056083449392	0.00474709503765817	12.559506760633246	16.785057269774338	2.061918609355489
	gen26ind3	1029.7268168309138	0.07605083915452779	0.9944732923374151	0.6470013803547163	1.1986951298303627	0.5865614184886997	6212.891918072689	3100.241491641815	0.007758189944565146	12.538856028908395	16.557083106058613	2.217213008145154
	gen23ind18	1030.339703819086	0.0760928280572872	0.9924187606087793	0.6720712709171445	1.200551506129123	0.5862826059825308	6274.063263065043	2943.8341957380267	0.009471262810335513	12.546798618033337	16.469182191297293	2.21762328514677
	gen25ind1	1030.5036707638105	0.07605083915452779	0.9944732923374151	0.6470013803547163	1.2040702757513557	0.5865614184886997	6212.891918072689	3100.241491641815	0.009471262810335513	12.538856028908395	16.557083106058613	2.217213008145154
	gen23ind16	1031.2356457424878	0.07669329125652184	0.9974850646646893	0.6430211410013826	1.2088298816028011	0.5864684809866434	6023.026227289496	3100.241491641815	0.008663242397536255	12.546798618033337	16.548150960916555	2.21762328514677
	gen24ind1	1031.2841958540946	0.07870689205416662	0.9985465963429236	0.5777900766202695	1.213938115536994	0.5870344940206726	6094.838533471255	3746.3444897625	0.0035200012469183755	12.559506760633246	16.785057269774338	2.1133246939038175
	gen25ind10	1031.372945496009	0.07887909179555411	0.9994228794474532	0.6088583351355354	1.2394398308933137	0.5879032996784347	6027.315532672772	3413.056083449392	0.004795023755833269	12.559506760633246	16.785057269774338	2.017889094350619
	gen26ind1	1032.461482576922	0.07887909179555411	0.9990204851252218	0.6118139855068887	1.2269959225497105	0.5877495984949468	6027.315532672772	3413.056083449392	0.005318914187196583	12.559506760633246	16.785057269774338	2.001302622162284
	gen23ind1	1033.588435445018	0.07933999373802922	0.9955128322326082	0.5922663117035376	1.2269959225497105	0.5870344940206726	6110.453857675764	2417.8215980996847	0.005749779591865561	12.540165585511872	16.715020645297134	2.1123624127455445
	gen18ind7	1034.281088358057	0.07669329125652184	0.9963976932060302	0.6470013803547163	1.2072205916032481	0.5864440851366822	6096.17833664435	3100.241491641815	0.009711023260262883	12.546798618033337	16.469182191297293	2.21762328514677
	gen23ind7	1034.5356842584333	0.07990200990049826	0.9983613846037453	0.6331015231053049	1.2171082570764793	0.58684861901656	5971.671763368628	3977.3926060626277	0.008749515796678133	12.585480968276084	16.6092554402517	2.0087426483507835
	gen24ind10	1034.6661578324308	0.07982157396097325	0.9995909845219846	0.6361279986684505	1.2269959225497105	0.5869415565186163	5829.706708975602	3900.4021568248345	0.008173240769198904	12.570142022947088	16.691542236906045	2.019513461392945
	gen25ind2	1035.9094504889204	0.07999117049372102	0.9976015182233591	0.6486629439496645	1.2269959225497105	0.5869415565186163	5860.29238147178	3900.4021568248345	0.008173240769198904	12.570142022947088	16.769107476998563	2.019513461392945
	gen22ind16	1036.4338680106887	0.0791791218589792	0.9995909845219846	0.6397524592305391	1.2171082570764793	0.58684861901656	5921.232734840127	3822.1985088729407	0.008749515796678133	12.585480968276084	16.6092554402517	2.0087426483507835
	gen25ind18	1036.4505197995404	0.07740178058470959	0.9999356912500299	0.5989445394154987	1.2008306417766943	0.5870344940206726	6012.795056760298	2109.75570256465	0.0072165474238106535	12.56434205441359	16.785057269774338	2.161269803323357
	gen23ind15	1036.6442746204489	0.0778942176549911	0.9996172771536007	0.602870834687879	1.1944376684315516	0.5870344940206726	5970.216455774931	2544.189162859564	0.007235136817218958	12.557606559561005	16.785057269774338	2.161269803323357
	gen23ind12	1037.6220857677406	0.07982157396097325	0.9995909845219846	0.6361279986684505	1.2269959225497105	0.5869415565186163	5897.882162021362	3816.822982511497	0.006990590058041377	12.598468072097504	16.691542236906045	2.0087426483507835
	gen23ind19	1038.4606804342984	0.07788008662725532	0.9997073837801524	0.5989445394154987	1.2008306417766943	0.5870344940206726	5970.216455774931	2109.75570256465	0.006226236506711323	12.562683796283224	16.785057269774338	2.161269803323357
	gen22ind7	1038.8221120145986	0.0791791218589792	0.9990391685475899	0.6206809366209487	1.2269959225497105	0.5884890988191821	5921.232734840127	3978.605804776729	0.00907390108237198	12.527318200784674	16.779443151667365	2.0087426483507835
	gen23ind4	1038.9221412589127	0.07870689205416662	0.9996172771536007	0.5777900766202695	1.2397818692399958	0.5870344940206726	5904.972842688062	3970.8806495738318	0.003567661862477025	12.531180711482829	16.782250210720854	2.0087426483507835
	gen21ind0	1039.20262043956	0.0778942176549911	0.9996172771536007	0.5989445394154987	1.2008306417766943	0.5870344940206726	5970.216455774931	2544.189162859564	0.005733189350360272	12.559506760633246	16.785057269774338	2.161269803323357
	gen21ind12	1039.3125690702163	0.0791791218589792	0.9995909845219846	0.6206809366209487	1.2269959225497105	0.5870344940206726	5921.232734840127	3978.605804776729	0.006990590058041377	12.585480968276084	16.779443151667365	2.0087426483507835
	gen24ind9	1039.6257211775992	0.0778942176549911	0.9995686777270638	0.6019437233919176	1.2008306417766943	0.5869880252696444	5970.216455774931	2544.189162859564	0.005733189350360272	12.559506760633246	16.741106812393678	2.161474941824165
	gen23ind0	1039.6746787082714	0.07790834868272689	0.999527170527049	0.5989445394154987	1.2008306417766943	0.5870344940206726	5970.216455774931	2544.189162859564	0.004228127081606503	12.559506760633246	16.785057269774338	2.206317478456955
	gen18ind1	1041.6508439724876	0.07870689205416662	0.9996172771536007	0.5968615992298599	1.2269959225497105	0.5870344940206726	5904.972842688062	3589.9371938587115	0.00474709503765817	12.559506760633246	16.785057269774338	2.0087426483507835
	gen22ind12	1042.3913652488923	0.07669329125652184	0.9953093235664565	0.654648172838318	1.200551506129123	0.5864684809866434	6274.063263065043	3661.0041324032345	0.006253375497706576	12.614752405711336	16.56949257892603	2.21762328514677
	gen26ind8	1042.8058065659561	0.077579855027638	0.9997073837801524	0.5921632784068172	1.2007608578648015	0.5873235995001775	5970.216455774931	2109.75570256465	0.00548040990960981	12.551630929812283	16.785057269774338	2.161269803323357
	gen25ind0	1043.500789980737	0.07849404493157464	0.9974850646646893	0.6189927205317738	1.2206351212884843	0.5867050187526299	5901.688496140618	2934.3852145288256	0.008663242397536255	12.54375521823305	16.662138042774416	2.1236074102285665
	gen25ind5	1043.9591125288523	0.07729375445575648	0.999414584370873	0.5992355066206091	1.2376713594086204	0.5875958973114589	6096.17833664435	3100.241491641815	0.009711023260262883	12.594326600177835	16.982247009948104	2.0052087035989774
	gen25ind7	1044.2580616164068	0.0762818656293453	0.9946081931889044	0.6470013803547163	1.2072205916032481	0.5864440851366822	6096.17833664435	2943.8341957380267	0.00975424832025797	12.538786288603017	16.469182191297293	2.21762328514677
	gen25ind3	1045.0328348681965	0.07848054982648994	0.9992976242051819	0.5989445394154987	1.202579499600033	0.5870344940206726	5914.5019530590325	1831.7295381735246	0.006226236506711323	12.572214903233156	16.785057269774338	2.161269803323357
	gen22ind5	1045.0411046266984	0.0778942176549911	0.9996172771536007	0.5989445394154987	1.2107183072499255	0.5873296984626679	5970.216455774931	2544.189162859564	0.005733189350360272	12.5658608319332	16.785057269774338	2.161269803323357
	gen24ind17	1045.1128884687146	0.07933999373802922	0.9954546326035243	0.5922663117035376	1.2399214370637814	0.5869880252696444	6074.28671079898	2417.8215980996847	0.005749779591865561	12.558057723419012	16.715020645297134	2.0360988352592577
	gen23ind9	1045.531093338183	0.07833319333920682	0.9971580773171222	0.6202483190322536	1.2269959225497105	0.5870344940206726	5934.038593563306	2455.748607654905	0.008328873766842961	12.555052890405532	16.785057269774338	2.0079220943475513
	gen24ind14	1046.844923719595	0.07916075061614943	0.9994339909410704	0.5886582752229945	1.2397818692399958	0.5870344940206726	5904.972842688062	3996.1758066919256	0.0018836688742158024	12.572977750338413	16.82007558201294	2.016479253344244
	gen24ind18	1049.37473615567	0.07982157396097325	0.9995909845219846	0.6087604643428611	1.230356810419859	0.5869415565186163	5897.882162021362	3695.20411402416	0.006990590058041377	12.598468072097504	16.691542236906045	2.0087426483507835
	gen27ind12	1049.4194127427481	0.07605083915452779	0.9944732923374151	0.6500005643311352	1.2040702757513557	0.5874302241464617	6165.479754699081	3100.241491641815	0.009471262810335513	12.538856028908395	16.557083106058613	2.217213008145154
	gen24ind11	1050.174741552679	0.07985719998802973	0.9998653297486859	0.6341378789917836	1.2269959225497105	0.5869415565186163	5802.949316629765	3816.822982511497	0.006990590058041377	12.598468072097504	16.687076164335018	2.0089477868515915
	gen21ind10	1050.7984219530747	0.07870689205416662	0.9996172771536007	0.5777900766202695	1.2397818692399958	0.5870344940206726	5904.972842688062	3746.3444897625	0.002385011151319498	12.559506760633246	16.785057269774338	2.0087426483507835
	gen24ind7	1051.2989968538138	0.07870689205416662	0.9996172771536007	0.5777900766202695	1.237309952871688	0.5869880252696444	5904.972842688062	3746.3444897625	0.002385011151319498	12.559506760633246	16.741106812393678	2.0089477868515915
	gen20ind15	1052.1631726277283	0.07669329125652184	0.9918538096652463	0.6863207011367701	1.2072205916032481	0.5868391132711215	6252.407341733936	2759.6217152791364	0.007184036354224613	12.587723548578152	16.469182191297293	2.313383901351383
	gen23ind6	1052.1693421893578	0.0778942176549911	0.9983876772353615	0.5989445394154987	1.2107183072499255	0.5873296984626679	5984.749331212553	2544.189162859564	0.005733189350360272	12.5658608319332	16.785057269774338	2.161269803323357
	gen26ind0	1052.4771875524839	0.07788008662725532	0.9997073837801524	0.5989445394154987	1.2157201213555193	0.5874104380397436	5889.421191564163	2109.75570256465	0.003958169384968595	12.574873718811617	16.94299480901286	2.1014668830573457
	gen22ind10	1054.2969257964091	0.07827607523687793	0.9968219166871679	0.6178089149402881	1.2171082570764793	0.5850778294107327	5908.509101102019	3329.9193398014795	0.006166696154374752	12.611341229335913	16.705195519995257	2.1131829667487767
	gen22ind6	1054.8714045021743	0.07933999373802922	0.9971580773171222	0.5856426671650302	1.2269959225497105	0.5870344940206726	5934.038593563306	2778.8001067152472	0.0053889060850368705	12.559506760633246	16.785057269774338	2.0079220943475513
	gen21ind16	1055.009853339226	0.07887909179555411	0.9994228794474532	0.6088583351355354	1.228526050380036	0.5893199740945189	6027.315532672772	3180.8715370219124	0.008315495219400674	12.559506760633246	16.785057269774338	2.061918609355489
	gen24ind8	1055.0752687027361	0.07932148628113703	0.9988144380726289	0.5737197823026361	1.2397818692399958	0.5870344940206726	5904.972842688062	3902.7517856662885	2.2927264980826187e-05	12.5658608319332	16.785057269774338	2.0510602719152278
	gen25ind14	1055.5326847080132	0.07605083915452779	0.9963976932060302	0.6229729598851075	1.2056349066895242	0.5868444250057143	6091.5541869238095	3100.241491641815	0.009471262810335513	12.546798618033337	16.557083106058613	2.1890362672334476
	gen17ind8	1056.298542529664	0.0778942176549911	0.9996172771536007	0.5989445394154987	1.2269959225497105	0.5870344940206726	5833.160536506303	2468.4119123358732	0.007757219575165708	12.559506760633246	16.785057269774338	2.0079220943475513
	gen25ind19	1056.9925126528963	0.07982157396097325	0.9968998638321565	0.6225219430460218	1.2269959225497105	0.5869415565186163	5851.0885552351665	3864.986899319483	0.0058111568828602325	12.570142022947088	16.691542236906045	2.019513461392945
	gen23ind13	1057.3603736583987	0.07939120158738698	0.9974789673336479	0.5886582752229945	1.2397818692399958	0.5870344940206726	5904.972842688062	3498.558564017072	0.002385011151319498	12.563307162777726	16.785057269774338	2.0087426483507835
	gen22ind8	1060.3159779374917	0.0778942176549911	0.9965910957287738	0.5989445394154987	1.2107183072499255	0.587121686122251	5970.216455774931	2544.189162859564	0.005733189350360272	12.559506760633246	16.785057269774338	2.0535865749550393
	gen22ind15	1060.6189391732528	0.07870689205416662	0.9996172771536007	0.5777900766202695	1.2397818692399958	0.5870344940206726	5903.204713481084	3753.929491236892	0.0023739377018763925	12.577530943062229	16.746019375044618	2.0087426483507835
	gen24ind2	1060.6746061906338	0.07427857927714974	0.9946542692818057	0.6470013803547163	1.177220162405328	0.5865614184886997	6212.891918072689	2441.4682567906298	0.00980124293905807	12.568770595883798	16.557083106058613	2.349301553159764
	gen21ind11	1063.672466680377	0.07669329125652184	0.9918538096652463	0.6890510596006356	1.2072205916032481	0.5868601098175159	6194.050551019766	2759.6217152791364	0.007303916579188298	12.59489374104517	16.469182191297293	2.313383901351383
	gen24ind5	1066.320085736419	0.07939120158738698	0.9974789673336479	0.5886582752229945	1.2307930719398674	0.5879032996784347	5904.972842688062	3718.1496423008	0.002836950075894226	12.563307162777726	16.862622509866856	2.0087426483507835
	gen23ind17	1067.3495072043436	0.0778942176549911	0.9996172771536007	0.5989445394154987	1.2269959225497105	0.5870344940206726	5825.013337506724	2312.0046164320847	0.009516145313802463	12.559506760633246	16.61486955835867	2.139140795164569
	gen23ind11	1068.1408417945315	0.07930735525340124	0.9973453353832087	0.5777900766202695	1.235134730199603	0.5870344940206726	5846.950560956994	3468.318325371374	0.0005159744213318771	12.572838269727658	16.94299480901286	2.0087426483507835
	gen22ind13	1069.4776799183937	0.07870689205416662	0.9973453353832087	0.5777900766202695	1.2397818692399958	0.5870344940206726	5904.972842688062	3746.3444897625	0.002385011151319498	12.563307162777726	16.785057269774338	2.0087426483507835
	gen21ind13	1071.382245619085	0.07415985227836942	0.9901366956749744	0.6508136727516834	1.1916216898114422	0.5865104740794324	6060.27218355347	3100.241491641815	0.00707108942710818	12.506814784710631	16.368871803668554	2.301130290419535
	gen24ind19	1072.6275746743308	0.07819444925460842	0.9985390548273845	0.5844194744576179	1.2333888958948531	0.5887721053361967	5892.35798138147	2546.6155602877675	0.006297404769988302	12.545038136055316	16.982479193822492	2.096518224050442
	gen22ind17	1073.771062351425	0.07669329125652184	0.9918538096652463	0.6470013803547163	1.224347848751211	0.5866627440124474	6096.17833664435	3062.35286637997	0.009905276777737582	12.580682539504888	16.344371459314267	2.28378099176088
	gen24ind16	1075.2394775654557	0.07830055485457886	0.9985390548273845	0.5989445394154987	1.2271354903734961	0.5887721053361967	5833.160536506303	2468.4119123358732	0.006297404769988302	12.545038136055316	16.94299480901286	2.096518224050442
	gen17ind19	1075.525187027661	0.07669329125652184	0.9918538096652463	0.6470013803547163	1.2072205916032481	0.5866627440124474	6096.17833664435	3100.241491641815	0.008264946514931681	12.554399422322298	16.444681846943006	2.3604548462487824
	gen22ind1	1075.9084112529654	0.07718317496736181	0.9963976932060302	0.6389417249758786	1.2072205916032481	0.5864440851366822	6036.7751208589725	3181.097045372083	0.009711023260262883	12.623011340464942	16.508220086027016	2.191035304644417
	gen22ind9	1076.121603923259	0.07669329125652184	0.9963976932060302	0.6470013803547163	1.210155371931763	0.5841376085164416	6197.056393701352	3100.241491641815	0.007342709770134046	12.755717141463732	16.736497791920904	2.1216773375904676
	gen23ind2	1078.6154187165243	0.0778942176549911	0.9985390548273845	0.5989445394154987	1.2333888958948531	0.5887721053361967	5833.160536506303	2468.4119123358732	0.006297404769988302	12.545038136055316	16.94299480901286	2.096518224050442
	gen23ind3	1078.7062667809532	0.07669329125652184	0.9963976932060302	0.6338411584878325	1.2072205916032481	0.5864440851366822	5918.379873932796	3539.423648209272	0.00938509889058766	12.58797252887788	16.62431267148233	2.21762328514677
	gen17ind15	1081.541240754525	0.0778942176549911	0.9996172771536007	0.6405969349933646	1.2269959225497105	0.5905994240713023	5967.933880477655	2844.711334459084	0.002704938024145153	12.567107564922207	16.732044009627856	2.061918609355489
	gen23ind10	1082.3927359590639	0.07869276102643083	0.9973453353832087	0.5548327664918753	1.2365868943267189	0.5870344940206726	5904.972842688062	3746.3444897625	0.002878058307670549	12.566484198427702	16.785057269774338	2.0403688277050884
	gen25ind13	1084.5473810277133	0.07528537967597212	0.9946542692818057	0.6123957284874929	1.1839134671092635	0.5868444250057143	6153.865225771971	2441.4682567906298	0.00980124293905807	12.575124667183752	16.557083106058613	2.349301553159764
	gen21ind6	1087.2539505163145	0.07985885921723404	0.9974405378744532	0.59273902437786	1.2269959225497105	0.5850778294107327	5908.509101102019	3574.7671909099276	0.0026002221496004086	12.711932205496456	16.863133059233782	2.0087426483507835
	gen20ind7	1088.5924483864842	0.0778942176549911	0.9996172771536007	0.5821056652877632	1.2269959225497105	0.5894657329419002	5935.37590165712	2316.3803238559467	0.008167313623472925	12.559506760633246	16.785057269774338	2.0079220943475513
	gen24ind6	1088.6281921527388	0.0789010180538135	0.9983876772353615	0.5613397035718565	1.2303334888053619	0.5873296984626679	5800.204121024062	2544.189162859564	0.005733189350360272	12.572214903233155	16.94299480901286	2.161269803323357
	gen19ind19	1090.405069658812	0.07545066222554032	0.9996172771536007	0.6405969349933646	1.2269959225497105	0.5905994240713023	5897.128189870192	2943.8598720017653	0.002704938024145153	12.527563212731309	16.799195425781047	2.0544688122027455
	gen22ind18	1090.8659543033718	0.07680131738547497	0.9958327422624973	0.6390409016480488	1.2171082570764793	0.5869473019190943	5833.160536506303	2468.4119123358732	0.009035630345930771	12.577200250839208	16.627119730535817	2.0079220943475513
	gen22ind4	1090.9611712222522	0.07921640711524	0.9974536841902613	0.581870825775135	1.2269959225497105	0.5850778294107327	5908.509101102019	2819.6702446894997	0.0026002221496004086	12.698945101675037	16.86594011828727	2.0083323713491676
	gen21ind3	1092.2202219388878	0.07969142949232878	0.9965859867335283	0.6242099282507464	1.197491250468472	0.581897520838951	6262.028297667475	3721.0178804005627	0.0023344624468505043	12.92465183157142	16.903503004915777	2.1092383953069307
	gen17ind9	1094.4253388729592	0.07889963286572349	0.9973331902514175	0.6305393474853311	1.1746653610036781	0.5862784816997471	6072.355518329151	3346.7089019174873	0.0029511126574993905	12.726443159877128	16.797297166448146	2.3686140273071006
	gen21ind2	1096.1495844498631	0.07731288814173966	0.9936579993451791	0.6470013803547163	1.200551506129123	0.5835592713896245	6212.891918072689	3100.241491641815	0.00530464076167431	12.77239695615485	16.469182191297293	2.21762328514677
	gen20ind4	1096.40820206032	0.07593714096828945	0.9901366956749744	0.6524620972824474	1.1875770730499875	0.5865104740794324	6096.17833664435	3100.241491641815	0.009711023260262883	12.56113900296737	16.469182191297293	2.301130290419535
	gen22ind19	1097.5212266006067	0.07985885921723404	0.9979092780127854	0.59273902437786	1.2353169610811554	0.5853398393813529	5862.3399495641115	3731.174486813716	0.0026002221496004086	12.711932205496456	16.863133059233782	2.092813774551611
	gen20ind6	1098.0781738534054	0.07969142949232878	0.9950733936128168	0.6432814508603368	1.197491250468472	0.581897520838951	6262.028297667475	3564.610584496774	0.0023344624468505043	12.918297760271466	16.745565465677252	2.187090733202571
	gen16ind3	1099.8066975080665	0.07669329125652184	0.9873099261244623	0.6470013803547163	1.1761010726515044	0.5866627440124474	6096.17833664435	2896.1844942520806	0.008264946514931681	12.554399422322298	16.420181502588715	2.3604548462487824
	gen20ind18	1104.3352836669342	0.07985885921723404	0.9976349355806007	0.5968615992298599	1.2269959225497105	0.5847891301035577	5904.972842688062	3589.9371938587115	0.0025780752507141977	12.747980570354423	16.785057269774338	2.0087426483507835
	gen21ind18	1105.480399246319	0.0797727593465403	0.9976349355806007	0.5908632312770221	1.2269959225497105	0.5847891301035577	5904.972842688062	3678.377749063371	0.0025780752507141977	12.747980570354423	16.785057269774338	2.0178453321515692
	gen16ind14	1107.4607595415696	0.07919071403296658	0.9996172771536007	0.5807554827684321	1.2228882461133785	0.5812467975994617	6078.547235255766	3748.4146418200507	0.006730653190308781	12.931065476851028	16.962204974552858	2.0829509051030755
	gen20ind5	1107.464014778196	0.07630428183739399	0.9996172771536007	0.593564750168332	1.23508515607262	0.5870344940206726	5833.160536506303	2468.4119123358732	0.009013849875972074	12.612072994998424	16.58443649451686	2.0079220943475513
	gen21ind7	1107.9499474757827	0.07574883164689668	0.990270333016417	0.6138914354460099	1.175893385118349	0.5886505192134719	6235.631328323256	1896.7077125500182	0.0026970463134581976	12.535775133292475	16.480410427511234	2.2289326199010198
	gen22ind0	1111.4979043810324	0.07962274431482774	0.9976349355806007	0.5849519305343156	1.2269959225497105	0.5847891301035577	5896.84289661203	3589.9371938587115	0.001456327740522594	12.747980570354423	16.787864328827823	2.0087426483507835
	gen19ind18	1111.7913088159503	0.07669329125652184	0.9918538096652463	0.6470013803547163	1.2067211095676509	0.5866627440124474	6096.17833664435	3100.241491641815	0.0073908468718440964	12.629705148956008	16.501707678527392	2.3604548462487824
	gen16ind9	1117.4485590704867	0.0778942176549911	0.9996172771536007	0.6480366515883471	1.2133062086199402	0.5934375464198698	5967.933880477655	2847.39165706557	0.004675692345414737	12.559506760633246	16.785057269774338	2.0831667073831723
	gen22ind14	1128.3042710636432	0.07835979009933057	0.9976349355806007	0.5968615992298599	1.2269959225497105	0.5847891301035577	5822.0478621765	3589.9371938587115	0.0025780752507141977	12.747980570354423	16.785057269774338	2.0087426483507835
	gen15ind9	1129.5235421658933	0.07728528101355321	0.9996172771536007	0.5798042511446786	1.2223876464778407	0.5812467975994617	6056.341361572353	3748.4146418200507	0.006730653190308781	12.931065476851028	16.962204974552858	2.0829509051030755
	gen21ind1	1132.2414943621275	0.07628974662921029	0.9996172771536007	0.6231469925426452	1.2398867182360478	0.5887630339613403	5833.160536506303	2297.155498906398	0.007757219575165708	12.645629112215858	16.785057269774338	2.0079220943475513
	gen21ind5	1133.4238049357962	0.07669329125652184	0.9828632414367522	0.664212938217117	1.1499357918784883	0.5866627440124474	6096.17833664435	2896.1844942520806	0.006240916290126245	12.554399422322298	16.420181502588715	2.3604548462487824
	gen20ind16	1134.8317293582493	0.07574883164689668	0.990270333016417	0.6386820263545927	1.1792327764265713	0.5908717776633545	6219.887557429807	1896.7077125500182	0.0026970463134581976	12.535775133292475	16.480410427511234	2.2289326199010198
	gen20ind19	1135.9970240566781	0.0778942176549911	0.9996172771536007	0.5989445394154987	1.2335078821513985	0.589974604602473	5828.653609555064	2481.0752170168416	0.009781249799971144	12.617432144722962	16.82517611045288	2.0883776725307386
	gen19ind3	1136.6050357221488	0.07669329125652184	0.9992960832998388	0.6580010455715246	1.218828404394933	0.595700868944438	6223.055937710069	3100.241491641815	0.00715521624796177	12.546798618033337	16.469182191297293	2.21762328514677
	gen16ind4	1149.8825193254083	0.07588061685734633	0.9904971221811815	0.6197797689909976	1.187708885443189	0.5871672719061729	5972.499031072206	2005.6585538396616	0.006440167542656469	12.588187530501312	16.434171638495787	2.2289326199010198
	gen21ind19	1151.034450983949	0.07566273177620293	0.990270333016417	0.632683658401755	1.1792327764265713	0.5908717776633545	6158.716212437452	1985.1482677546778	0.0026970463134581976	12.535775133292475	16.480410427511234	2.202344639398667
	gen14ind17	1151.5410203481238	0.07809089704422548	0.9996172771536007	0.5798042511446786	1.2369043989071655	0.5807657468054641	5804.031872613279	3972.7245792762433	0.00474709503765817	12.916145433186731	16.77006581003154	2.0829509051030755
	gen20ind0	1152.1587677995817	0.07953574240333103	0.9905295100720328	0.6296706451784775	1.1746653610036781	0.5812030645569946	6200.188644881404	3071.794536240519	0.0014220729607128985	12.925898564560427	16.696752005818055	2.2971982467560945
	gen13ind14	1152.3624211143585	0.07809089704422548	0.9996172771536007	0.5798042511446786	1.2269959225497105	0.5807657468054641	5801.872098493732	3972.7245792762433	0.00474709503765817	12.916145433186731	16.771746120734722	2.0829509051030755
	gen19ind4	1158.371141576246	0.07669329125652184	0.9963976932060302	0.6470013803547163	1.2195974956405762	0.5864440851366822	5820.706481060466	3100.241491641815	0.007351567485343637	12.709174318031602	16.445440928520185	2.21762328514677
	gen18ind6	1158.8577388614494	0.07989320180598455	0.9905295100720328	0.6432814508603368	1.1880035319519282	0.5811542728570721	6028.601134810797	3564.610584496774	0.0006990345880472973	12.913384571345661	16.70481958841725	2.2013421821073633
	gen19ind8	1161.8492643003979	0.07511789064710844	0.9866214610028998	0.6470013803547163	1.2072205916032481	0.5889593919942512	6169.944356194677	3100.241491641815	0.008264946514931681	12.554399422322298	16.263119082966824	2.3604548462487824
	gen19ind6	1163.3610654431818	0.07574883164689668	0.9868684929267246	0.6577517677808744	1.187154924320769	0.5908717776633545	6219.887557429807	2005.6585538396616	0.001211690181626536	12.55769557244179	16.360900274005694	2.2289326199010198
	gen22ind2	1165.9893369562249	0.0766140802800029	0.9996172771536007	0.593564750168332	1.23508515607262	0.5870344940206726	5833.160536506303	2468.4119123358732	0.009013849875972074	12.724872164059182	16.58443649451686	2.0079220943475513
	gen19ind5	1166.7888561050477	0.07638191707852632	0.9870952820914891	0.6197797689909976	1.187708885443189	0.5871672719061729	5972.499031072206	2114.609395129305	0.006440167542656469	12.588187530501312	16.396055615933193	2.2289326199010198
	gen20ind13	1168.6015822383965	0.07588061685734633	0.9904971221811815	0.5804604482089438	1.2071479552945354	0.5867722437717335	5972.499031072206	2005.6585538396616	0.008967154448694739	12.588187530501312	16.434171638495787	2.2289326199010198
	gen19ind11	1168.886045242216	0.07749322641726705	0.9996172771536007	0.5592771533183698	1.220317139933266	0.5825919771209074	5999.421422264551	3783.374094863444	0.0064317529750170166	12.916145433186731	16.77006581003154	2.0168767738522915
	gen16ind13	1169.7339943968557	0.07574883164689668	0.9868684929267246	0.6450530780420956	1.1792327764265713	0.5908717776633545	6219.887557429807	2005.6585538396616	0.0026970463134581976	12.55769557244179	16.434171638495787	2.2289326199010198
	gen17ind7	1169.8341866708074	0.07809089704422548	0.9996172771536007	0.5798042511446786	1.2369043989071655	0.5819718677178563	5804.031872613279	3390.889862769872	0.003882985700246968	12.916145433186731	16.82291839830642	2.0829509051030755
	gen17ind13	1171.7569951891996	0.0781567896494503	0.9985684082191708	0.5671675966191296	1.2388575465845255	0.5810865060731266	5804.031872613279	3972.7245792762433	0.00474709503765817	12.916145433186731	16.77006581003154	2.0829509051030755
	gen18ind17	1175.8282262873727	0.07809089704422548	0.9980236791252411	0.5798042511446786	1.2369043989071655	0.5819718677178563	5865.8715253993505	3836.1528329760813	0.004795375186384574	12.916145433186731	16.82291839830642	2.0829509051030755
	gen20ind8	1177.9718766979531	0.07574883164689668	0.9868684929267246	0.6450530780420956	1.1792327764265713	0.5912497838238173	6219.887557429807	2005.6585538396616	0.0026970463134581976	12.55769557244179	16.42805169015888	2.2289326199010198
	gen12ind1	1179.0093017866507	0.07573332810191666	0.9996172771536007	0.5798042511446786	1.2087846602176358	0.5807657468054641	5834.828909548685	3972.7245792762433	0.004557034330719771	12.931065476851028	16.771746120734722	2.0829509051030755
	gen19ind16	1180.8310309916637	0.07956178871372054	0.9973493841968433	0.6305393474853311	1.1715304183973703	0.5821720161782176	6242.04571901491	3894.000370818564	0.003926906941043737	12.931347041764653	16.797297166448146	2.3686140273071006
	gen15ind16	1181.8101368135658	0.07420244805000639	0.9914123764675085	0.5834609556579777	1.211151626761315	0.5846967159684066	6100.434337799983	3545.00597700285	0.007717807301321493	12.742005486457622	16.93159999875453	2.1358391841906315
	gen20ind1	1182.101404660992	0.07943871921078274	0.9928055006560593	0.6527078032077502	1.1715304183973703	0.5807680944035827	6242.04571901491	3894.000370818564	0.003926906941043737	12.931347041764653	16.7571783257696	2.4653240711870064
	gen21ind8	1186.9551869587665	0.0768023909649607	0.9996172771536007	0.6092414508715931	1.2269959225497105	0.5921575498810276	5981.319595165814	2810.342668655358	0.00474709503765817	12.671603319858697	16.785057269774338	2.07218591617524
	gen20ind3	1187.3847796592108	0.07669329125652184	0.9901366956749744	0.6352505394200467	1.2132428717874064	0.5896448476870366	6096.17833664435	2375.2408969580806	0.009443699419747079	12.629705148956008	16.33920292583251	2.3604548462487824
	gen14ind18	1188.4611836596864	0.07588061685734633	0.9874202844238968	0.6580010455715246	1.187708885443189	0.5908717776633545	6056.21317933922	2005.6585538396616	0.006440167542656469	12.55769557244179	16.434171638495787	2.2289326199010198
	gen18ind18	1188.6993812979117	0.07420244805000639	0.9914123764675085	0.5730433408702282	1.211151626761315	0.5846967159684066	6030.765090517032	3776.3826562509557	0.007717807301321493	12.727665101523588	16.93159999875453	2.025333921413897
	gen21ind17	1189.1271764011005	0.07793093438536741	0.9881279797738329	0.6409817386074648	1.1655361239827278	0.5812030645569946	6242.04571901491	3564.610584496774	0.000880326521351144	12.931347041764653	16.58848760223995	2.389534970656325
	gen13ind17	1193.6048782051248	0.07588061685734633	0.9873099261244623	0.6580010455715246	1.187708885443189	0.5908717776633545	6056.21317933922	2586.2536534215315	0.006440167542656469	12.554399422322298	16.55865545693201	2.2289326199010198
	gen17ind16	1193.7679084552246	0.07588061685734633	0.9874202844238968	0.6483877182783854	1.187708885443189	0.5908717776633545	6056.21317933922	2399.4006870445464	0.004676247521712349	12.55769557244179	16.434171638495787	2.1439525617486996
	gen19ind12	1196.9190643016543	0.07793248502695747	0.9909183054843278	0.6379157948824774	1.1814390002305732	0.5806256659426445	6193.116128053491	3102.1345421380865	0.0013777791629404762	12.997995294276361	16.540600426899168	2.208398006261518
	gen17ind3	1203.5975873434586	0.07889963286572349	0.9957947713727753	0.6587179987213345	1.1746653610036781	0.5843858624415537	6283.902793148417	3894.9468960666995	0.00041991846764139395	12.916101062734892	16.850511560649835	2.3686140273071006
	gen14ind9	1204.9354465578908	0.07588061685734633	0.9868684929267245	0.6515476396944462	1.187708885443189	0.5908717776633545	6051.73383547597	2924.5512816003325	0.004737680424859175	12.554399422322298	16.55865545693201	2.2289326199010198
	gen18ind16	1209.2065002722734	0.07669329125652184	0.9918538096652463	0.6470013803547163	1.2214973681844672	0.5942791725088725	6096.17833664435	3100.241491641815	0.008264946514931681	12.554399422322298	16.643365263441524	2.3604548462487824
	gen13ind3	1209.7020103741716	0.07039158201117965	0.9914123764675085	0.5815584924104706	1.2085514370091885	0.58851051630584	6223.055937710069	3953.8206206355408	0.007717807301321493	12.618679488560835	16.93159999875453	2.295623450511071
	gen15ind5	1209.8218401666481	0.07827688450973244	0.9991419570602948	0.659915125316094	1.2046546258139426	0.6018956010052975	6565.634634575163	2482.272860476988	0.007645300146491171	12.59543170147123	16.817548335585755	2.474965949316512
	gen17ind12	1210.6157106003513	0.07496013630347151	0.9981107810760075	0.5509918100473804	1.2087846602176358	0.5807657468054641	5834.828909548685	3257.6017091421627	0.0070674148246514185	12.931065476851028	16.979539699135906	2.0364041872478813
	gen19ind0	1212.8632583948445	0.07969142949232878	0.9905295100720328	0.6432814508603368	1.1746653610036781	0.5812030645569946	6262.028297667475	3564.610584496774	0.0023344624468505043	12.925898564560427	16.72106512132296	2.3629593599299756
	gen15ind10	1215.2322963917477	0.07990223330808346	0.9905295100720328	0.6432814508603368	1.1746653610036781	0.5812030645569946	6242.04571901491	3564.610584496774	0.0006990345880472973	12.931347041764653	16.72106512132296	2.3686140273071006
	gen12ind2	1217.1150951634504	0.07990223330808346	0.9905295100720328	0.6379157948824774	1.1814390002305732	0.583382033389786	6311.879432443724	3102.1345421380865	0.0013777791629404762	12.997995294276361	16.540600426899168	2.208398006261518
	gen17ind17	1217.6308089664403	0.07889963286572349	0.9965131342340132	0.6401249960478864	1.1746653610036781	0.5843858624415537	6242.04571901491	3870.5504774734445	0.001374708617117078	12.931347041764653	16.967050555757353	2.2299699578742955
	gen19ind14	1218.988905699917	0.07460878524959415	0.9905160900357827	0.5650931680647994	1.1908415405437454	0.5848021960026231	6002.556443295983	3977.2239977230997	0.007717807301321493	12.742005486457622	16.93159999875453	2.082663223185926
	gen16ind7	1219.8648810548962	0.07889963286572349	0.9973331902514175	0.639607360431071	1.1746653610036781	0.5843858624415537	6242.04571901491	3894.9468960666995	0.00041991846764139395	12.931347041764653	16.850511560649835	2.3686140273071006
	gen18ind8	1222.891954458678	0.07526109829710408	0.9993965605547319	0.5788300999883682	1.2087846602176358	0.5828702636309177	5834.828909548685	3527.461609070034	0.001773084229983029	12.931065476851028	16.778741188688258	2.0171897919291943
	gen18ind11	1226.5119328527085	0.07908955890890795	0.9973493841968433	0.6305393474853311	1.1715304183973703	0.5843858624415537	6242.04571901491	3346.7089019174873	0.00041991846764139395	12.931347041764653	16.797297166448146	2.3686140273071006
	gen14ind4	1229.6730181301145	0.0691934481849866	0.9914123764675085	0.5815584924104706	1.2085514370091885	0.58851051630584	6176.631778509898	3983.681967031636	0.007717807301321493	12.618679488560835	16.93159999875453	2.2732882508287267
	gen18ind19	1230.2783007938174	0.07486714257071803	0.9981107810760075	0.5890636270383274	1.2087846602176358	0.5807657468054641	6145.9724714322565	3257.6017091421627	0.005186257601529317	12.931065476851028	16.982224730496238	2.1596033348588373
	gen19ind17	1232.105238177236	0.0778942176549911	0.9996172771536007	0.593566300996007	1.2269959225497105	0.5905994240713023	5824.595443462906	2844.711334459084	0.002704938024145153	12.753792517126826	16.732044009627856	2.061918609355489
	gen14ind7	1233.5717044904936	0.07039158201117965	0.9914123764675085	0.5815584924104706	1.2101504274902393	0.58851051630584	6056.0225904331555	3889.7451396990864	0.007717807301321493	12.618679488560835	16.93159999875453	2.1358391841906315
	gen18ind14	1237.8263160896968	0.07496013630347151	0.9960283826057936	0.5509918100473804	1.2087846602176358	0.5807657468054641	5834.828909548685	3257.6017091421627	0.008580334347071516	12.947914707225234	16.979539699135906	2.0364041872478813
	gen17ind6	1239.7893096796056	0.07868601428159641	0.9996172771536007	0.6581734227468329	1.2313309677104427	0.6017980176054526	6138.745466166936	2847.39165706557	0.005276222381697228	12.559506760633246	16.785057269774338	2.140422258917037
	gen15ind4	1239.853001844576	0.07996598148146689	0.991081301569205	0.646232632110356	1.1814390002305732	0.583382033389786	6311.879432443724	3080.4322122261738	0.004586708692763789	12.997995294276361	16.540600426899168	2.2043184157323585
	gen20ind10	1242.9674939804856	0.07990223330808346	0.9882575683016408	0.6379157948824774	1.1814390002305732	0.5834913628276686	6311.879432443724	3102.1345421380865	0.0013777791629404762	12.997995294276361	16.55686317051422	2.2798137868125243
	gen16ind8	1245.3722169932794	0.07990223330808346	0.9905295100720328	0.6451098031169864	1.1598405693331297	0.5898610914881945	6311.879432443724	2622.17578015893	0.0021481371424637978	12.844277068400098	16.74480638410007	2.3686140273071006
	gen16ind12	1250.6127296233406	0.07897921658783588	0.9936787548393744	0.659915125316094	1.222250406044041	0.6018956010052975	6565.634634575163	2482.272860476988	0.007645300146491171	12.59543170147123	16.980676905603822	2.3362139787436584
	gen16ind16	1251.7888393531584	0.07120425641035516	0.9871061529733774	0.5732416551825921	1.1925826018052448	0.58851051630584	6223.055937710069	3953.8206206355408	0.004226547733391976	12.618679488560835	16.85484547583094	2.2424474895063655
	gen13ind16	1254.0465594361299	0.07039158201117965	0.9868684929267245	0.6394765243653227	1.1707145568639037	0.5916508228314022	6461.581199157588	3534.96538600845	0.006128179717431846	12.618679488560835	16.93159999875453	2.443588665022959
	gen16ind0	1256.7433678806897	0.07827688450973244	0.9991419570602948	0.6672749226716879	1.2121505908325094	0.6033836863836131	6437.801508022911	2482.272860476988	0.009466006587496663	12.591394033190202	16.817548335585755	2.474965949316512
	gen20ind14	1257.5381889677574	0.07909490487077166	0.9996172771536007	0.599289878878168	1.2369043989071655	0.5807657468054641	6043.39132058199	3972.7245792762433	0.001557374831545554	13.13538970000829	16.647837388593956	2.0829509051030755
	gen19ind2	1258.707738329554	0.0778942176549911	0.9996172771536007	0.6088583351355354	1.2342614625358739	0.5981248049339819	6002.850737192062	3048.7683318488184	0.009130581037382852	12.61046974365398	16.833298876905737	2.061918609355489
	gen19ind9	1261.8985934958807	0.0778942176549911	0.99422904733183	0.6405969349933646	1.2269959225497105	0.5905994240713023	5821.86064846212	3382.9813769711654	0.002704938024145153	12.747980570354423	16.732044009627856	2.076833361217364
	gen16ind10	1263.2454151655752	0.07827688450973244	0.9999468530471874	0.6525553279605001	1.2046546258139426	0.5978836405485576	6316.299205367526	2651.421674566389	0.004045190745629711	12.749249657427537	16.817548335585755	2.4092048361426306
	gen13ind11	1264.580492613451	0.07990223330808346	0.9905295100720328	0.6432814508603368	1.172716955406055	0.5878956069067234	6311.879432443724	2836.0350812956267	0.0006627810106321361	12.931347041764653	16.664039289738575	2.3686140273071006
	gen16ind5	1266.390976288198	0.07039158201117965	0.9914123764675085	0.5815584924104706	1.2101504274902393	0.5904174164745566	6117.3333903881985	3889.7451396990864	0.007717807301321493	12.618679488560835	16.93159999875453	2.2157313173508513
	gen21ind14	1266.82770710419	0.07998594817053609	0.9905295100720328	0.6200715250450983	1.1894176970442973	0.5826488691892979	6242.04571901491	3564.610584496774	0.0006990345880472973	12.931347041764653	16.740811023371506	2.3686140273071006
	gen18ind10	1267.1040268593233	0.07949589610849571	0.9905295100720328	0.6379157948824774	1.1872429066264156	0.5836342973366487	6311.879432443724	3102.1345421380865	0.0013777791629404762	13.014889348365868	16.540600426899168	2.1426368930876363
	gen12ind16	1267.5156787748392	0.07990223330808346	0.9905295100720328	0.6432814508603368	1.172716955406055	0.5878956069067234	6311.879432443724	2836.0350812956267	0.0013777791629404762	12.931347041764653	16.664039289738575	2.3788813341268513
	gen15ind3	1269.2873547257345	0.07588061685734633	0.9868684929267245	0.6182699955420445	1.187708885443189	0.5908717776633545	5813.208574028451	2924.5512816003325	0.006934749030482319	12.554399422322298	16.55865545693201	2.086101058799007
	gen13ind8	1271.3807435605945	0.07827688450973244	0.9973114484876406	0.659915125316094	1.2046546258139426	0.6018956010052975	6316.299205367526	2526.5309606293413	0.007645300146491171	12.59543170147123	16.817548335585755	2.4051252456134717
	gen14ind13	1273.9279935701902	0.07801331408883314	0.9905295100720328	0.6432814508603368	1.172716955406055	0.5878956069067234	6550.404693891243	2836.0350812956267	0.0008473196729677467	12.865331484354407	16.779448926642264	2.3686140273071006
	gen11ind12	1275.568433890258	0.07588061685734633	0.9873099261244623	0.6580010455715246	1.187708885443189	0.5959195278202032	6223.055937710069	2586.2536534215315	0.008264946514931681	12.554399422322298	16.55865545693201	2.3604548462487824
	gen14ind10	1281.501783986747	0.07360900385550043	0.9996172771536007	0.5798042511446786	1.2087846602176358	0.5849747804563712	5834.828909548685	3748.4146418200507	0.006730653190308781	12.931065476851028	16.962204974552858	2.0829509051030755
	gen15ind1	1282.550286593115	0.07990223330808346	0.9905295100720328	0.6761370714630044	1.1699618294942757	0.5870865391469676	6311.879432443724	3102.1345421380865	0.0013777791629404762	12.997995294276361	16.540600426899168	2.3207058372905935
	gen15ind15	1289.3442903505597	0.07588061685734633	0.9855345967015254	0.6672633061746256	1.1956932503072868	0.5955300052361794	6020.766877057999	1821.6002373371373	0.008203532387302977	12.52720361438227	16.55865545693201	2.253126823687813
	gen20ind12	1291.8499478347771	0.07990223330808346	0.9905295100720328	0.6379157948824774	1.1814390002305732	0.5861118731175124	6228.954451932161	3102.1345421380865	0.0013777791629404762	12.997995294276361	16.540600426899168	2.208398006261518
	gen20ind11	1299.4441970274768	0.07833245260733007	0.997071980998897	0.5940536813643041	1.1814390002305732	0.5806256659426445	6193.116128053491	3545.7293424437685	0.0013777791629404762	13.178868299708578	16.540600426899168	2.0366089700632726
	gen12ind0	1302.322974380879	0.07588061685734633	0.9852587009529392	0.6580010455715246	1.1871960860176443	0.5959195278202032	6223.450886967184	2586.2536534215315	0.008047538474690665	12.55769557244179	16.55865545693201	2.3604548462487824
	gen18ind15	1303.109584301912	0.07574883164689668	0.9868684929267246	0.659740966957477	1.1792327764265713	0.5986803373161298	6219.887557429807	2005.6585538396616	0.0026970463134581976	12.50781015676116	16.434171638495787	2.2289326199010198
	gen17ind0	1306.493197610498	0.07838014967473936	0.9899243228424157	0.659915125316094	1.222250406044041	0.6018956010052975	6565.634634575163	2482.272860476988	0.007645300146491171	12.600093675348294	16.913218918751987	2.3362139787436584
	gen17ind18	1307.1166702950718	0.07827688450973244	0.9991419570602948	0.634622146685534	1.2293174943804726	0.6033836863836131	6437.801508022911	3157.5472600356447	0.009466006587496663	12.627328215583518	16.817548335585755	2.474965949316512
	gen15ind18	1310.3566780468045	0.07046522638889449	0.9902594621345284	0.5815584924104706	1.2085514370091885	0.58851051630584	6417.366926419319	3260.585157708185	0.009261940209207193	12.618679488560835	16.954501106180047	2.434375421083925
	gen19ind13	1315.83464070124	0.07827688450973244	0.9930434606954429	0.6968031757497009	1.2121505908325094	0.6033836863836131	6437.801508022911	2250.8961812288826	0.008807480571242044	12.590488439094475	16.64210551994648	2.585471212093246
	gen18ind12	1319.9386618918297	0.07868601428159641	0.9988640291148041	0.6292401602027553	1.2313309677104427	0.5986636439978483	6138.745466166936	2847.39165706557	0.005276222381697228	12.745286118742136	16.88229848445512	2.140422258917037
	gen16ind11	1321.8847397785544	0.07528154994424979	0.9841227300677433	0.6570440056992399	1.1907209238771872	0.5959195278202032	6223.055937710069	2468.134596198349	0.0085012147938597	12.554399422322298	16.49666700445697	2.3716224460899547
	gen15ind7	1322.6250454007359	0.07574597457272808	0.9868684929267245	0.6394765243653227	1.1707145568639037	0.5916508228314022	6529.205026124501	3534.96538600845	0.006128179717431846	12.808337391418597	16.736100212826848	2.411143542739355
	gen18ind13	1325.4135062133223	0.07827688450973244	0.9991419570602948	0.6377466695936749	1.2046546258139426	0.6048113157371365	6361.19204332086	2482.272860476988	0.008825607359949625	12.59543170147123	16.849544409811443	2.474965949316512
	gen15ind8	1326.857140141166	0.07718139732789464	0.9945826290764435	0.6990934417689056	1.1811720091496478	0.6013166211042342	6223.055937710069	2792.630421471801	0.007228925155199212	12.625271788799822	16.6256065302977	2.426373343641155
	gen14ind15	1327.5154318800905	0.07774413632728522	0.9987729308726139	0.574177009866604	1.1979205293843136	0.5841948571175835	5879.240656915513	3529.2705442229826	0.0013777791629404762	13.021998054477605	16.72034895048131	2.20104391659188
	gen16ind17	1331.2760758992417	0.07827688450973244	0.997521518959435	0.6562410348868282	1.1856526969029757	0.6044994189887933	6370.822101864833	2822.491767867896	0.007575001916834628	12.604755649225357	16.81207880120896	2.3381196465664376
	gen18ind5	1339.8733015610876	0.07574883164689668	0.9868684929267246	0.6450530780420956	1.197975391340987	0.5994243800052875	6402.610552276687	2005.6585538396616	0.005954493278456834	12.55769557244179	16.44429722306459	2.2821085809057253
	gen18ind2	1342.9911126517673	0.0793323266659614	0.9905295100720328	0.6379157948824774	1.1814390002305732	0.583382033389786	6179.076718318075	3102.1345421380865	0.0013777791629404762	13.092525289473064	16.540600426899168	2.208398006261518
	gen17ind5	1343.1274540312513	0.07588061685734633	0.9855345967015254	0.6672633061746256	1.1817590922522572	0.5955300052361794	6190.457077743758	1821.6002373371373	0.006057517187206642	12.655248383331664	16.71397282973415	2.3229675273908534
	gen11ind18	1343.2713610685814	0.07990223330808346	0.9905295100720328	0.6379157948824774	1.1814390002305732	0.583382033389786	6311.879432443724	2836.0350812956267	0.0013777791629404762	13.021998054477605	16.66634231262215	2.4025194377439547
	gen18ind0	1349.6381983467418	0.07930597006531123	0.9905295100720328	0.6534182220188226	1.1751819550206857	0.5878956069067234	6311.879432443724	2836.0350812956267	0.0012633110469146272	12.931347041764653	16.664039289738575	2.4258695788409654
	gen16ind18	1350.3759996723188	0.07809089704422548	0.9998549372002536	0.5602511859410292	1.2369043989071655	0.5897991802944524	5804.031872613279	3282.049561324129	0.00320296212977247	12.916145433186731	16.74716470260602	2.0829509051030755
	gen12ind13	1351.3536079964724	0.07827688450973244	0.9911577729730715	0.659915125316094	1.2046546258139426	0.6018956010052975	6316.299205367526	2526.5309606293413	0.007645300146491171	12.59543170147123	16.808374247605066	2.5438772161863255
	gen15ind14	1351.517100099283	0.07568928342997566	0.9852587009529392	0.6324726504812453	1.1871960860176443	0.5959195278202032	6049.268224522248	2586.2536534215315	0.008047538474690665	12.55769557244179	16.55865545693201	2.188851528119791
	gen15ind17	1351.845879751978	0.07681237659231578	0.9974556936826432	0.5767261625555336	1.2028258704000148	0.5807657468054641	5834.828909548685	3869.5361952511084	0.005056918221878425	13.108703662941618	16.486860350046985	2.0829509051030755
	gen13ind0	1354.9128276855424	0.07483639612884807	0.9935300737145594	0.6239224957578738	1.2026652479712738	0.583382033389786	6439.27246060462	2921.052891267105	0.004986396085299478	13.013244976416514	16.674073742637823	2.416978926194137
	gen11ind3	1355.5778928352297	0.07982185778041492	0.9991758439558629	0.5993663312332956	1.2266624540299809	0.5858240275065058	5889.765370225486	3858.4630680076457	0.004397980530140242	13.057699929136238	16.42880179600205	2.0974103935532575
	gen15ind11	1361.7899072341806	0.07872344883692906	0.9894487183365541	0.6379157948824774	1.1814390002305732	0.583382033389786	6311.879432443724	3102.1345421380865	0.0015326907550506038	13.116937162332043	16.413075112092574	2.208398006261518
	gen18ind3	1363.6183488269635	0.07496013630347151	0.9938045575818765	0.5509918100473804	1.192815825013692	0.5862342502438229	5892.048691517034	3434.482819551482	0.0035761552567219012	12.931065476851028	16.979539699135906	2.0364041872478813
	gen13ind9	1364.9219695800168	0.07982858893036862	0.9966831855866021	0.5988173976690544	1.1814390002305732	0.5841948571175835	6117.765918363032	3529.2705442229826	0.0013777791629404762	13.021998054477605	16.772887644523507	2.2637674671711014
	gen11ind4	1366.6226576823142	0.07573332810191666	0.9996172771536007	0.5767261625555336	1.215427657389144	0.5807657468054641	5834.828909548685	3972.7245792762433	0.004557034330719771	13.154029169298095	16.57700363289339	2.0829509051030755
	gen16ind19	1366.989901230378	0.07588061685734633	0.9855345967015254	0.6672633061746256	1.2041661204926637	0.6010419169071508	6275.477604675971	2059.9073906558006	0.008203532387302977	12.52720361438227	16.750343805476994	2.253126823687813
	gen15ind6	1370.5369725416056	0.0770787506835394	0.9916330930663774	0.659915125316094	1.1811720091496478	0.6013166211042342	6223.055937710069	2822.491767867896	0.007575001916834628	12.604755649225357	16.682632361882085	2.3381196465664376
	gen10ind9	1371.0667444343994	0.07039158201117965	0.9914123764675085	0.6326456671927888	1.1887344842942786	0.5972272938066285	6222.26603919584	2633.795691231484	0.007699994813096406	12.618679488560835	16.93496062016089	2.3604548462487824
	gen11ind8	1371.1179860982845	0.07039158201117965	0.9914123764675085	0.6088817082018507	1.187708885443189	0.5916508228314022	6223.055937710069	3534.96538600845	0.007717807301321493	12.618679488560835	16.93159999875453	2.443588665022959
	gen17ind10	1371.4113377516774	0.07588061685734633	0.9855345967015254	0.6672633061746256	1.197954024508439	0.5955300052361794	6020.766877057999	1258.9337762318007	0.008203532387302977	12.658575743726622	16.565311031451817	2.253126823687813
	gen8ind16	1372.8077498207933	0.07039158201117965	0.9914123764675085	0.6326456671927888	1.187708885443189	0.5972272938066285	6223.055937710069	2586.2536534215315	0.007717807301321493	12.618679488560835	16.93496062016089	2.3604548462487824
	gen12ind6	1372.9437346995167	0.07827688450973244	0.9916330930663774	0.659915125316094	1.1811720091496478	0.6013166211042342	6223.055937710069	2792.630421471801	0.0072651787326143726	12.625271788799822	16.682632361882085	2.3604548462487824
	gen13ind4	1373.8210277444855	0.07827688450973244	0.9916330930663774	0.659915125316094	1.1809156094368753	0.6013166211042342	6223.055937710069	2792.630421471801	0.007156474712493865	12.626919863859568	16.682632361882085	2.3604548462487824
	gen16ind2	1375.153694676249	0.07506794245817082	0.9855345967015254	0.6802112737040547	1.203195156525093	0.5955300052361794	6011.271986405579	1821.6002373371373	0.007979203841038528	12.64190402865978	16.55865545693201	2.253126823687813
	gen15ind12	1376.6326590782867	0.07112529120889442	0.9868684929267245	0.6515476396944462	1.1867076861721133	0.5946855780007879	6051.73383547597	2924.5512816003325	0.008213057844174861	12.60193435427961	16.692435811439985	2.319588075110948
	gen12ind12	1378.3675734552944	0.07320974381197783	0.9832074757814162	0.6746407135512712	1.1743622988957565	0.5992121042787807	6417.169451790761	1950.1489461284743	0.008264946514931681	12.554399422322298	16.808374247605066	2.491977072596545
	gen9ind2	1382.3010581683152	0.07573332810191666	0.9996172771536007	0.5993663312332956	1.2144020585380542	0.5906421408894735	5834.828909548685	3858.4630680076457	0.004397980530140242	12.91051618880915	16.43552303881477	2.0974103935532575
	gen16ind15	1382.7470188805519	0.07990223330808346	0.9905295100720328	0.6432814508603368	1.1746653610036781	0.5812030645569946	6047.932204934218	3564.610584496774	0.0006990345880472973	13.08754003590975	16.72106512132296	2.3686140273071006
	gen10ind10	1386.4931593270112	0.07573332810191666	0.9996172771536007	0.5886350192775767	1.2144020585380542	0.5816149938555988	5834.828909548685	3858.4630680076457	0.004397980530140242	13.154029169298095	16.43552303881477	2.0829509051030755
	gen19ind15	1388.5609008802007	0.07827688450973244	0.9956256942773587	0.6526582600377118	1.202370918102496	0.6018956010052975	6565.634634575163	2482.272860476988	0.007772333318511767	12.679805495188898	16.999111099561937	2.474965949316512
	gen20ind2	1389.8564171166872	0.07773198940809545	0.9909183054843278	0.6131252039738946	1.1814390002305732	0.581595592507238	6193.116128053491	3287.2935478451127	0.0013777791629404762	13.176314630553104	16.533104697027767	2.208398006261518
	gen15ind19	1390.5935827467217	0.07827688450973244	0.9916330930663774	0.669177385919195	1.1896691734392904	0.6034509735986346	6223.055937710069	2318.274555178342	0.00833356213136429	12.593131755680552	16.682632361882085	2.3604548462487824
	gen17ind2	1391.4147005323775	0.0770787506835394	0.9916330930663774	0.659915125316094	1.1811720091496478	0.6013166211042342	6181.198863576562	2822.491767867896	0.007575001916834628	12.620001628255118	16.682632361882085	2.3381196465664376
	gen11ind10	1393.8909899492432	0.07928121024651649	0.9905295100720328	0.5894093867883542	1.2122296764270424	0.5876807213566915	5819.312819664407	3977.908453592026	0.004197773419246012	12.913046969215006	16.671799343862382	2.4025194377439547
	gen14ind19	1395.9056037131156	0.07573332810191666	0.9974556936826432	0.5767261625555336	1.215427657389144	0.5807657468054641	5834.828909548685	3869.5361952511084	0.005056918221878425	13.154029169298095	16.515015180418352	2.0829509051030755
	gen14ind3	1396.8601978317756	0.07285815788494743	0.9955148268105546	0.6041927806593991	1.2054025694274655	0.5807657468054641	6026.782649509831	3972.7245792762433	0.005605341322466508	13.154029169298095	16.57700363289339	2.0829509051030755
	gen10ind8	1397.041839258959	0.07588061685734633	0.9873099261244623	0.6580010455715246	1.187708885443189	0.6013166211042342	6223.055937710069	2586.2536534215315	0.008264946514931681	12.554399422322298	16.808374247605066	2.3604548462487824
	gen12ind10	1398.2575330406612	0.07573332810191666	0.9996172771536007	0.5886350192775767	1.2264060543172084	0.5821466635832693	5834.828909548685	3858.4630680076457	0.004397980530140242	13.154029169298095	16.426073280381928	2.0829509051030755
	gen13ind13	1398.9289919901285	0.07736931471846577	0.9905295100720328	0.6309191453201757	1.1920521241009236	0.583382033389786	6236.8578685482535	3147.479870771761	0.0013777791629404762	13.021998054477605	16.66634231262215	2.4025194377439547
	gen12ind18	1401.9428249314064	0.07963361258093309	0.9969416792279533	0.603070533503209	1.214280874129222	0.5816835392895168	6076.56643259305	3953.5471436275507	0.0016958867640995343	13.171130799346791	16.873398316290043	2.419669195269348
	gen19ind7	1406.13078402387	0.07588061685734633	0.9828764008831129	0.6580010455715246	1.187708885443189	0.5908717776633545	6056.21317933922	2005.6585538396616	0.006440167542656469	12.776939839263349	16.3119432170582	2.2289326199010198
	gen18ind9	1413.9753734412213	0.07412105189980153	0.998568408219171	0.5509918100473804	1.2087846602176358	0.5807657468054641	5834.828909548685	3257.6017091421627	0.0070674148246514185	13.007974454829183	16.979539699135906	2.0364041872478813
	gen19ind1	1416.4391699208657	0.07990223330808346	0.9905295100720328	0.6432814508603368	1.1746653610036781	0.5899579338388665	6242.04571901491	3564.610584496774	0.004311725427472185	12.931347041764653	16.72106512132296	2.3686140273071006
	gen11ind13	1422.2437308496778	0.07827688450973244	0.9873099261244623	0.659915125316094	1.187708885443189	0.6013166211042342	6223.055937710069	2526.5309606293413	0.0072651787326143726	12.625271788799822	16.808374247605066	2.3604548462487824
	gen21ind9	1424.362905584242	0.07866528186132424	0.9859856265312489	0.6518461675355502	1.147842283082655	0.5806231657584486	6200.188644881404	3071.794536240519	0.0014220729607128985	13.118859714199395	16.67483397200921	2.2971982467560945
	gen14ind16	1425.9160744295664	0.06957890761200414	0.9914123764675085	0.5925581576272789	1.2085514370091885	0.5977673001135957	6225.26582417197	3953.8206206355408	0.00914843220690316	12.618679488560835	16.997384033754013	2.3663023397322567
	gen16ind6	1429.0594140164665	0.07133889869497341	0.9816698064051322	0.6280849897218139	1.1956932503072868	0.5955300052361794	6020.766877057999	1821.6002373371373	0.008203532387302977	12.538827507927072	16.55865545693201	2.253126823687813
	gen11ind9	1433.125579893507	0.07298881067883331	0.9983314976748763	0.5886350192775767	1.2144020585380542	0.5816149938555988	5834.828909548685	3858.4630680076457	0.004397980530140242	13.154029169298095	16.498816225092682	2.1184426893008435
	gen19ind10	1434.5624177159152	0.07989320180598455	0.9897762620332362	0.6143481883162594	1.1788979007858909	0.5811542728570721	5962.048649346312	3486.8833973431592	0.0006990345880472973	13.099163929454551	16.802060803098037	2.2013421821073633
	gen12ind3	1439.464331981571	0.07956587174275057	0.9905295100720328	0.6108104741241368	1.239736206617063	0.5802804615205862	5908.6512564603345	3226.9606622916526	0.002041297338929604	13.105705449538723	16.68028556744801	2.63820777861348
	gen11ind17	1442.36419116944	0.07956587174275057	0.9905295100720328	0.6108104741241368	1.239736206617063	0.5802804615205862	5908.6512564603345	3326.2641463227264	0.0013777791629404762	13.105705449538723	16.68028556744801	2.4856532565181313
	gen13ind1	1442.5543040905904	0.07560601146436394	0.9870553226300254	0.6878748776347217	1.1913080392665099	0.6018956010052975	6487.81189650769	2031.7990927851674	0.007645300146491171	12.59543170147123	16.987352741238816	2.69289649357893
	gen11ind11	1447.0125949539884	0.07483639612884807	0.9996837492291285	0.6239224957578738	1.2026652479712738	0.583382033389786	6161.836304652783	3725.024121090355	0.003632323884352177	13.166141820442117	16.655759679202653	2.416978926194137
	gen12ind14	1448.18794655549	0.0735617466251148	0.9873099261244623	0.659915125316094	1.1682321011497931	0.6013166211042342	6389.70122145236	2364.7821196297436	0.0072651787326143726	12.625271788799822	16.808374247605066	2.3604548462487824
	gen17ind1	1453.5522551383951	0.07990223330808346	0.9905295100720328	0.6379157948824774	1.1814390002305732	0.583382033389786	6457.435710136586	3102.1345421380865	0.0023925965253949444	13.200067007967553	16.540600426899168	2.2661416080711616
	gen13ind18	1456.6110076963548	0.07983029197016747	0.9998454865092814	0.5579386766891936	1.233184266792657	0.5816835392895168	5910.504650609127	3953.5471436275507	0.0016958867640995343	13.204555687731094	16.93599235173977	2.419669195269348
	gen15ind2	1458.8935662664726	0.07200029293334004	0.9868684929267245	0.6385994037324266	1.1707145568639037	0.5955232075815902	6267.4676850768965	3525.5134066880987	0.007613535849263508	12.618679488560835	16.94690248665369	2.443588665022959
	gen12ind7	1462.0979758578121	0.07039158201117965	0.9914123764675085	0.6326456671927888	1.1887344842942786	0.6013616885274367	6177.854291829012	2983.2608435878956	0.009129991117713086	12.58297979439755	16.93496062016089	2.3809894598882844
	gen13ind2	1463.604529942792	0.07483639612884807	0.9996837492291285	0.6019171718002678	1.2026652479712738	0.5864913139461329	6161.836304652783	3837.3747666997697	0.0012663185905657545	13.166141820442117	16.406040888529596	2.416978926194137
	gen7ind16	1468.2823544050868	0.07928121024651649	0.9569525500545741	0.6883925244039442	1.1742257433315881	0.583382033389786	5973.867378161727	3858.4630680076457	0.00010775528627345033	12.714292792858808	16.287755268920144	2.2605523009528827
	gen10ind2	1473.9072500935895	0.07762970919340548	0.9905295100720328	0.6108104741241368	1.2246772460446995	0.583382033389786	5823.699613788587	3725.024121090355	0.00010933788375775202	13.105705449538723	16.48900396582531	2.4025194377439547
	gen11ind14	1474.106707295377	0.07866018718494952	0.9975407575617008	0.5789437340097601	1.2308494496305251	0.5918001006916	6021.315444863599	3133.102506613246	0.003438803574437029	12.913046969215006	16.92151813453544	2.4025194377439547
	gen13ind10	1481.7827579058185	0.07039158201117965	0.9914123764675085	0.6643842670506179	1.1707006318884883	0.6049266185780663	6416.379553276532	2414.9160945975873	0.007540363533823439	12.58297979439755	16.93496062016089	2.3809894598882844
	gen9ind12	1484.7944624467345	0.07039158201117965	0.9914123764675085	0.6322730980355749	1.187708885443189	0.6014363274575356	6223.055937710069	2645.9763462137216	0.007717807301321493	12.618679488560835	16.93496062016089	2.4314384146443184
	gen15ind13	1488.7102752664882	0.07499961890420187	0.9981502313701016	0.574177009866604	1.1979205293843136	0.5841948571175835	5804.473491351501	3818.98371263824	0.0012129135762558902	13.021998054477605	16.90682122139257	2.20104391659188
	gen14ind5	1494.2798058274027	0.07039158201117965	0.9827660425836784	0.6394765243653227	1.1707145568639037	0.5955232075815902	6461.581199157588	3525.5134066880987	0.007613535849263508	12.618679488560835	16.93159999875453	2.549924937726957
	gen14ind11	1503.1519955058825	0.07120425641035516	0.9880214072597046	0.6326456671927888	1.1887344842942786	0.6013616885274367	6175.644405367111	3138.0129039210383	0.005996230625937739	12.58297979439755	16.859357608679087	2.379686555953526
	gen17ind4	1508.3856499046783	0.07477547676390675	0.9784932564754878	0.7109928336895991	1.2041661204926637	0.6010419169071508	6383.84510689833	984.3452196862477	0.008203532387302977	12.667267295019961	16.750343805476994	2.338214782980182
	gen9ind17	1511.6424731414738	0.07928121024651649	0.9905295100720328	0.6108104741241368	1.2122296764270424	0.583382033389786	5978.993749305483	3725.024121090355	0.0013777791629404762	13.105705449538723	16.66634231262215	2.4025194377439547
	gen7ind8	1513.771220182108	0.07928121024651649	0.9905295100720328	0.6108104741241368	1.2122296764270424	0.583382033389786	5973.867378161727	3977.908453592026	0.0013777791629404762	13.105705449538723	16.66634231262215	2.4025194377439547
	gen14ind6	1518.6137505211784	0.07622875982035499	0.9966831855866021	0.6090366981444401	1.1814390002305732	0.5893172462045311	6117.765918363032	3529.2705442229826	0.0021363393774701386	13.010374160932802	16.772887644523507	2.3139117427527847
	gen12ind11	1518.6533348756348	0.06559904670640744	0.9919898061707271	0.6134970682550944	1.187708885443189	0.5957199267897375	5905.076587449467	2705.699039005912	0.004949771630377689	12.662731613872412	16.742946647939675	2.5645235060664446
	gen18ind4	1520.7603006929035	0.07827688450973244	0.9947043674251359	0.6655011465121523	1.2322695733434117	0.6094632378018001	6586.918199336456	2457.8764418837327	0.006150938079873944	12.597985370626702	16.999986219178567	2.474965949316512
	gen14ind0	1531.228125742672	0.07827688450973244	0.9911577729730715	0.659915125316094	1.2079761243996967	0.6018956010052975	6316.299205367526	2526.5309606293413	0.007645300146491171	12.706913547694763	16.808374247605066	2.5438772161863255
	gen11ind15	1534.63358371289	0.075653584815251	0.9905295100720328	0.619738855438632	1.2122296764270424	0.5918001006916	6168.895604102512	3659.8560999454976	0.0057250168821184975	12.913046969215006	16.92151813453544	2.4025194377439547
	gen9ind1	1536.3649561090801	0.07928121024651649	0.9950733936128168	0.6060490547681008	1.2122296764270424	0.595628052821308	5904.348143855206	3977.908453592026	0.004962945779558008	12.821749382535135	16.92151813453544	2.4025194377439547
	gen17ind14	1539.452443562346	0.07717174441629288	0.9913954330197244	0.659915125316094	1.1650471226030363	0.6118815482041509	6603.857318691011	2822.491767867896	0.009024104471251128	12.555601216632393	16.682632361882085	2.3381196465664376
	gen17ind11	1542.52238375885	0.07683846819535622	0.9996172771536007	0.563925276370295	1.2251537994248867	0.5893723382453792	5834.828909548685	3070.866826413536	0.004557034330719771	13.125536386253259	16.771746120734722	2.0829509051030755
	gen8ind11	1546.459593442606	0.07928121024651649	0.9905295100720328	0.6060490547681008	1.2122296764270424	0.5918001006916	5973.867378161727	3977.908453592026	0.004962945779558008	12.913046969215006	16.92151813453544	2.4025194377439547
	gen15ind0	1547.007204888541	0.07360900385550043	0.9963906308027877	0.5602511859410292	1.2366508550963946	0.5849747804563712	5974.68312299971	3748.4146418200507	0.00547161134283068	13.076502299044483	16.962204974552858	2.0829509051030755
	gen12ind15	1557.3788152367795	0.061656395457131044	0.9934636016390315	0.6326456671927888	1.187708885443189	0.5968362359104878	6143.938026543326	2735.560385402007	0.006154639535117794	12.61538333844134	16.998253806438804	2.5645235060664446
	gen8ind2	1558.28070081348	0.07928121024651649	0.9905295100720328	0.6021827597292626	1.2122296764270424	0.583382033389786	5973.867378161727	3977.908453592026	0.0013777791629404762	13.147432483686845	16.66634231262215	2.4025194377439547
	gen11ind7	1558.6179960823274	0.07573332810191666	0.9898450638644825	0.5993663312332956	1.1969579688890177	0.5906421408894735	5834.828909548685	3858.4630680076457	0.002678560746683433	12.972727143872191	16.43091699304762	2.0356746978688687
	gen13ind7	1575.757803922084	0.07990223330808346	0.9864270597289867	0.6643365029065325	1.1714139122688947	0.5916128068903682	6311.879432443724	2836.0350812956267	0.002949259404128794	13.021998054477605	16.747949562335233	2.4025194377439547
	gen14ind2	1577.688344060538	0.07627397563581509	0.9937355946499931	0.6115246566993683	1.2255156707700587	0.5827281503965733	5890.932373742222	3705.5906450752336	0.0009448141272883656	13.173911096562968	16.532033158852776	2.4025194377439547
	gen13ind5	1578.1207841007986	0.06998298766797818	0.9914123764675085	0.6347374873524096	1.1887344842942786	0.5972272938066285	6218.736389470975	2633.795691231484	0.0066536483142132456	12.74522691417439	16.93496062016089	2.3604548462487824
	gen14ind12	1579.891352741446	0.07982858893036862	0.9992143640703519	0.5988173976690544	1.1814390002305732	0.5841948571175835	5923.65240428234	3538.722523543334	0.00020260732236038496	13.289672894846234	16.595589461592937	2.2637674671711014
	gen10ind13	1584.0390351444948	0.07928121024651649	0.9937355946499931	0.6108104741241368	1.213255275278132	0.583382033389786	6012.963467944514	3725.024121090355	0.0009448141272883656	13.267676767429268	16.66634231262215	2.4025194377439547
	gen10ind5	1593.993605746401	0.07963361258093309	0.9969416792279533	0.5869927606800505	1.214280874129222	0.5816835392895168	6076.56643259305	3953.5471436275507	0.0016958867640995343	13.43880563971542	16.949303500779386	2.419669195269348
	gen12ind4	1597.8549619621172	0.07866018718494952	0.9981249369497245	0.5789437340097601	1.2308494496305251	0.5880384432527319	6021.315444863599	3396.3208962536173	0.003438803574437029	13.193493483337647	16.92151813453544	2.423551733491541
	gen12ind5	1598.3488967023427	0.07446047904068379	0.988626928616179	0.619738855438632	1.209562786996809	0.5918001006916	6168.895604102512	3946.1001691764914	0.0057250168821184975	12.913046969215006	16.726775646694108	2.4025194377439547
	gen9ind6	1600.9368760456434	0.06559904670640744	0.9914123764675085	0.6326456671927888	1.187708885443189	0.5988808995592907	6143.938026543326	2705.699039005912	0.005928325250764234	12.618679488560835	16.93496062016089	2.5645235060664446
	gen16ind1	1620.7606447736416	0.07386980863197776	0.9848124694392086	0.6580010455715246	1.1948360104815459	0.6019935137433998	6077.499660017207	1945.986501021057	0.008322176872887069	12.680996417624748	16.55865545693201	2.3828192549619303
	gen6ind17	1639.203585340791	0.07928121024651649	0.9678775012717824	0.6280659029138853	1.2122296764270424	0.583382033389786	5973.867378161727	3858.4630680076457	0.00013977207093774236	13.02225138124248	16.629275231169032	2.2605523009528827
	gen12ind17	1642.5780258102232	0.0773485373377088	0.9975407575617008	0.5588555990710291	1.2368901548775482	0.5918001006916	5994.23527805982	3699.7650762713242	0.003438803574437029	13.056934559422599	16.978090078000626	2.4025194377439547
	gen11ind16	1652.657581809563	0.06861764093887973	0.9995161295663859	0.6253860992586473	1.18828227707315	0.6068876362579267	6115.966663084606	2586.2536534215315	0.005655372887555556	12.703600422450293	16.674790095504758	2.3105035736008324
	gen11ind0	1665.8050099926895	0.0720259593839855	0.9925807352435558	0.6381900754651995	1.212742475852587	0.5897039789288924	6368.6552519299385	3112.6904327022744	0.0029019213680614555	13.179572516806115	16.916061103295206	2.4025194377439547
	gen7ind6	1666.8435357582343	0.05958971348605458	0.9996172771536007	0.5815623412781034	1.2199367480184065	0.5910379376492021	5834.828909548685	3858.4630680076457	0.004397980530140242	12.964837310327102	16.43552303881477	2.046626077258119
	gen9ind3	1669.472288207106	0.07039158201117965	0.9995161295663859	0.6364738266819274	1.187708885443189	0.6077711560250204	6205.03394228252	2586.2536534215315	0.003928789686129618	12.76042422151588	16.790199732408446	2.3105035736008324
	gen10ind6	1673.9106275339973	0.07928121024651649	0.9932941614522552	0.5879840208677676	1.2122296764270424	0.583382033389786	5978.993749305483	3909.381487453164	0.0007116104887476354	13.349416511193478	16.66634231262215	2.321097396482445
	gen14ind8	1680.5751186415564	0.07835842823889849	0.9891917111092091	0.6316314774476399	1.2074818183642684	0.583382033389786	5890.932373742222	3137.2458960849253	0.0009448141272883656	13.26781754988608	16.532033158852776	2.4025194377439547
	gen11ind1	1683.1422977747147	0.07697537422505062	0.975757812421068	0.653576972749977	1.1405603106531892	0.6069715355323602	6476.321718891068	2080.4849884181895	0.004758755183318389	12.595917658359827	16.93496062016089	2.2362518001956015
	gen8ind7	1683.3195952637977	0.07697537422505062	0.975757812421068	0.653576972749977	1.1405603106531892	0.6077711560250204	6625.194555599337	2080.4849884181895	0.0074462649403822	12.595917658359827	16.93496062016089	2.2362518001956015
	gen11ind19	1686.0346249904956	0.07627397563581509	0.9937355946499931	0.5998928775898108	1.2255156707700587	0.583382033389786	5890.932373742222	3705.5906450752336	0.0009448141272883656	13.267676767429268	16.532033158852776	2.4025194377439547
	gen10ind15	1692.5457594051632	0.07697537422505062	0.975757812421068	0.653576972749977	1.152820706145116	0.6029530426420526	6500.600275825166	2080.4849884181895	0.006068834179500458	12.743101398686914	16.928239377348163	2.2362518001956015
	gen10ind3	1702.7666269139759	0.06559904670640744	0.995905686214685	0.6326456671927888	1.187708885443189	0.6068664272260009	6143.938026543326	2705.699039005912	0.005928325250764234	12.542368114711271	16.93496062016089	2.5185155739948835
	gen10ind11	1713.353604705002	0.06977055894961268	0.9995161295663859	0.6093685059235867	1.187708885443189	0.6077711560250204	6205.03394228252	2586.2536534215315	0.003928789686129618	12.76042422151588	16.54048094173539	2.2410828702796604
	gen13ind15	1714.2849699018557	0.07827688450973244	0.9849708614207384	0.659915125316094	1.2046546258139426	0.6081643482205061	6316.299205367526	1957.1457267949295	0.009961611461780923	12.71043949758868	16.759822136469744	2.5156151762136485
	gen10ind4	1719.6691093926188	0.07039158201117965	0.9953022389993045	0.6322730980355749	1.187708885443189	0.6075593371732966	6223.055937710069	2705.699039005912	0.009507673746414076	12.618679488560835	16.937451468882465	2.5024219830398544
	gen11ind6	1722.8529538939915	0.07928121024651649	0.9975407575617008	0.6108104741241368	1.2369796473764885	0.5872869910034408	5953.891933832758	3385.9868391149166	0.0013777791629404762	13.311169334844314	16.419984143355453	2.3258689901976917
	gen12ind9	1723.181226163778	0.075653584815251	0.9905295100720328	0.619738855438632	1.2122296764270424	0.5980688479068086	6168.895604102512	3534.96538600845	0.0057250168821184975	12.913046969215006	16.86767470669037	2.4025194377439547
	gen10ind1	1726.3816497797816	0.0720259593839855	0.9905295100720328	0.6381900754651995	1.2122296764270424	0.5839992094929429	6369.050201187053	3088.919413797298	0.0029019213680614555	13.39094546417579	16.781751949525834	2.4025194377439547
	gen14ind1	1727.4828286437041	0.07572722919296584	0.9905295100720328	0.619738855438632	1.2122296764270424	0.5993769911989696	6363.206592811761	3659.8560999454976	0.007470268954103945	12.913046969215006	16.81497280263408	2.4025194377439547
	gen9ind0	1728.031676997086	0.0720259593839855	0.9905295100720328	0.6381900754651995	1.2122296764270424	0.5917486425776952	6369.050201187053	3088.919413797298	0.0029019213680614555	13.147432483686845	16.916061103295206	2.4025194377439547
	gen13ind19	1735.4790937204068	0.075653584815251	0.9905295100720328	0.619738855438632	1.1862160158401054	0.5996196338414086	6326.097944727379	3659.8560999454976	0.0057250168821184975	12.913046969215006	16.86070307927744	2.3399202326092805
	gen1ind16	1740.2762575130316	0.034283668122583134	0.9977228439475015	0.7133042721719698	1.1268640085136878	0.6143855790356688	6696.595918703977	128.96007789198165	1.6794377213869612e-05	12.603856701778117	16.719772640140583	2.5765777304726063
	gen9ind10	1742.0094150503023	0.059413512318846284	0.9996172771536007	0.5815623412781034	1.2189111491673166	0.5932576728623242	5834.828909548685	3858.4630680076457	0.006623528874101118	12.964837310327102	16.4216303556928	2.0470460843583838
	gen10ind12	1745.262260146006	0.07928121024651649	0.9905295100720328	0.6060490547681008	1.2122296764270424	0.5985269539137311	5973.867378161727	3977.908453592026	0.004962945779558008	12.913046969215006	16.92151813453544	2.4025194377439547
	gen9ind15	1752.7579323476195	0.07656974313133573	0.9790160017576106	0.5693722123024488	1.2126040246785035	0.5841709546418203	5894.445671248728	3858.4630680076457	0.0013919071277641694	13.189259198580075	16.43552303881477	2.0680429072082527
	gen5ind18	1753.1231273934409	0.07963361258093309	0.9969416792279533	0.5869927606800505	1.214280874129222	0.5873606302653558	6041.80681543979	3953.5471436275507	0.000511849091636255	13.429648085319815	16.949303500779386	2.401679423543425
	gen3ind6	1756.9832171492167	0.047126346747422464	0.9981195363037094	0.6292703654887201	1.2187215383266556	0.5841736269092432	6078.717892586291	401.0455221569964	0.00010368118360309605	13.181140704560057	16.59252798596453	2.6088609383551447
	gen10ind14	1759.305035244086	0.07928121024651649	0.9795160673092376	0.6060490547681008	1.2088889400569052	0.595628052821308	5925.310264293531	3977.908453592026	0.0023427877871938707	12.821749382535135	16.956125886999885	2.4025194377439547
	gen12ind19	1762.0507530821767	0.06772070896581114	0.9873099261244623	0.6326456671927888	1.174875098321301	0.6026698318195975	6222.26603919584	2414.9160945975873	0.007699994813096406	12.648995351807795	16.887741196908543	2.540773726208724
	gen7ind7	1772.1299443656044	0.07656974313133573	0.9790160017576106	0.6017405483275491	1.2186515135844007	0.5841709546418203	5938.803693992716	3858.4630680076457	0.001528066763973564	13.250949648677063	16.476497943714655	2.0680429072082527
	gen12ind8	1773.191777702837	0.07551476016444839	0.9996837492291285	0.5874613134398521	1.2159512423142904	0.5864345075175726	6088.5915520942735	3725.024121090355	0.0008476779000947576	13.427091254100084	16.655759679202653	2.44658610070442
	gen13ind6	1773.30625936124	0.07963361258093309	0.9969416792279533	0.5869927606800505	1.214280874129222	0.5872837545677072	6037.655538088732	3953.5471436275507	0.0016958867640995343	13.43880563971542	16.878287533287928	2.4407014910169345
	gen8ind19	1781.6155979948408	0.07056778317838794	0.994368096191736	0.6265731104806883	1.1887344842942786	0.6077711560250204	6436.200506403314	2633.795691231484	0.007717807301321493	12.720388488891288	16.92355878576049	2.4310184075440535
	gen11ind2	1783.3108574333216	0.07565164905572891	0.9836185176522837	0.6060490547681008	1.2088889400569052	0.5915086734863995	5925.310264293531	3977.908453592026	0.0023427877871938707	12.967667732659294	16.706407096326828	2.4025194377439547
	gen4ind18	1794.6405513040863	0.05744418281140788	0.9969416792279533	0.5869927606800505	1.1894116775777916	0.5841736269092432	6041.80681543979	2105.094116241192	0.001775158826175923	13.209033704539312	16.949303500779386	2.324280242615437
	gen6ind12	1796.3113319723454	0.06839072974739735	0.9970977206728415	0.6581396688842802	1.1605600388867368	0.6110783675303446	6456.705990978338	2825.144424590292	0.0038673008392676816	12.674006410791629	16.844096543702697	2.644389119830926
	gen10ind18	1798.429582883526	0.07056778317838794	0.992096154421344	0.6426436208292376	1.1887344842942786	0.6077711560250204	6436.200506403314	2633.795691231484	0.007717807301321493	12.720388488891288	16.920830270140375	2.4310184075440535
	gen6ind16	1811.4116460539774	0.034283668122583134	0.9977228439475015	0.6620573731480532	1.1268640085136878	0.588659348349877	6273.1473655203845	1993.7115729498137	0.0002821342226501496	12.854781075658419	16.919812008310853	2.5765777304726063
	gen5ind16	1815.1930302396183	0.07851067161738542	0.9812959263304187	0.5869927606800505	1.1894116775777916	0.5841736269092432	6007.837096800758	3596.1019860068063	0.001432858808070469	13.310973354348771	16.949303500779386	2.324280242615437
	gen5ind15	1819.2211146175114	0.07039158201117965	0.9914123764675085	0.6364738266819274	1.187708885443189	0.6077711560250204	6436.200506403314	2586.2536534215315	0.007717807301321493	12.720388488891288	16.93496062016089	2.3604548462487824
	gen7ind18	1825.6523417234705	0.07928121024651649	0.9685026245464424	0.659991943407517	1.2122296764270424	0.5817313342905608	5955.845382734178	3858.4630680076457	0.0024238501694863555	13.204366601852936	16.66634231262215	2.454547354970252
	gen10ind19	1833.765478182614	0.07928121024651649	0.9907070790464279	0.5929498432070486	1.213255275278132	0.5992759493446245	5903.558245340977	3957.9579986216672	0.004962945779558008	12.948503665622775	16.92151813453544	2.473082999039226
	gen13ind12	1834.538834383681	0.07627397563581509	0.9937355946499931	0.5753405519938322	1.2252022304962336	0.5871360464020379	5890.932373742222	3972.4075075006963	0.0009448141272883656	13.267676767429268	16.532033158852776	2.4025194377439547
	gen9ind14	1835.9044396903876	0.07928121024651649	0.9639587410056585	0.6254345405471535	1.2122296764270424	0.580445918739922	6043.386612468248	3858.4630680076457	0.0005474740680864296	13.176139519144535	16.781751949525837	2.4384989811958007
	gen10ind7	1837.1030040886683	0.07928121024651649	0.9707745663168343	0.6006725147100294	1.2122296764270424	0.583382033389786	5876.753150425335	3841.8715580312914	0.0013832128893728431	13.105705449538723	16.737144587331702	2.1715789608314235
	gen9ind9	1838.930575610344	0.07963361258093309	0.9923977956871693	0.5992361174250491	1.214280874129222	0.5877417117865548	6041.80681543979	3986.730163580259	0.0007943317163451383	13.429648085319815	16.80769895136028	2.579626103786343
	gen5ind3	1845.3145423727003	0.07928121024651649	0.9685026245464424	0.6108104741241368	1.2122296764270424	0.583382033389786	5973.867378161727	3858.4630680076457	0.0005474740680864296	13.105705449538723	16.66634231262215	2.2605523009528827
	gen8ind8	1846.1210190504573	0.078159830769059	0.976649721796157	0.6364738266819274	1.1866832865920993	0.6077711560250204	6436.200506403314	2586.2536534215315	0.007717807301321493	12.720388488891288	16.81830306052232	2.3604548462487824
	gen4ind1	1848.5876310783697	0.04699398101479235	0.9892398671451246	0.5711862131721441	1.2232990553877467	0.5841736269092432	6193.25182131234	260.6846793398588	0.001362878062383804	13.214347692574623	16.74829212242192	2.5486252425756355
	gen10ind16	1855.323391396225	0.07674594429854403	0.9822220863355708	0.5574633555804056	1.2126040246785035	0.5841709546418203	5925.852204315881	3858.4630680076457	0.0009589420921120588	13.351230516470622	16.57700363289339	2.0676229001079878
	gen6ind18	1860.874173909972	0.07963361258093309	0.9917427871950644	0.5869927606800505	1.2085763744169093	0.5873606302653558	6041.80681543979	3953.5471436275507	0.000511849091636255	13.440913675680816	16.823941967291127	2.401679423543425
	gen7ind4	1877.180798034605	0.07928121024651649	0.9685026245464424	0.6067941930825287	1.2122296764270424	0.583382033389786	5876.753150425335	3858.4630680076457	0.0013832128893728431	13.105705449538723	16.66634231262215	2.2605523009528827
	gen6ind6	1885.1036345760106	0.06122725330221823	0.9879896205958045	0.7134117344321399	1.2240618907651906	0.582577452963764	5973.867378161727	2875.648202253813	0.0010905587899650152	13.354647110601647	16.66634231262215	2.618420176423056
	gen9ind5	1885.879508984934	0.07963361258093309	0.9969416792279533	0.5869927606800505	1.214280874129222	0.6008143367096179	6041.80681543979	3436.8878219188737	0.001749545947388011	13.106101611870344	16.949303500779386	2.401679423543425
	gen8ind3	1896.6915747605976	0.07656974313133573	0.9790160017576106	0.5693722123024488	1.2255514223797634	0.5843836091387866	5829.1114724174095	2371.753746528093	0.0013919071277641694	13.321099357690574	16.43552303881477	2.1053398581617957
	gen6ind9	1899.44329126405	0.07656974313133573	0.9790160017576106	0.5693722123024488	1.2131168241040484	0.5841709546418203	5829.1114724174095	3858.4630680076457	0.0013919071277641694	13.321099357690574	16.43552303881477	2.0680429072082527
	gen8ind1	1907.7226738224163	0.07039158201117965	0.9914123764675085	0.6364738266819274	1.187708885443189	0.6077711560250204	6115.663288828265	3222.3583607145883	0.007717807301321493	12.720388488891288	16.93496062016089	2.372605096627423
	gen6ind15	1911.0701557102298	0.07039158201117965	0.9865607380069012	0.6314608797367023	1.187708885443189	0.6077711560250204	6436.200506403314	2586.2536534215315	0.007717807301321493	12.720388488891288	16.93496062016089	2.4685162883606946
	gen5ind8	1943.5638413140491	0.06122725330221823	0.9879896205958045	0.6108104741241368	1.2122296764270424	0.5942422329267166	6104.065084312058	2629.8162802428706	0.0005474740680864296	13.047439555982137	16.558748322611997	2.2605523009528827
	gen10ind0	1954.5764939733342	0.07963361258093309	0.9897729362388596	0.5773000177905241	1.214280874129222	0.5930377212411948	6007.047198286529	3986.730163580259	0.0027195849473720442	13.298101810355051	16.98081340671581	2.401679423543425
	gen7ind2	1965.1861741978496	0.0637447127307578	0.9980279338891452	0.6170798657486942	1.214280874129222	0.5873606302653558	6041.80681543979	3953.5471436275507	0.000511849091636255	13.429648085319815	16.899657431899286	2.401679423543425
	gen8ind10	1966.8429313746942	0.07056778317838794	0.9914123764675085	0.6364738266819274	1.1887344842942786	0.6077711560250204	6470.170225042345	2586.2536534215315	0.007717807301321493	12.882359806781835	16.93496062016089	2.3604548462487824
	gen8ind6	1977.4552491165268	0.0642107287709313	0.9996172771536007	0.5815623412781034	1.233222742361423	0.5910379376492021	5834.828909548685	3858.4630680076457	0.0007950014252976227	13.319467108541366	16.43552303881477	2.046626077258119
	gen9ind13	1981.4411234186869	0.07656974313133573	0.9790160017576106	0.5547481458794321	1.2131168241040484	0.5879989067715283	5829.1114724174095	3858.4630680076457	0.0033171603587910754	13.250665288084765	16.320113401911083	2.0389202046391293
	gen10ind17	1982.848993766182	0.07963361258093309	0.9969416792279533	0.5869927606800505	1.2020204786372952	0.595346157932066	6157.390097500186	3953.5471436275507	0.000511849091636255	13.429648085319815	16.949303500779386	2.3556714914718637
	gen8ind4	1999.2924690882294	0.07656974313133573	0.9790160017576106	0.6167528162875272	1.2131168241040484	0.5841709546418203	5829.1114724174095	3858.4630680076457	0.0013919071277641694	13.321099357690574	16.43552303881477	2.3241394842522123
	gen8ind9	2002.9804846876523	0.05958971348605458	0.9996172771536007	0.5849201639527435	1.148159333862524	0.6044932146131895	6215.906014176695	3858.4630680076457	0.0005474740680864296	12.964837310327102	16.588365733310702	2.061435364853793
	gen8ind14	2007.4032064722828	0.07116880886877319	0.9790160017576106	0.5826582838384122	1.2072467211963156	0.5841709546418203	5931.612160908118	3858.4630680076457	0.0020570998526439678	13.37317405939497	16.476497943714655	2.081466833489242
	gen7ind3	2009.8434546896324	0.04699398101479235	0.9892398671451246	0.5583545368932488	1.2355594508796734	0.5825908346399086	6027.184110266713	282.46599275052836	0.001362878062383804	13.377873226120048	16.74829212242192	2.5486252425756355
	gen3ind9	2010.7500403591105	0.0371482326345614	0.9969416792279533	0.6448019443583048	1.1894116775777916	0.5841736269092432	6041.80681543979	876.4473284764172	0.001775158826175923	13.150767810982726	16.676327562829407	2.5205171017115635
	gen8ind12	2013.0036786481128	0.06507088681477897	0.9685026245464424	0.5810229657739898	1.211378280359741	0.5850327324890112	5973.867378161727	3858.4630680076457	0.0005474740680864296	13.105705449538723	16.79565884128789	2.0665572469355133
	gen4ind19	2033.036664387308	0.07928121024651649	0.9656501734328842	0.6108104741241368	1.2122296764270424	0.5909350214213924	5989.16743760498	3858.4630680076457	0.0005474740680864296	13.105705449538723	16.424608976334305	2.2605523009528827
	gen3ind2	2033.7015397121877	0.0371482326345614	0.9892398671451246	0.5762996165446399	1.2330357567322414	0.5841736269092432	6193.25182131234	260.6846793398588	0.001362878062383804	13.214347692574623	16.63288248551823	2.5486252425756355
	gen9ind18	2062.306794989645	0.07496545315650438	0.9928392288849072	0.6144485033819624	1.214280874129222	0.5957272394532649	6342.4926138671035	3317.4424363344933	0.000511849091636255	13.429648085319815	16.949303500779386	2.558593808038757
	gen9ind11	2067.7814481237174	0.07301174503227406	0.9802664372501955	0.6581396688842802	1.1605600388867368	0.6110211701091756	6259.509145496577	2825.144424590292	0.0002643217344250625	12.674006410791629	16.85934979075543	2.644389119830926
	gen3ind5	2085.4882653228387	0.05958971348605458	0.9996172771536007	0.5983092977036538	1.164899300667019	0.6044932146131895	5895.368796601646	3858.4630680076457	0.0005474740680864296	12.964837310327102	16.43552303881477	2.061435364853793
	gen4ind9	2102.3429859094203	0.07539515054180396	0.9656501734328842	0.6108104741241368	1.1737901131844193	0.5900047221385627	5840.389134161269	3858.4630680076457	0.004164529799795788	13.105705449538723	16.66634231262215	2.1947570273587074
	gen11ind5	2102.423550611286	0.0725305601073822	0.9786480798792644	0.6664086490288723	1.1277871157357175	0.6199657173426376	6625.194555599337	2080.4849884181895	0.0074462649403822	12.595917658359827	16.99688933005404	2.1902438681240404
	gen6ind4	2104.201018930842	0.0371482326345614	0.9969416792279533	0.6212378034055038	1.188255815860416	0.5841736269092432	5884.489437113505	876.4473284764172	0.001775158826175923	13.150767810982726	16.49075007709957	2.3743111321912984
	gen6ind5	2111.75493328856	0.04460557861390911	0.9939124206424637	0.7134117344321399	1.2122296764270424	0.580863743136496	5852.39303561624	3212.058264878403	0.0010905587899650152	13.398373287556685	16.66634231262215	2.618420176423056
	gen7ind15	2112.1821667422328	0.06580941765669894	0.9698298078349159	0.6108104741241368	1.2122296764270424	0.5925122347698674	6104.065084312058	2629.8162802428706	0.0005474740680864296	13.047439555982137	16.68497566963788	2.1315696358657457
	gen4ind16	2117.681130747623	0.05958971348605458	0.9945576117390771	0.5983092977036538	1.2131955468947657	0.6044932146131895	6085.285772306674	3858.4630680076457	0.0005474740680864296	12.964837310327102	16.43552303881477	2.061435364853793
	gen6ind10	2122.8347749323552	0.039095776133770584	0.9969416792279533	0.6960488433822214	1.1894116775777916	0.6044697578265699	6400.156515548217	413.9807726990273	0.001775158826175923	12.917710793519715	16.676327562829407	2.748444954283521
	gen5ind4	2126.18832771918	0.046323178456411554	0.9970977206728415	0.6581396688842802	1.1268640085136878	0.6143855790356688	6586.9036971286705	1604.6468706612536	1.6794377213869612e-05	12.674006410791629	16.736502553692542	2.5765777304726063
	gen7ind10	2129.726088087127	0.039095776133770584	0.9969416792279533	0.6868188976999298	1.1894116775777916	0.6044697578265699	6400.156515548217	413.9807726990273	0.001775158826175923	12.917710793519715	16.713234726158216	2.748444954283521
	gen4ind2	2138.059572367963	0.047126346747422464	0.9833990846254088	0.5762996165446399	1.2330357567322414	0.5943334207612163	6041.80681543979	1084.42211247237	0.00030402081354559114	12.944923339865028	16.5342027621665	2.3935559240634743
	gen7ind13	2145.8857297324444	0.07797580035694177	0.9530439496216608	0.6012876354120646	1.1787497428180522	0.6077711560250204	6614.941813311825	2586.2536534215315	0.0074462649403822	12.595917658359827	16.93496062016089	2.2362518001956015
	gen6ind8	2147.172416955767	0.0603696324637404	0.9757666235699739	0.6534960867764664	1.187708885443189	0.6077711560250204	6385.245928444767	2538.711615611579	0.007717807301321493	12.720388488891288	16.93496062016089	2.2617329346851123
	gen0ind3	2165.135896307428	0.07928121024651649	0.9656501734328842	0.6108104741241368	1.2122296764270424	0.5909350214213924	5973.867378161727	3858.4630680076457	0.0005474740680864296	13.105705449538723	16.66634231262215	2.2605523009528827
	gen9ind4	2165.5759429237105	0.07039158201117965	0.9516699950740274	0.5619344724212308	1.209420179540769	0.5874750251076939	6466.470449929794	3836.681754596976	0.005792554070294587	12.942179915993298	16.918797006673916	2.3678594900466194
	gen4ind13	2179.7434669852883	0.06122725330221823	0.9879896205958045	0.7134117344321399	1.2122296764270424	0.5909350214213924	5973.867378161727	3212.058264878403	0.0010905587899650152	13.354647110601647	16.66634231262215	2.618420176423056
	gen7ind5	2180.5738027902066	0.047126346747422464	0.9915798259982955	0.6292703654887201	1.194612776608141	0.5943347568949278	6111.846554678409	401.0455221569964	0.00010368118360309605	13.181140704560057	16.59252798596453	2.6055571671779147
	gen2ind15	2186.655844017368	0.05958971348605458	0.9656501734328842	0.6210372808691285	1.164899300667019	0.5909350214213924	5973.867378161727	3858.4630680076457	0.0005474740680864296	12.964837310327102	16.43552303881477	2.2042356004160846
	gen5ind1	2186.9792693409754	0.0371482326345614	0.9916955434519115	0.5869927606800505	1.1501022349336731	0.5841736269092432	6041.80681543979	876.4473284764169	0.001775158826175923	13.150767810982726	16.57493456438818	2.5205171017115635
	gen6ind0	2189.9799012078292	0.07039158201117965	0.9516699950740274	0.5535609942084556	1.2369389032164628	0.5874750251076939	6436.200506403314	3836.681754596976	0.007717807301321493	12.942179915993298	16.918797006673916	2.3604548462487824
	gen5ind10	2194.352111322386	0.05958971348605458	0.9656501734328842	0.6210372808691285	1.1763083000916443	0.5909350214213924	5939.897659522696	3858.4630680076457	0.00020517404998097565	12.964837310327102	16.43552303881477	2.2042356004160846
	gen7ind17	2196.589925207384	0.05982320486373638	0.9888492847853505	0.5868561392013198	1.2032558104599915	0.5893388474759131	6193.25182131234	2172.978212207643	0.001362878062383804	13.372756615654527	16.747647915837632	2.461176089111045
	gen8ind18	2197.4146668724256	0.07631471305557229	0.9790160017576106	0.561476097134134	1.1953512584484636	0.5943762175216527	6115.678971353427	3174.816322904636	0.0049948862326067885	13.321099357690574	16.43552303881477	2.014670904465659
	gen8ind15	2200.248686607352	0.039095776133770584	0.9737627098203944	0.6960488433822214	1.1894116775777916	0.6045269552477389	6597.353361029978	355.54807818374	0.005378137931018542	12.673976708856458	16.676327562829407	2.748444954283521
	gen6ind1	2206.046128576709	0.05958971348605458	0.9893588092604613	0.5983092977036538	1.1504302925852903	0.6044932146131895	5895.368796601646	2580.2667143660883	0.0021125740027750075	12.890720039690027	16.165315821818353	2.061435364853793
	gen2ind10	2221.9424480231432	0.034283668122583134	0.9769816375355895	0.7184792385254994	1.105897508159414	0.6143855790356688	6883.169176711637	255.08709704065825	0.00074777635577947	12.537011437433506	16.719772640140583	2.8908055628387204
	gen8ind17	2222.7373195918353	0.07527354950392394	0.9535799532085829	0.6023931650130095	1.2380644951971953	0.5904661336804933	5973.867378161727	3858.4630680076457	0.00013977207093774236	13.02225138124248	16.629275231169032	2.2605523009528827
	gen8ind0	2228.1670080267622	0.06711044108559391	0.9790160017576106	0.5693722123024488	1.208607733474786	0.5857644563198766	5829.1114724174095	2295.1056998485083	0.000966392642390395	13.42874955406317	16.43552303881477	2.0680429072082527
	gen9ind19	2235.626841018783	0.06651158248951629	0.9914123764675085	0.6267115887365022	1.1862430066789154	0.6081656166510376	6470.170225042345	2586.2536534215315	0.007717807301321493	12.995230594635897	16.840038435707143	2.3604548462487824
	gen6ind19	2236.2257259069447	0.07928121024651649	0.9522679431110298	0.606693931814341	1.2122296764270424	0.583382033389786	5974.900192425195	2412.8281590670294	0.0008550661188744826	13.20196267071428	16.58783983904727	2.2605523009528827
	gen9ind8	2246.7860658522277	0.07039158201117965	0.9719826189685057	0.6078490867240869	1.200063498837899	0.6098176518839744	6667.3670705241075	2586.2536534215315	0.007717807301321493	12.720388488891288	16.938812032813225	2.3394225505011965
	gen4ind15	2250.8006303571196	0.034283668122583134	0.9977228439475015	0.7133042721719698	1.102066539930965	0.6143855790356688	6956.719231026735	815.7130298728523	0.0035514340107349503	12.684785299612853	16.679418140586883	2.9931466877553152
	gen5ind0	2251.0424322224544	0.0651223403006366	0.9750917767935369	0.7133042721719698	1.1382730079383132	0.6348344947613698	6820.764484528913	128.96007789198165	1.6794377213869612e-05	12.581325521056115	16.26626357628161	2.716408006096798
	gen3ind18	2257.2823804739032	0.034283668122583134	0.9977228439475015	0.7133042721719698	1.102066539930965	0.6143855790356688	6696.595918703977	1293.4440471630464	0.003298273754657448	12.603856701778117	16.679418140586883	2.9348194992017396
	gen6ind11	2291.663312166389	0.07797580035694177	0.9530439496216608	0.6012876354120646	1.1787497428180522	0.6077711560250204	6614.941813311825	2586.2536534215315	0.007717807301321493	12.720388488891288	16.93496062016089	2.2362518001956015
	gen3ind10	2293.9074527803805	0.024627575685455785	0.9942467148784795	0.6275465155685565	1.2330357567322414	0.5841736269092432	6403.171085710915	1084.42211247237	0.00010368118360309605	13.181140704560057	16.63288248551823	2.6088609383551447
	gen2ind19	2297.0665938393304	0.047126346747422464	0.9782103796211707	0.5762996165446399	1.2330357567322414	0.5841736269092432	6041.80681543979	1084.42211247237	0.00010368118360309605	13.181140704560057	16.63288248551823	2.6088609383551447
	gen8ind5	2302.778512294074	0.0694857855343012	0.9530439496216608	0.6012876354120646	1.1787497428180522	0.6077711560250204	6614.941813311825	2586.2536534215315	0.0074462649403822	12.595917658359827	16.93496062016089	2.2362518001956015
	gen2ind13	2306.1365429850216	0.0371482326345614	0.9892398671451246	0.5762996165446399	1.2330357567322414	0.5841736269092432	6041.80681543979	302.1844379257186	0.001362878062383804	13.437272039717161	16.63288248551823	2.4920453934371336
	gen0ind19	2316.4844722413427	0.0664570363283003	0.9530439496216608	0.6073627742838095	1.1554924453248594	0.6077711560250204	6436.200506403314	3019.8953471507143	0.007717807301321493	12.524404455980573	16.800481639247987	2.1743220253804543
	gen6ind7	2317.414765166296	0.07514428984807585	0.9750917767935369	0.7076460036601682	1.1382730079383132	0.6348344947613698	6893.983493947985	128.96007789198165	1.6794377213869612e-05	12.813730908552472	16.26626357628161	2.716408006096798
	gen2ind8	2333.6827839909524	0.07928121024651649	0.9656501734328842	0.6556025507538855	1.2122296764270424	0.5909350214213924	5973.867378161727	3858.4630680076457	0.0010905587899650152	13.354647110601647	16.66634231262215	2.331237849946578
	gen9ind7	2344.26255225533	0.07583682226073922	0.9516699950740274	0.5701036031716162	1.2369389032164628	0.5874750251076939	6194.781199995008	3836.681754596976	0.00647304646315789	13.158029435366846	16.918797006673916	2.3604548462487824
	gen2ind17	2359.149976123198	0.04405585149465906	0.9907375296910714	0.7133042721719698	1.1268640085136878	0.6348344947613698	6820.764484528913	128.96007789198165	1.6794377213869612e-05	12.603856701778117	16.26626357628161	2.8463904064761385
	gen9ind16	2366.378246368538	0.04699398101479235	0.9763071313224778	0.5612967544730643	1.2232990553877467	0.5880209344083739	6193.25182131234	260.6846793398588	0.001362878062383804	13.407006172898342	16.74829212242192	2.46339218928005
	gen7ind11	2406.9396293534837	0.07756890765499194	0.947193965757953	0.5535609942084556	1.2369389032164628	0.5908557223637685	6480.889476927425	2995.5127772020314	0.007717807301321493	13.04411956580276	16.918797006673916	2.4825093683646613
	gen5ind7	2417.854946614968	0.07306150607587213	0.9656501734328842	0.6210372808691285	1.164899300667019	0.5909350214213924	6080.783521113228	3858.4630680076457	0.0007188652851792021	13.373655146911172	16.43552303881477	2.0680429072082527
	gen7ind19	2440.9613364542324	0.059476099780297664	0.9695010794742985	0.6108104741241368	1.2028522351255326	0.5909350214213924	5989.16743760498	2295.1056998485083	0.00012195958271265508	13.213355645911319	16.424608976334305	2.2605523009528827
	gen7ind0	2444.566837782484	0.038266870021774924	0.9969416792279533	0.6960488433822214	1.1716461119222068	0.6146750207064022	6400.156515548217	309.6659724039823	0.001775158826175923	12.917710793519715	16.676327562829407	2.748444954283521
	gen8ind13	2478.899444802625	0.0681300519767108	0.96860127592524	0.5970451877226273	1.1787497428180522	0.6183267466367222	6614.941813311825	2586.2536534215315	0.007717807301321493	12.649954419285478	16.93496062016089	2.1366933321460566
	gen6ind3	2490.6870923778106	0.039359415751724705	0.9981195363037094	0.6292703654887201	1.2187215383266556	0.5993442669833333	6541.415736549925	1503.7059729008356	0.00010368118360309605	13.181140704560057	16.50789825469795	2.9986615408336825
	gen3ind4	2495.3540295022335	0.04636322880193136	0.9530439496216608	0.5723449562534308	1.1561566302469952	0.5974190044067967	6102.244879070968	2586.2536534215315	0.007717807301321493	12.58551355490016	16.935983360359774	2.3604548462487824
	gen5ind19	2511.1749579334037	0.04493094654594223	0.9530439496216608	0.6091836033370281	1.1561566302469952	0.5974190044067967	6522.9260597068915	2586.2536534215315	0.007204116066123267	12.58551355490016	16.957705899015362	2.545599076812361
	gen0ind17	2559.2557483689707	0.034283668122583134	0.9769816375355895	0.7133042721719698	1.105897508159414	0.6143855790356688	6696.595918703977	536.2430298286725	0.0010876710375788573	12.603856701778117	16.719772640140583	2.9859585687821144
	gen5ind11	2560.2221195361526	0.02625647942920805	0.9625082104956717	0.6745163503055034	1.1268640085136878	0.6143855790356688	6696.595918703977	145.25854556345473	1.6794377213869612e-05	12.603856701778117	16.719772640140583	2.2248320675321427
	gen3ind0	2592.944079153564	0.03571595037857227	0.9912367770008368	0.6448019443583048	1.2330357567322414	0.5992796029724561	6369.201367071883	215.54657936447552	0.00048369583790277724	13.437272039717161	16.676327562829407	2.4920453934371336
	gen4ind17	2606.4084383125282	0.04247187184624095	0.9701434534555367	0.5599288775077972	1.2330357567322414	0.5841736269092432	6193.25182131234	1446.0382163683869	0.001362878062383804	13.214347692574623	16.63288248551823	2.48282996898146
	gen7ind1	2609.1444574313145	0.039095776133770584	0.9807188736091264	0.6960488433822214	1.1634688104256095	0.6077769693318941	6440.983568244293	854.6660150657476	0.001775158826175923	12.85944489996313	16.568733572819255	2.9186079194220236
	gen4ind6	2632.4983528125026	0.047126346747422464	0.9612268277608125	0.5762996165446399	1.2330357567322414	0.5841736269092432	6081.05610621983	1084.42211247237	0.00010368118360309605	13.181140704560057	16.63288248551823	2.6802610561362905
	gen4ind11	2638.35602860154	0.034283668122583134	0.982077091049967	0.7133042721719698	1.102066539930965	0.6143855790356688	6696.595918703977	2784.4519169286605	0.002955973736551994	12.603856701778117	16.679418140586883	2.9348194992017396
	gen1ind14	2664.9767023716186	0.07039158201117965	0.9530439496216608	0.597685904815461	1.1942560692597857	0.6077711560250204	6436.200506403314	2586.2536534215315	0.007717807301321493	12.720388488891288	16.93496062016089	2.3604548462487824
	gen5ind12	2718.715729960473	0.07039158201117965	0.9530439496216608	0.6681655627747305	1.1672110241017706	0.6162544433394564	6733.376026219818	2685.352785175096	0.005336890518936744	12.729560062330266	16.806678010274446	2.3604548462487824
	gen7ind14	2744.350706445811	0.04699398101479235	0.9821658219693308	0.5711862131721441	1.1759176809907825	0.6095040608353065	6543.617657630162	194.82237861592023	0.0006898362197988368	13.214347692574623	16.56498266780361	2.5486252425756355
	gen2ind14	2763.3863668120057	0.070736343130206	0.9920333188169435	0.6904977926674404	1.2072259909420178	0.6551823293414725	6974.125803637979	86.22503403450311	0.00893798124358817	12.83580352972973	16.393637857294614	2.83205308333748
	gen2ind3	2765.8759734831865	0.046318324836675896	0.9890125229696621	0.6245328334241583	1.1917568266172345	0.6402030090325914	6988.965179294158	86.22503403450311	0.006757403139317705	12.83580352972973	16.563467899890345	2.898571771003518
	gen7ind12	2779.6632499546686	0.06989766274043319	0.9479320169279039	0.597685904815461	1.1942560692597857	0.607769819891309	6254.130331955848	3614.8571522445745	0.007732321834011676	12.773764321449264	16.83628089680916	2.3604548462487824
	gen3ind15	2809.7017384127385	0.056478601926070515	0.9656501734328842	0.6210372808691285	1.164899300667019	0.600905129774538	5973.867378161727	3858.4630680076457	0.002512393387254783	13.052886723478512	16.43552303881477	2.2042356004160846
	gen5ind17	2819.7137976060885	0.019638518629025253	0.9912367770008368	0.6540318900405965	1.2330357567322414	0.5958989057163815	6421.626624284165	215.54657936447552	0.00048369583790277724	13.437272039717161	16.676327562829407	2.4920453934371336
	gen5ind9	2825.801536561065	0.043339710366664494	0.9917359846189275	0.6924445639211977	1.1268640085136878	0.6423874827929762	6820.764484528913	128.96007789198165	1.6794377213869612e-05	12.715318875349386	16.26626357628161	2.8463904064761385
	gen5ind6	2839.3256863589545	0.04699398101479235	0.9884910358721511	0.5973161146415209	1.2036150705029764	0.60115680701682	5879.495489704053	326.5469800637974	0.001362878062383804	13.480406812027123	16.93160157704023	2.5486252425756355
	gen6ind13	2843.932003878734	0.06378737826829037	0.987972878310849	0.7189774549216307	1.149677800326398	0.6432525620631837	6820.764484528913	547.1446294010755	0.003516265385285015	12.581325521056115	16.26626357628161	2.862613975617063
	gen6ind14	2848.423219475594	0.0666575879270183	0.9750917767935369	0.7133042721719698	1.1382730079383132	0.6348344947613698	6820.764484528913	265.00280002448903	1.6794377213869612e-05	12.869967522447086	16.42939578112307	2.597643272036301
	gen3ind19	2878.006559042665	0.0664570363283003	0.9503826757972617	0.5849939421215652	1.1895606733574706	0.6189274372828757	6656.743483050006	1241.7560321097508	0.007377912619522106	12.61646368323105	16.899161362599717	2.1743220253804543
	gen5ind2	2986.5966360331267	0.04405585149465906	0.9907375296910714	0.7133042721719698	1.1858014330977293	0.6348344947613698	6979.897975520427	128.96007789198165	0.0012784044724176247	13.06068844725365	16.486274373913865	2.8463904064761385
	gen3ind12	2998.8212483389284	0.029799681657486688	0.9757695042619314	0.7133042721719698	1.1156371839715487	0.6348344947613698	6735.176515978365	128.96007789198165	0.0006100016957581	12.603856701778117	16.18622274737848	2.7529285644410355
	gen4ind14	3057.36714850128	0.044954955269447955	0.9815318495716687	0.6879078059615638	1.1214887344463134	0.6452499742567593	6839.70438534246	128.96007789198165	0.0009186478842178481	12.643980778284128	16.18622274737848	2.8485948516009496
	gen3ind13	3057.3896746257906	0.07617009868653243	0.921711106978375	0.6108104741241368	1.1998187239505382	0.5909350214213924	5973.867378161727	3858.4630680076457	0.0016862854414211048	13.105705449538723	16.400890194961775	2.2605523009528827
	gen2ind2	3100.527030397244	0.0664570363283003	0.9503826757972617	0.6073627742838095	1.1554924453248594	0.6223081345389503	6622.773764410975	3019.8953471507143	0.007377912619522106	12.61646368323105	16.800481639247987	2.1743220253804543
	gen0ind10	3109.1014799965883	0.05411466844189688	0.9948494101258252	0.6798046485320298	1.2072259909420178	0.6551823293414725	6828.67735088026	86.22503403450311	0.008090694518839045	12.83580352972973	16.393637857294614	2.884053896688349
	gen5ind14	3155.4944849012245	0.034283668122583134	0.9773722198953636	0.7184792385254994	1.105897508159414	0.6294915550988816	6883.169176711637	772.9799221339468	0.00074777635577947	12.537011437433506	16.60500720982118	2.8908055628387204
	gen6ind2	3172.662850587587	0.02625647942920805	0.9625082104956717	0.6745163503055034	1.1268640085136878	0.6143855790356688	6696.595918703977	1693.6306487704387	1.6794377213869612e-05	12.603856701778117	16.719772640140583	2.2248320675321427
	gen0ind6	3184.7559263368603	0.0371482326345614	0.9586761322394244	0.5762996165446399	1.2330357567322414	0.5841736269092432	6041.80681543979	1084.42211247237	0.001775158826175923	13.421141334635156	16.63288248551823	2.4644564729505207
	gen7ind9	3287.812020427637	0.06361302017873831	0.9750917767935369	0.7076460036601682	1.1512855370727162	0.636427996439426	6972.642183111127	1667.5099854675484	0.0006148604900559644	12.813730908552472	16.26626357628161	2.716408006096798
	gen5ind13	3457.1589413766233	0.034562261724936115	0.9899164329644579	0.7152816023175743	1.2183894458655877	0.6179873481497427	6369.201367071883	215.54657936447552	0.00048369583790277724	13.437272039717161	16.341467670790323	2.7350131735508114
	gen4ind0	3562.1008799708566	0.06656432932320103	0.9100956798003783	0.5931491468558271	1.1372447180854532	0.6077711560250204	6436.200506403314	2586.2536534215315	0.009814766879428193	12.64169239909913	16.714949822528634	2.139980563772439
	gen1ind2	3617.994935915609	0.046318324836675896	0.9773126009582258	0.6798046485320298	1.1772466679281384	0.6551823293414725	6988.965179294158	86.22503403450311	0.008090694518839045	12.83580352972973	16.727029949177556	2.988210248798548
	gen3ind8	3791.872198605054	0.0371482326345614	0.9586761322394244	0.5762996165446399	1.2005218523453753	0.5972309962893982	6041.80681543979	1084.42211247237	0.001775158826175923	13.421141334635156	16.86249077760941	2.112712000833487
	gen0ind2	3922.1682646387235	0.07232292863195279	0.991460871542623	0.6746078095745884	1.190039423124994	0.6599943740433573	6549.281725761372	1842.2810325831877	0.006036820212077346	12.773380922676191	16.52154175398263	2.2460883318884584
	gen1ind5	3999.452733026617	0.0371482326345614	0.9586761322394244	0.5659616413542441	1.237455323727335	0.6005123574369018	6090.120123517993	2433.779147443361	0.001775158826175923	13.338858035289746	16.63288248551823	2.4644564729505207
	gen1ind9	4116.745880985378	0.05835279992513435	0.9352762882165517	0.6868432467603829	1.204015439354049	0.6141322675270053	6083.54384740294	3382.388397480112	0.0044417415852186035	13.022287778106419	16.960006584092653	2.2380205125546526
	gen2ind11	4167.930448395624	0.034283668122583134	0.9932183702672901	0.7084412983596142	1.1438349593365849	0.6510299034017619	6696.595918703977	701.0058968364785	0.002399992247446826	12.736798819481141	16.76721020288564	2.9919047089785114
	gen4ind12	4359.32991085591	0.012294476068937597	0.9053402373582717	0.635728428439037	1.1151609075641584	0.6140035357705906	6267.701806987069	161.5570132349278	0.0008643267638337431	12.523608548766093	16.108023357678448	2.0494372385601087
	gen4ind8	4363.512534938139	0.011959893913688582	0.9053402373582717	0.6434942178738294	1.1223180167669513	0.6215565238021971	6115.768024413361	68.80754183866736	0.003074093537165766	12.651674216344645	16.278205755997334	2.0494372385601087
	gen3ind7	4420.593831501408	0.013745304270736516	0.9053402373582717	0.635728428439037	1.1151609075641584	0.6140035357705906	5970.5262871705645	161.5570132349278	0.003074093537165766	12.523608548766093	16.236305967564896	2.0494372385601087
	gen4ind3	4732.758306133482	0.014039470747638432	0.9932183702672901	0.7125374398285977	1.1438349593365849	0.6510299034017619	6463.7588090876025	701.0058968364785	0.002399992247446826	12.638408849418543	16.41788287658764	2.9919047089785114
	gen5ind5	4840.480479334289	0.018631395956774478	0.909670456678824	0.635728428439037	1.1275596418555198	0.6140035357705906	6032.610570083032	1206.1889062834116	0.003074093537165766	12.523608548766093	16.02972868541226	2.0494372385601087
	gen2ind5	4869.893523231096	0.06767787513014129	0.9353888764855824	0.5865034759553422	1.2194019742584348	0.617002011888738	6647.598758799491	2044.28634210441	0.009552320023692303	13.457424836590073	16.006346756344787	2.714693768937967
	gen2ind0	5101.929399463613	0.0371482326345614	0.9211917499704437	0.5762996165446399	1.2141121668225874	0.6114314327520372	6190.757602967133	544.9096458838872	0.001775158826175923	13.144603749082975	16.63288248551823	2.4644564729505207
	gen0ind15	5138.961553397082	0.06377970332753079	0.9266204719017828	0.5865034759553422	1.2194019742584348	0.617002011888738	6727.742673006441	2044.28634210441	0.009552320023692303	13.457424836590073	16.160349289596684	2.714693768937967
	gen3ind14	5199.909229590106	0.024605210089337134	0.9211917499704437	0.5762996165446399	1.2053575064827446	0.6114314327520372	6190.757602967133	544.9096458838872	0.001775158826175923	13.144603749082975	16.748934715616375	2.1039548254529796
	gen0ind9	5214.219785942689	0.05963899514552167	0.874891830457051	0.6613134690035888	1.1369899010612992	0.598027084261826	5986.2423279225895	1665.3514873715878	0.0028626253129023977	13.151818337009644	16.558867548352026	2.5552126949585285
	gen4ind10	5281.240350441419	0.02806144500261501	0.9053402373582717	0.6060140224918384	1.177950478967618	0.6194108413112862	5948.008174436456	534.6893259503832	0.0038220072567251955	12.713110263736326	16.434594226541563	2.0510968284844466
	gen1ind11	5455.062846617297	0.07176632896507351	0.9352762882165517	0.6969469275433069	1.204015439354049	0.6424914148394304	5847.646091147158	3592.791515362791	0.0044417415852186035	13.022287778106419	16.769723943951526	2.3156931233678444
	gen3ind17	5518.756245470942	0.07408918211644529	0.8906814088949229	0.6271582866687607	1.1934001426844	0.633725354299842	5910.404682945288	3355.810370111488	0.009180595891859563	12.552630278434362	16.039151452295542	2.642704990686863
	gen4ind7	5559.686615575997	0.02806144500261501	0.927878030699296	0.6641911330566816	1.1190130543835766	0.6277031069931831	5900.604417059505	464.37561360498785	0.000870551935256978	13.010923838566274	16.236305967564896	2.0510968284844466
	gen4ind4	5693.110745538461	0.02806144500261501	0.8966158043555924	0.6381599153452148	1.1049141667010585	0.6262280914217638	5931.658208939038	464.37561360498785	0.004677614994116177	12.646639204884814	16.054187760188682	2.0510968284844466
	gen0ind11	5790.51347190175	0.05835279992513435	0.9352762882165517	0.6868432467603829	1.204015439354049	0.6424914148394304	5847.646091147158	3592.791515362791	0.0044417415852186035	13.022287778106419	16.960006584092653	2.3156931233678444
	gen1ind17	5800.335995649395	0.055941871210824	0.9352762882165517	0.6868432467603829	1.2341824473109884	0.6424914148394304	5847.646091147158	3592.791515362791	0.0044417415852186035	13.022287778106419	16.99255585316229	2.3156931233678444
	gen4ind5	5950.176560628575	0.01851953388086335	0.9932183702672901	0.7084412983596142	1.1208918361948637	0.6727252905620457	6665.8461847740355	1036.0378303648504	0.0044650627104616996	12.736798819481141	16.76721020288564	2.9153353230126924
	gen1ind7	5969.362920970366	0.07408918211644529	0.8906814088949229	0.6732917823201814	1.1743824966077345	0.6454506331069801	6271.768953216413	2779.43813483068	0.008915256046423283	12.552630278434362	16.039151452295542	2.828876055715124
	gen2ind9	5996.5698532193	0.015337442938416202	0.9263583937291088	0.6271572889333985	1.1190130543835766	0.6343257957419599	5912.367910301844	464.37561360498785	0.004677614994116177	12.713110263736326	16.236305967564896	2.3873553911997982
	gen2ind18	6067.281988987434	0.02984046025078961	0.9053402373582717	0.5710736857515288	1.1190130543835766	0.6343257957419599	5912.367910301844	464.37561360498785	0.0031881494392746643	12.713110263736326	16.05503393677247	2.0510968284844466
	gen3ind11	6081.171231045243	0.0371482326345614	0.9074076515532408	0.5725157955730988	1.2141121668225874	0.6114314327520372	6190.757602967133	2123.6382314694706	0.001775158826175923	13.329057064111765	16.582448540386487	2.4644564729505207
	gen2ind4	6086.419674009917	0.07789716666928619	0.9213056597036914	0.6217555828755892	1.1952119324091572	0.6550300989784072	6580.279164966536	1300.825331571813	0.0032238372911146907	12.982860131718581	16.052988456374703	2.7776458645617166
	gen1ind1	6161.540281639373	0.02806144500261501	0.9053402373582717	0.635728428439037	1.1190130543835766	0.6343257957419599	5912.367910301844	464.37561360498785	0.004677614994116177	12.713110263736326	16.236305967564896	2.0510968284844466
	gen0ind16	6281.9457265922365	0.02806144500261501	0.9053402373582717	0.635728428439037	1.1112837300679932	0.6294566048207011	6202.339731478856	1529.0319193893718	0.006773502725693308	12.874006818354578	16.236305967564896	2.010114379096108
	gen3ind16	6327.448084538949	0.07569074637160572	0.9213056597036914	0.6217555828755892	1.1952119324091572	0.6550300989784072	6255.825971841912	1720.1091920002787	8.016037633614553e-05	12.982860131718581	16.014081206938215	2.7776458645617166
	gen1ind18	6375.882505086779	0.07789716666928619	0.9213056597036914	0.557100840188081	1.1745270140317348	0.6550300989784072	6331.880979052812	1767.3339526965945	0.0017343717362731785	12.982860131718581	16.052988456374703	2.7776458645617166
	gen3ind1	6518.448573082611	0.02806144500261501	0.9053402373582717	0.7119872270246647	1.1190130543835766	0.6412624065413435	5912.367910301844	664.9704115963636	0.00416392375891795	12.713110263736326	16.279751044876072	2.0510968284844466
	gen1ind8	6583.196606106886	0.014327439896861006	0.9586543491840089	0.6287817563742021	1.1040794831049323	0.6470630400909858	6772.824224962509	3234.957099770655	0.0033597496623595235	13.083857961928313	16.80038182605402	2.2877687996633584
	gen1ind19	7238.183942432975	0.04531412414722704	0.9352762882165517	0.699118535707452	1.204015439354049	0.6532578598015744	5847.646091147158	3592.791515362791	0.0044417415852186035	13.29829202650505	16.960006584092653	2.4485430848994616
	gen0ind8	7344.0479467142195	0.012926200201892443	0.8671390693185117	0.5980491305954478	1.1466559769560165	0.6248089693427948	6580.928364253714	3003.1485958070643	0.003667870102410019	12.656980788504194	16.917570482801466	2.3564430333253092
	gen0ind5	7360.638709291356	0.018969806404210525	0.9486389768356198	0.7072968602503663	1.124235113438532	0.67156537186729	6220.792607162479	2514.8157716087785	0.00209364993012978	12.740551499683175	16.78831505104966	2.1253871114810563
	gen1ind15	7670.230350407829	0.035338121910933135	0.8985712581238499	0.6991583874687266	1.1296987430721652	0.6395706611256036	6044.362227955173	1600.4978349360192	0.000991733980523696	13.30264050039054	16.216338651063907	2.1280225122188883
	gen1ind3	7912.027037641596	0.05963899514552167	0.8783390057483006	0.6388704158615319	1.1369899010612992	0.6459572205804491	6224.054385424351	1337.5866658321504	0.0028626253129023977	13.151818337009644	16.558867548352026	2.5552126949585285
	gen1ind12	7985.663057650102	0.018969806404210525	0.9299537405677534	0.7072968602503663	1.1093546878340024	0.67156537186729	6220.792607162479	2090.1312616241294	0.003761952221619829	12.740551499683175	16.4983680364779	2.1253871114810563
	gen0ind14	8091.884992458927	0.014327439896861006	0.9140612866404024	0.6287817563742021	1.114736642149601	0.6470630400909858	6793.222534860384	3234.957099770655	0.0033597496623595235	13.083857961928313	16.419716732577797	2.6150458148306934
	gen0ind18	8251.430100027763	0.07408918211644529	0.8638578245344477	0.6489891179400501	1.1768067634141968	0.6692606683223745	6476.997126199065	2779.43813483068	0.008915256046423283	12.552630278434362	16.039151452295542	2.828876055715124
	gen1ind10	8373.774818353115	0.014327439896861006	0.9043396826941794	0.6465679876720782	1.125160230917547	0.6470630400909858	6793.222534860384	3234.957099770655	0.0005419152774093915	13.083857961928313	16.419716732577797	2.6150458148306934
	gen2ind7	8405.84270055124	0.018969806404210525	0.9299537405677534	0.6679830661248883	1.1093546878340024	0.67156537186729	6220.792607162479	2090.1312616241294	0.00229033059269833	12.875426433674303	16.4067092808828	2.488661629519691
	gen0ind7	8747.291332907795	0.025463933885863065	0.9827100654596528	0.655756637015238	1.156333282270461	0.6919040752001838	5880.706750246971	3694.7998217472405	0.005849604477574297	13.27781299511544	16.876941406793097	2.4448814947678685
	gen2ind12	8970.664461641687	0.038872563401141605	0.88680362624742	0.7072968602503663	1.1093546878340024	0.67156537186729	6008.379124418697	3211.728814125133	0.003761952221619829	12.740551499683175	16.15805744255538	2.1253871114810563
	gen3ind3	9197.68793744564	0.06363235858977187	0.8720264305785905	0.6217555828755892	1.1658853023469038	0.6856686020772758	6695.260233854848	1300.825331571813	0.00700002628313443	12.540539251077181	16.052988456374703	2.7776458645617166
	gen2ind1	9285.272112297303	0.0498763553330251	0.9444108763487941	0.5504951631570136	1.121749685907952	0.7029415437050278	6331.880979052812	1208.3175660693082	0.005111763409156021	12.967130671543686	16.144350140502823	2.843020742834637
	gen1ind13	9907.381740475823	0.0498763553330251	0.9444108763487941	0.5504951631570136	1.1658561541871728	0.7133698105047841	6331.880979052812	1019.242276284066	0.005111763409156021	12.967130671543686	16.144350140502823	2.843020742834637
	gen0ind13	9965.124271279137	0.046245577076138175	0.8985712581238499	0.6991583874687266	1.1296987430721652	0.6815272639676451	6109.132851742151	953.5084214928692	0.00016086432225505227	13.325389419473455	16.12467989546881	2.511788254951693
	gen0ind4	9997.976181117489	0.023239587573994323	0.9378137028216728	0.626002480814326	1.1948879567379185	0.707614444474146	6959.738071726677	793.9013476206	0.007302257413852114	12.978994499142374	16.331181093055008	2.06298910887724
	gen0ind1	10051.362911606484	0.0498763553330251	0.9213056597036914	0.5504951631570136	1.1658561541871728	0.7133698105047841	6331.880979052812	235.05309250307172	0.005111763409156021	12.919504656520408	16.052988456374703	2.7776458645617166
	gen2ind16	10878.557947816498	0.017915658437648148	0.9089587340609249	0.6235647676346909	1.1601903564494997	0.6985553508689922	6277.083319815083	102.9654725894934	0.0005926848431275795	13.478747122145059	16.30287058389242	2.7444198051768787
	gen1ind4	11181.030839248979	0.046245577076138175	0.9058108751273666	0.6991583874687266	1.1717697005549552	0.7043316614714893	6109.132851742151	1606.5274228701269	0.00016086432225505227	13.325389419473455	16.12467989546881	2.511788254951693
	gen1ind0	11408.427392430474	0.02582795652439674	0.9089587340609249	0.5735977246514126	1.1601903564494997	0.6985553508689922	6384.787269435501	401.9165701737991	0.0005926848431275795	13.370673600293758	16.453927385277463	2.7688872621265777
	gen2ind6	11599.44203164354	0.04191464062725532	0.8969898901039606	0.5793730242926677	1.1849878250322226	0.6985553508689922	6384.787269435501	1643.74272883482	0.0005926848431275795	13.370673600293758	16.453927385277463	2.363068990425748
	gen1ind6	11712.994108693769	0.0397497590445503	0.8916020172662238	0.5998387945661936	1.1837443666205154	0.6985553508689922	6760.495129145798	2390.148920491847	0.004969880705211695	13.370673600293758	16.453927385277463	2.9972741665516205
	gen0ind0	11837.916043078547	0.0397497590445503	0.8916020172662238	0.5735977246514126	1.1837443666205154	0.6985553508689922	6384.787269435501	1314.8814268427045	0.004969880705211695	13.370673600293758	16.453927385277463	2.9274311625082934
	gen0ind12	11967.410102440466	0.04382449540778134	0.8865822772109576	0.5624766679996956	1.226449723090312	0.7036314286622665	6911.824621406836	2364.3657040718394	0.009303538872310283	13.241297765756912	16.272167080274915	2.69568096578504
