#	Simulation	Obj	b0__FREE	b1__FREE	b2__FREE	b3__FREE	gamma__FREE	mult__FREE	r__FREE	t0__FREE	t1__FREE	t2__FREE	t3__FREE
	gen97ind6	696.9288226317027	0.07988918993827296	0.996786823483959	0.6726824474570938	1.1901628228940158	0.5803668109685298	6619.503481649286	20.246474578154192	0.009391421871184644	12.508044132386804	16.129825145934888	2.2086837044073837
	gen99ind14	696.9501874234662	0.07988955258204458	0.9967909300951397	0.6778445188508564	1.1923908536059482	0.5803668109685298	6619.503481649286	20.06692577192696	0.00935616389148566	12.511154373969026	16.128563987722526	2.207825215321357
	gen96ind13	697.1988385513034	0.07988918993827296	0.9967838445305047	0.6604915428240548	1.1857772912700968	0.5803668109685298	6600.550150922174	20.246474578154192	0.009438157455889275	12.507171186762053	16.128626904692407	2.2086837044073837
	gen98ind0	697.2600686243863	0.07988918993827296	0.9967838445305047	0.6531576197185335	1.1857772912700968	0.5803760908093072	6596.820514963205	20.246474578154192	0.009438157455889275	12.507072886335447	16.127312259907	2.2086837044073837
	gen99ind15	697.3553770249205	0.07988896976466117	0.9967838445305047	0.6531576197185335	1.1857772912700968	0.5803760908093072	6593.98157969943	20.246474578154192	0.009438157455889275	12.505566915757639	16.127312259907	2.2086837044073837
	gen99ind13	697.3835979701165	0.07988918993827296	0.9967808934085849	0.6410383116327375	1.1852819215241817	0.5803853706500846	6596.820514963205	20.246474578154192	0.00947263514091697	12.507072886335447	16.12615989522025	2.2086837044073837
	gen98ind17	697.4131030028146	0.07989484607270136	0.996786823483959	0.6715836746827956	1.1898176052547433	0.5803360280993358	6595.110214652597	20.006671260066824	0.00923648817945627	12.508249683597917	16.13171476688352	2.1984520345702356
	gen99ind5	697.5313583893445	0.07988918993827296	0.9967838445305047	0.6637397782162717	1.1857772912700968	0.5803668109685298	6600.550150922174	20.246474578154192	0.009385660633676445	12.508726307553165	16.128194461159246	2.2086837044073837
	gen97ind2	697.6344949191318	0.07989484607270136	0.996786823483959	0.6715836746827956	1.1867297240595391	0.5803157718442543	6595.110214652597	20.006671260066824	0.009341232156503955	12.508264782298127	16.12988624252524	2.1984520345702356
	gen98ind3	697.6494404975907	0.07989520871647299	0.9967902592607147	0.6715836746827956	1.1867297240595391	0.5803157718442543	6591.311419816592	20.006671260066824	0.009270716197105988	12.51137502388035	16.12988624252524	2.1984520345702356
	gen99ind2	697.6825648862099	0.07989520871647299	0.9967902592607147	0.6715836746827956	1.1867297240595391	0.5803355482924367	6591.311419816592	20.006671260066824	0.009270716197105988	12.511545270971228	16.12988624252524	2.1984520345702356
	gen96ind6	697.7950253889883	0.07989453525889369	0.9967901629725231	0.6779481733792252	1.187473509105443	0.5802925722423109	6590.581938257217	20.015849536550732	0.009280470643080622	12.514068014698038	16.126104588267683	2.204857098306254
	gen99ind19	697.904484435975	0.07989520871647299	0.9967951845141976	0.6715836746827956	1.1880732027231273	0.5802786524811449	6584.792656845799	20.108641260734906	0.009233735058375991	12.514823437848342	16.12988624252524	2.1984520345702356
	gen94ind0	697.976252696955	0.07989453525889369	0.9967895541979611	0.6779481733792252	1.187473509105443	0.5802925722423109	6590.933225601802	20.015849536550732	0.009364195178429282	12.514068014698038	16.126104588267683	2.211370289473785
	gen96ind19	698.1279560328936	0.07989541595334079	0.9967936950374705	0.6804251149572287	1.188464248597273	0.5802925722423109	6587.512624980587	20.015849536550732	0.009364195178429282	12.514068014698038	16.126104588267683	2.211370289473785
	gen97ind18	698.1281864743657	0.07989526054643695	0.9967936950374705	0.6804251149572287	1.188464248597273	0.5802925722423109	6587.512624980587	20.015849536550732	0.009364195178429282	12.514264615551248	16.126104588267683	2.211370289473785
	gen98ind16	698.1648544328491	0.07989186259858332	0.9967838445305047	0.6446405990028948	1.1796408771148246	0.5803296916054204	6576.156883925485	20.494182025221484	0.009505227097225217	12.504933890804582	16.12733179415813	2.2242483168242972
	gen99ind10	698.2061695550598	0.07989453525889369	0.9967862796287525	0.6520430592543689	1.1805428652413725	0.5803389714461977	6566.259772340308	20.25431928898331	0.009451169685669806	12.508044132386804	16.126969475334	2.2160417218565653
	gen98ind9	698.2092680961845	0.07989230294580688	0.9967838445305047	0.6543960905075352	1.1796408771148246	0.5803111319238656	6581.834754453036	20.374947149005195	0.009505227097225217	12.51105607354242	16.12733179415813	2.2223124160974272
	gen98ind15	698.2566828410138	0.07989453525889369	0.996785481815109	0.6701009721697037	1.1840081871734078	0.5803296916054204	6583.545054763644	20.374947149005195	0.00943471113782725	12.508044132386804	16.128626904692407	2.213087267645838
	gen99ind7	698.272660294264	0.07989453525889369	0.9967838445305047	0.6629131112231739	1.1805428652413725	0.5803157718442543	6583.053674286655	20.374947149005195	0.009505227097225217	12.51105607354242	16.128626904692407	2.2148042458178914
	gen99ind6	698.3103975392204	0.07989526054643695	0.9967939669650737	0.6898301721055708	1.188464248597273	0.5802925722423109	6587.512624980587	20.04838674887477	0.009307292565408996	12.514264615551248	16.126104588267683	2.211370289473785
	gen98ind11	698.3142221074589	0.07989526054643695	0.9967939669650737	0.6934971336583314	1.188464248597273	0.5802925722423109	6587.512624980587	20.015849536550732	0.009307292565408996	12.514264615551248	16.126104588267683	2.211370289473785
	gen98ind10	698.3693224792747	0.07989453525889369	0.9967862796287525	0.6739286441727946	1.1805428652413725	0.580320411764643	6571.937642867859	20.07477048275608	0.009469188822854944	12.511154373969026	16.126969475334	2.209771027615704
	gen97ind5	698.4105012019287	0.07989186259858332	0.9967838445305047	0.6543960905075352	1.1796408771148246	0.5803296916054204	6576.156883925485	20.374947149005195	0.009505227097225217	12.508044132386804	16.12733179415813	2.2223124160974272
	gen99ind12	698.4222909532605	0.07989453525889369	0.9967877927936307	0.6592289703262978	1.188967856364358	0.5803262684516594	6581.061564234773	20.187026324718502	0.009433150548484669	12.513847364786715	16.123799858894184	2.2036888830406536
	gen99ind9	698.4273920524411	0.07989240656424078	0.9967904876723654	0.6712120874750976	1.1879880322025518	0.5802925722423109	6587.512624980587	20.135751195594416	0.009447915807820926	12.514068014698038	16.124817596958565	2.211370289473785
	gen97ind7	698.4832871217751	0.07989453525889369	0.9967862796287525	0.6609141319479479	1.1805428652413725	0.5803389714461977	6566.259772340308	20.25431928898331	0.009469188822854944	12.508044132386804	16.126969475334	2.215242090927525
	gen91ind12	698.4844464895539	0.07989453525889369	0.9967838445305047	0.6604915428240548	1.1805428652413725	0.5803296916054204	6576.156883925485	20.374947149005195	0.009505227097225217	12.508044132386804	16.128626904692407	2.2148042458178914
	gen94ind13	698.4961875891853	0.07989453525889369	0.9967838445305047	0.6604915428240548	1.1805428652413725	0.5803482512869751	6576.156883925485	20.374947149005195	0.009505227097225217	12.508044132386804	16.128626904692407	2.2148042458178914
	gen99ind18	698.6512781679442	0.07989453525889369	0.9967862796287525	0.6511478551153183	1.1805428652413725	0.580334331525809	6566.259772340308	20.40440762210787	0.009469188822854944	12.5079949821735	16.126969475334	2.215242090927525
	gen99ind11	698.6550318687974	0.07989414438989355	0.9967936950374705	0.6804251149572287	1.1849198251249158	0.5802902522821165	6587.512624980587	20.199987481019917	0.009446192648789913	12.514068014698038	16.124827364084126	2.211370289473785
	gen96ind7	698.6727551693425	0.07989484607270136	0.996786823483959	0.6607028373860013	1.1867297240595391	0.5803250516850317	6595.110214652597	20.676218550479113	0.009341232156503955	12.508264782298127	16.128733877838492	2.1984520345702356
	gen98ind19	698.689563544995	0.07989368721778012	0.9967862796287525	0.6465384100548883	1.1725163725265708	0.5803482512869751	6565.277011386332	20.374947149005195	0.009505227097225217	12.508240733240013	16.128500796980866	2.2148042458178914
	gen93ind15	698.739165017479	0.07989453525889369	0.9967862796287525	0.6465384100548883	1.1805428652413725	0.5803482512869751	6565.277011386332	20.374947149005195	0.009505227097225217	12.508044132386804	16.129382998233112	2.2148042458178914
	gen99ind1	698.8296014254693	0.07988693741517594	0.996785481815109	0.6701009721697037	1.1840081871734078	0.5803646045813965	6569.447081644554	20.374947149005195	0.009494904965860548	12.507099305902075	16.129884458387075	2.213087267645838
	gen99ind8	698.9560867541139	0.07989526054643695	0.9967936950374705	0.704853382284947	1.1928759343384971	0.5802925722423109	6587.512624980587	20.223316707784644	0.009364195178429282	12.514264615551248	16.126104588267683	2.211370289473785
	gen99ind17	699.1331261946917	0.07989767413991557	0.996788312960686	0.6807967021649266	1.1923438978629068	0.5803360280993358	6595.110214652597	20.89723448947806	0.009157928615746961	12.510071030110526	16.132372981345306	2.189087415321197
	gen95ind7	699.2979852991634	0.07989794007645384	0.9967862796287525	0.6609141319479479	1.1805428652413725	0.5803482512869751	6573.788203135282	20.97748995195303	0.00957229673856116	12.506225917131816	16.129382998233112	2.216765986681043
	gen99ind3	699.5607354917977	0.07989453525889369	0.9967863033169035	0.6561864987856367	1.1818790094196432	0.5803401882128254	6562.108233507661	20.555302213656873	0.009433150548484669	12.512511641299785	16.123151411557963	2.227549264567845
	gen95ind0	699.5953359484432	0.07989849531109494	0.9967862175688895	0.6609787662341261	1.1805428652413725	0.5803482512869751	6573.788203135282	20.97748995195303	0.009505227097225217	12.508044132386804	16.129382998233112	2.210645445270535
	gen94ind18	699.5997542381464	0.07989453525889369	0.9967862796287525	0.6609141319479479	1.1805428652413725	0.5803482512869751	6573.788203135282	20.97748995195303	0.009505227097225217	12.508044132386804	16.129382998233112	2.210645445270535
	gen98ind7	699.8799262541329	0.07989520871647299	0.996786823483959	0.6728221454717973	1.1867297240595391	0.5803157718442543	6601.726818748963	21.460958946478137	0.009341232156503955	12.508363082724731	16.131119747261316	2.1984520345702356
	gen97ind0	699.8889219198345	0.07989453525889369	0.9967877927936307	0.6467063380123441	1.187473509105443	0.5803111319238656	6557.676508410207	20.639300619267228	0.009493344376517967	12.513847364786715	16.12608301462634	2.216113772994946
	gen96ind4	700.3183813519661	0.07989453525889369	0.9967877927936307	0.6561864987856367	1.187473509105443	0.5803111319238656	6580.053353062649	21.381629157642607	0.009433150548484669	12.513847364786715	16.123799858894184	2.211370289473785
	gen98ind1	700.3619703619743	0.07989484607270136	0.996786823483959	0.6715836746827956	1.1908298764864238	0.5802715790275008	6612.047123035462	22.02760103697666	0.009281038328470657	12.510715579360664	16.128628688830574	2.189954465909307
	gen99ind0	700.4644904855945	0.07990132775987571	0.996786823483959	0.667368718397135	1.1934667636183538	0.5803360280993358	6614.1567435642755	22.177689370101216	0.009194313488608108	12.508249683597917	16.13063837260092	2.1984520345702356
	gen99ind4	700.476665773708	0.07989513101302108	0.9967902592607147	0.6760043948200121	1.1916971387552908	0.580259979226529	6608.248328199457	22.02760103697666	0.00929251983943332	12.51361719556062	16.126737861701795	2.1964135933610818
	gen99ind16	700.7042688303884	0.07989283628496688	0.9967877927936307	0.6366359772102386	1.1830618233642187	0.5803296916054204	6574.375482535098	21.561177963869838	0.009433150548484669	12.513847364786715	16.12441346183941	2.211370289473785
	gen92ind8	701.1502591321012	0.07989453525889369	0.9967895541979611	0.6657572687461861	1.187473509105443	0.5803111319238656	6580.053353062649	21.787399931393566	0.009364195178429282	12.514068014698038	16.123475298696874	2.211370289473785
	gen96ind12	701.2278306983051	0.07989541595334079	0.9967908402037422	0.6595058950466044	1.1876161396796	0.5803111319238656	6581.441215101619	21.787399931393566	0.009388463166505805	12.516124071120284	16.123475298696874	2.211370289473785
	gen98ind2	701.5586556962824	0.07989453525889369	0.9967908958668111	0.6959891052402567	1.1900112095599988	0.5802832924015335	6610.959118992546	22.49414410421185	0.009115782505377612	12.511727542591164	16.126104588267683	2.204857098306254
	gen98ind8	701.5953171029278	0.07990749863324238	0.9967860345336124	0.6654987316014734	1.1896973201575745	0.5802413059719134	6610.030700691215	22.949176496279904	0.00938483944115862	12.512945726511877	16.1248166867688	2.2053172787755697
	gen97ind17	701.6086109376793	0.07989453525889369	0.9967908958668111	0.6923972473124466	1.187473509105443	0.5802832924015335	6618.419362011855	22.779923635866638	0.009186048797397605	12.514068014698038	16.126104588267683	2.204857098306254
	gen97ind8	702.3313224824635	0.07989453525889369	0.9967895541979611	0.6779481733792252	1.1955000018202449	0.5802925722423109	6620.718883925022	23.486150027060823	0.009199257373348299	12.513871413844829	16.126158074840724	2.211370289473785
	gen98ind4	702.3349022175902	0.07989484607270136	0.996786823483959	0.6769874914955119	1.1929165828777055	0.5803111319238655	6595.110214652597	23.34190663519658	0.009280345131488909	12.50536316609817	16.128733877838492	2.201885990914342
	gen98ind12	702.4169598052939	0.07989040062315816	0.9967877088142676	0.6775734797183418	1.1857772912700968	0.5803668109685298	6630.335809245394	23.716775068664283	0.009273219650808292	12.507171186762053	16.128550320088877	2.2029578787498343
	gen93ind8	702.4791969821041	0.07990567067815088	0.996786684812413	0.6654987316014734	1.1875939468240833	0.5802489325694014	6595.1140990580825	22.748224562765174	0.009340399870457112	12.517406020814303	16.12008991558536	2.200989262553102
	gen97ind11	702.7566638898184	0.07989484607270136	0.996786823483959	0.6748349694763028	1.1929165828777055	0.5803018520830882	6595.110214652597	23.34190663519658	0.009244306857118635	12.508264782298127	16.128733877838492	2.200169012742289
	gen95ind2	702.9215843758932	0.07989453525889369	0.9967838445305047	0.6604915428240548	1.1857772912700968	0.5803482512869751	6600.550150922174	23.845247639515286	0.009391421871184644	12.508044132386804	16.128626904692407	2.202569647916828
	gen95ind10	703.241867825472	0.07989453525889369	0.996786823483959	0.6604915428240548	1.1805428652413725	0.5803296916054204	6595.110214652597	23.845247639515286	0.009505227097225217	12.508044132386804	16.128626904692407	2.202176998159805
	gen97ind16	703.2431380082461	0.07989453525889369	0.9967895541979611	0.6779481733792252	1.1847519722193116	0.5802925722423109	6574.279416787857	22.951109949640653	0.009458617024112298	12.514068014698038	16.12363757879553	2.211370289473785
	gen95ind3	703.4409333676056	0.07989484607270136	0.996786823483959	0.6726824474570938	1.1929165828777055	0.5802925722423108	6595.110214652597	23.845247639515286	0.009244306857118635	12.508264782298127	16.128733877838492	2.1984520345702356
	gen95ind4	703.5749433106756	0.07990699405927001	0.9967851259999128	0.6654987316014734	1.187769866681515	0.5802413059719134	6610.030700691215	24.416806702824864	0.00938483944115862	12.512945726511877	16.1248166867688	2.2053172787755697
	gen97ind4	703.6375486956604	0.07990749863324238	0.9967839641138577	0.6632405623012911	1.1882130744915456	0.5802413059719134	6610.030700691215	24.416806702824864	0.009430798637148977	12.512945726511877	16.122349677296647	2.2117764062273446
	gen96ind8	703.6397861051228	0.0799125617688986	0.9967851259999128	0.6671212119221192	1.187769866681515	0.5802058398520933	6610.383930238543	24.416806702824864	0.00938483944115862	12.512945726511877	16.122410773886998	2.206887419083452
	gen96ind14	703.6563723139827	0.07990749863324238	0.9967839641138577	0.6654987316014734	1.1878411819685937	0.5802413059719134	6610.030700691215	24.416806702824864	0.00938483944115862	12.512945726511877	16.1248166867688	2.2053172787755697
	gen96ind17	704.056123638959	0.07988950075208062	0.996786823483959	0.6726824474570938	1.1911126066246096	0.5802925722423108	6576.156883925485	23.845247639515286	0.009244306857118635	12.508044132386804	16.126143656769937	2.2045660910607907
	gen98ind13	704.3256667010751	0.07990749863324238	0.9967844487686937	0.6654987316014734	1.1878411819685937	0.5802413059719134	6590.305636397897	24.416806702824864	0.00938483944115862	12.512945726511877	16.121804043248446	2.2066605713087704
	gen98ind5	704.6049120348522	0.07989720791920404	0.996790038852797	0.6697001990434966	1.1847519722193116	0.5802647327199788	6554.554352494539	23.51868723938486	0.009479481362762311	12.514068014698038	16.12363757879553	2.211370289473785
	gen96ind10	704.663293545963	0.07989730579573265	0.9967898024374133	0.6800556718690467	1.1879014008279138	0.5802740125607561	6620.891343688256	25.4008490785431	0.009296800397716479	12.50848543220945	16.12747271962613	2.1939731723317495
	gen97ind13	704.7371801523375	0.07989484607270136	0.9967910199865372	0.6848733520901329	1.1929165828777055	0.5802925722423108	6604.58493781341	25.58039788477033	0.009244306857118635	12.502582933102522	16.127698909657354	2.1895497505017185
	gen95ind17	704.8530798025645	0.07989730579573265	0.9967898024374133	0.6849000049008387	1.1846484537828497	0.580268413026569	6614.76612006888	25.86617741642512	0.009387513282356666	12.50465469446256	16.128733877838492	2.191080597816709
	gen94ind3	705.9244591047197	0.07989730579573265	0.9967898024374133	0.6848733520901329	1.1846484537828497	0.5802832924015333	6614.0635453797095	26.413923396053228	0.009401459139068518	12.50587624935574	16.128733877838492	2.196999677680857
	gen93ind3	706.055396607382	0.07989730579573265	0.9967898024374133	0.6848733520901329	1.1877587702537569	0.5802832924015333	6614.0635453797095	26.413923396053228	0.009368096651785738	12.50848543220945	16.128733877838492	2.196999677680857
	gen98ind6	706.2249202918198	0.07989623134112084	0.9967910199865372	0.6907840828625614	1.1965958506709762	0.5802925722423108	6651.723628906274	27.430860650827107	0.009175351487063249	12.504540689098162	16.128733877838492	2.188206457968518
	gen96ind9	706.7134279093907	0.07989623134112084	0.9967910199865372	0.6946554166126289	1.1965958506709762	0.5802925722423108	6635.728200571924	27.315548130025377	0.009175351487063249	12.507650930680384	16.128733877838492	2.1895497505017185
	gen94ind4	706.811561568718	0.07990282493603623	0.9967851259999128	0.6654987316014734	1.187769866681515	0.5802413059719134	6595.1140990580825	26.220056170769162	0.00938483944115862	12.51573701775617	16.123475298696874	2.2053172787755697
	gen95ind6	706.8338225319862	0.07989730579573265	0.9967898024374133	0.6800556718690467	1.1879014008279138	0.5802925722423108	6620.891343688256	27.315548130025377	0.009367316357114446	12.50848543220945	16.128733877838492	2.1939731723317495
	gen95ind19	707.0124516528847	0.07989707469287456	0.9967898024374133	0.6848733520901329	1.1929165828777055	0.5802832924015333	6618.802849162859	27.315548130025377	0.009311376498454578	12.506667216954463	16.12727608622364	2.1905103225736844
	gen97ind9	707.0164371382575	0.07989579099389728	0.9967918044005107	0.7021452611012123	1.1965958506709762	0.5802925722423108	6632.630038222347	27.315548130025377	0.009151083498986728	12.507650930680384	16.12767937540623	2.1895497505017185
	gen94ind7	707.029094807783	0.07990522590013516	0.9967898024374133	0.6848733520901329	1.1877587702537569	0.5802925722423108	6614.0635453797095	27.12168090474131	0.009411755927815955	12.50848543220945	16.131023387177365	2.2025761328367808
	gen97ind19	707.033896916009	0.07989500147960521	0.9967905353317013	0.6848733520901329	1.1925446903547536	0.5802925722423108	6613.360970690539	27.315548130025377	0.00919834766112828	12.504859639436091	16.128733877838492	2.1895497505017185
	gen97ind15	707.0556921082966	0.07990522590013516	0.9967912321224639	0.687054024259244	1.1841508177475646	0.580362951338107	6614.0635453797095	26.83590137308652	0.009494169541200009	12.50848543220945	16.134470831830086	2.2022005389793913
	gen94ind17	707.0669582139482	0.07990287350536124	0.9967898024374133	0.6873769464788422	1.1913667227599491	0.580274012560756	6623.542152946008	27.315548130025377	0.009411755927815955	12.50848543220945	16.126158074840724	2.1922561941596963
	gen94ind5	707.0899227912124	0.07989484607270136	0.9967910199865372	0.6848733520901329	1.1929165828777055	0.5802925722423108	6613.360970690539	27.315548130025377	0.009244306857118635	12.507650930680384	16.128733877838492	2.1895497505017185
	gen96ind18	707.1258598855987	0.07991145530032331	0.9967904431721173	0.685965760720143	1.1877643184676359	0.5803373182029082	6614.0635453797095	27.12168090474131	0.00943397571316671	12.50848543220945	16.131902237867713	2.2025761328367808
	gen90ind6	707.1572251513361	0.07989730579573265	0.9967898024374133	0.6848733520901329	1.1877587702537569	0.5802925722423108	6614.0635453797095	27.315548130025377	0.009367316357114446	12.50848543220945	16.128733877838492	2.196999677680857
	gen97ind12	707.1657126886699	0.07990522590013516	0.9967926572711415	0.692190481609019	1.1876161396795997	0.5803373182029082	6621.451716217868	27.12168090474131	0.009423653581802041	12.50848543220945	16.132546188617155	2.2008591546647276
	gen95ind18	707.1693227646756	0.07989629664778791	0.9967905053371602	0.6654454259800617	1.1877587702537569	0.5802710647218421	6584.585513863514	26.030444693009457	0.009398882763918013	12.518180127542529	16.125754193677366	2.217155438503866
	gen97ind1	707.2225202041923	0.07989695662866411	0.9967915730980303	0.6946554166126289	1.1940169443590019	0.5802818184820764	6635.728200571924	27.315548130025377	0.009175351487063249	12.512915529111456	16.12847373548535	2.2033525945027925
	gen95ind11	707.2664411526722	0.07990522590013516	0.9967898024374133	0.6834621663314338	1.1841508177475646	0.5803373182029082	6614.0635453797095	27.12168090474131	0.009494169541200009	12.50848543220945	16.133807346829517	2.2025761328367808
	gen93ind18	707.2831799024325	0.07990287350536124	0.9967898024374133	0.6848733520901329	1.1877587702537569	0.5802925722423108	6614.0635453797095	27.315548130025377	0.009411755927815955	12.50848543220945	16.128733877838492	2.196999677680857
	gen96ind2	707.2884716371844	0.07990522590013516	0.9967869476036851	0.6848733520901329	1.1884658195715374	0.5802925722423108	6624.311944309472	27.572493271727385	0.009411755927815955	12.509790023636306	16.131023387177365	2.2025761328367808
	gen95ind14	707.2971828779182	0.07989678657576194	0.9967898024374133	0.6923758450744422	1.1946856869743945	0.5802925722423108	6614.0635453797095	27.315548130025377	0.009244306857118635	12.507512356220143	16.128733877838492	2.1790321307727085
	gen97ind10	707.298208906445	0.07990522590013516	0.9967898024374133	0.6847006371204355	1.1846461874934797	0.5803373182029082	6614.0635453797095	27.12168090474131	0.009494169541200009	12.50848543220945	16.133807346829517	2.2025761328367808
	gen97ind14	707.298624592337	0.07990522590013516	0.9967886405513583	0.6931761293864693	1.1849283968652915	0.5803373182029082	6624.2408432296925	27.250153475592313	0.009493681927816824	12.50848543220945	16.135212243852095	2.2025761328367808
	gen95ind13	707.353841335773	0.07990567067815088	0.996786684812413	0.6527973960266618	1.1877587702537569	0.5802587593657802	6581.602646803291	26.060044641709187	0.009340399870457112	12.519207375198793	16.122473690856882	2.2118478210835066
	gen95ind8	707.4422771079761	0.07989484607270136	0.996792237535661	0.6778967857055497	1.1929165828777055	0.5803018520830882	6613.360970690539	27.315548130025377	0.009244306857118635	12.507650930680384	16.129111924608843	2.1895497505017185
	gen96ind3	707.4928797879229	0.07989730579573265	0.9967898024374133	0.6838069183612013	1.1879014008279138	0.5802925722423108	6620.891343688256	27.315548130025377	0.009333781536446475	12.50848543220945	16.12946277364592	2.1939731723317495
	gen91ind14	707.5611411297648	0.07989484607270136	0.9967898024374133	0.6848733520901329	1.1929165828777055	0.5802925722423108	6614.0635453797095	27.315548130025377	0.009244306857118635	12.50848543220945	16.128733877838492	2.1895497505017185
	gen95ind1	707.647095075203	0.07990522590013516	0.9967898024374133	0.6848733520901329	1.1893139284892105	0.5802925722423108	6614.0635453797095	27.572493271727385	0.009411755927815955	12.509790023636306	16.131023387177365	2.2025761328367808
	gen89ind18	707.656147260599	0.0799059182273523	0.9967898024374133	0.6792451894189742	1.1877587702537569	0.5802925722423108	6595.1140990580825	27.315548130025377	0.009367316357114446	12.50765884560547	16.128733877838492	2.2053172787755697
	gen94ind11	707.6754264863064	0.07989841626501484	0.9967898024374133	0.6848733520901329	1.191011717298821	0.5802925722423108	6614.0635453797095	27.315548130025377	0.00927761664514407	12.512121862719425	16.129073658070425	2.1903350500157646
	gen94ind9	707.6977909423297	0.07990567067815088	0.996786684812413	0.6637365034653462	1.1877587702537569	0.5802587593657802	6595.816673747253	26.607790621337294	0.009340399870457112	12.519207375198793	16.123815078928807	2.2053172787755697
	gen94ind6	707.8263727228558	0.07990567067815088	0.9967871229552867	0.6654987316014734	1.1877587702537569	0.5802582124101787	6595.1140990580825	27.12168090474131	0.009398297684487288	12.51573701775617	16.124449713821576	2.213830793459669
	gen96ind0	707.8371273478725	0.07990108456840009	0.9967882436249131	0.6818074207620488	1.1946856869743945	0.5802925722423108	6614.0635453797095	27.315548130025377	0.009244306857118635	12.513782435342307	16.128733877838492	2.1864356088736514
	gen92ind11	707.8632204083225	0.07990567067815088	0.996786684812413	0.6654987316014734	1.1877587702537569	0.5802582124101787	6595.1140990580825	27.315548130025377	0.009340399870457112	12.51573701775617	16.123475298696874	2.2053172787755697
	gen93ind9	707.8983163892025	0.0798934247896115	0.9967898024374133	0.6654987316014734	1.1847308654976865	0.5802904108816052	6595.1140990580825	27.315548130025377	0.009278210718880318	12.514068014698038	16.123475298696874	2.2053172787755697
	gen98ind14	707.9065679655102	0.07991138197843796	0.9967863389208934	0.6654987316014734	1.1897682427010867	0.5802413059719134	6610.030700691215	27.951343478760457	0.009276804249097922	12.512945726511877	16.12414098154403	2.2053172787755697
	gen98ind18	707.9547407176849	0.07989047494148976	0.996794368140082	0.6946554166126289	1.1940169443590019	0.5803167314580525	6620.739526757641	27.315548130025377	0.00916502935569858	12.513476673204536	16.12847373548535	2.2033525945027925
	gen95ind9	707.9637944079462	0.07989730579573265	0.9967926572711415	0.6848733520901329	1.191224092185792	0.5802832924015334	6616.011779948291	28.021774521219562	0.009367316357114446	12.50848543220945	16.126158074840724	2.195282699508804
	gen96ind5	708.1508261331553	0.07990567067815088	0.9967858360703898	0.6637365034653462	1.1851854121556618	0.5802331262305815	6603.276916766562	26.893570152992083	0.009340399870457112	12.521547847305667	16.121856483393962	2.2053172787755697
	gen96ind1	708.1706067973333	0.07990522590013516	0.9967898024374133	0.6834621663314338	1.1857772912700968	0.5803493978107792	6614.0635453797095	27.84636626154144	0.009494169541200009	12.510400801082895	16.133807346829517	2.204022420094301
	gen87ind4	708.2699046167506	0.07989453525889369	0.9967898024374133	0.6654987316014734	1.1877587702537569	0.5802925722423108	6595.1140990580825	27.315548130025377	0.009251520729054094	12.514068014698038	16.123475298696874	2.2053172787755697
	gen95ind15	708.2929334086947	0.0798931499904742	0.9967866139197147	0.6579533903366002	1.187473509105443	0.5803436113665865	6573.571278557529	26.821793294205918	0.009432760401149022	12.513847364786715	16.123799858894184	2.2181931732686238
	gen93ind13	708.5869432926039	0.07990567067815088	0.996786684812413	0.6637365034653462	1.1877587702537569	0.5802587593657802	6595.1140990580825	27.315548130025377	0.009340399870457112	12.518180127542529	16.123475298696874	2.2053172787755697
	gen96ind15	708.8053602254756	0.0799035351959208	0.9967898024374133	0.6895358326423393	1.1879014008279138	0.5802390995847799	6643.268188340698	29.33647790693521	0.009307122529081148	12.510936229271987	16.126450722106334	2.1892296888105887
	gen94ind16	708.8230444913984	0.07989629664778791	0.9967921262095234	0.6654454259800617	1.1877587702537569	0.5802710647218421	6593.708949679743	27.315548130025377	0.009412731154582327	12.518180127542529	16.12821359313221	2.217155438503866
	gen95ind16	708.9843050009569	0.07990567067815088	0.996786684812413	0.6637365034653462	1.1877587702537569	0.5802680392065576	6590.376737477676	27.49356581875871	0.009340399870457112	12.519207375198793	16.123815078928807	2.2053172787755697
	gen91ind6	708.9937272251303	0.07989453525889369	0.9967898024374133	0.6690099200134789	1.1877587702537569	0.5802893434321024	6576.923397468692	27.315548130025377	0.009251520729054094	12.515635475681968	16.123475298696874	2.1950399549997988
	gen93ind7	709.2460527663825	0.07989924004844151	0.9967906787231609	0.6767415950302649	1.1845882349235295	0.5802925722423108	6595.1140990580825	29.118797597969674	0.009367316357114446	12.504049088155343	16.128733877838492	2.2100873565605603
	gen94ind2	709.2864291237903	0.07989730579573265	0.9967899265571394	0.6847440835177765	1.1879014008279138	0.5802832924015333	6614.0635453797095	29.177997495369134	0.009368096651785738	12.50848543220945	16.128733877838492	2.196999677680857
	gen96ind16	709.3267511263398	0.07989614124088407	0.9967885384815072	0.6532545213470227	1.1877587702537569	0.5802710647218421	6575.106906297216	27.315548130025377	0.009412731154582327	12.518180127542529	16.12821359313221	2.217155438503866
	gen95ind12	709.4240331621517	0.07989909089188939	0.9967899265571394	0.6847440835177765	1.1869489680384717	0.5802832924015333	6614.0635453797095	29.177997495369134	0.009384751545798455	12.50848543220945	16.128733877838492	2.19739232743788
	gen97ind3	709.8228925775802	0.0799105712207559	0.9967908072593046	0.6834621663314338	1.1850710274394483	0.5803373182029082	6631.06864153824	30.217112961783698	0.009483472230865653	12.506456761634247	16.13741911097111	2.1981790545182784
	gen96ind11	709.9189491747437	0.07989707469287456	0.9967898024374133	0.6920225536515632	1.193130528738941	0.5802832924015333	6618.802849162859	30.079622229341282	0.009311376498454578	12.503875925710169	16.12990537579445	2.1905103225736844
	gen95ind5	709.9411653597824	0.07988884377466438	0.9967879023615367	0.6559106137420672	1.1877587702537569	0.5803111319238656	6593.708949679743	28.817526196495756	0.009249960139711511	12.514068014698038	16.123475298696874	2.2053172787755697
	gen93ind6	710.0116047325015	0.07990664055403807	0.9967800487931415	0.6601982222725179	1.1771578838575454	0.5803296916054204	6571.477153156016	28.157972966598066	0.00936841181751745	12.516494132932415	16.11567118877296	2.213594321453285
	gen94ind8	710.2106840501417	0.07986880155632319	0.9967911168660346	0.6561219083040137	1.1861956954441597	0.5803812313536185	6597.041161881809	29.118797597969674	0.009249960139711511	12.514068014698038	16.123475298696874	2.207702317668065
	gen93ind17	710.2203647389761	0.07987201687117787	0.9967891199106607	0.6561219083040137	1.1877809631092733	0.5803640514375525	6597.041161881809	29.118797597969674	0.009249960139711511	12.514068014698038	16.123475298696874	2.2053172787755697
	gen92ind10	710.2778581298822	0.07988884377466438	0.9967891199106607	0.6561219083040137	1.1877587702537569	0.5803111319238656	6593.708949679743	29.118797597969674	0.009249960139711511	12.514068014698038	16.123475298696874	2.2053172787755697
	gen93ind12	710.3443302067343	0.07990802582245754	0.9967800487931415	0.6744446755932212	1.1771578838575454	0.5803111319238656	6581.654451005999	29.118797597969674	0.009369972406860032	12.510498257141837	16.11567118877296	2.206409015556821
	gen93ind16	710.8260212239318	0.07991136216238019	0.9967898024374133	0.6679249634154286	1.1877365773982405	0.5802925722423108	6595.1140990580825	29.506532048537807	0.009251520729054094	12.514586928522416	16.126785047589085	2.193060327192362
	gen91ind0	710.834586741127	0.07989453525889369	0.9967898024374133	0.6679249634154286	1.1877587702537569	0.5802925722423108	6595.1140990580825	29.506532048537807	0.009251520729054094	12.516122510010568	16.124154859160743	2.198934446248713
	gen94ind19	710.9722310965319	0.07987287956875276	0.9968006852316343	0.6657213767304639	1.1878744712518685	0.5803171829544347	6592.303800301403	30.020422331941823	0.009396183297304524	12.510612431184338	16.1310021584606	2.2202257268128105
	gen93ind5	711.0573138307807	0.07987578719816776	0.9968006852316343	0.6713428084448597	1.18780315596479	0.5803171829544347	6592.303800301403	30.020422331941823	0.009396183297304524	12.510612431184338	16.13363144803141	2.222610765705306
	gen92ind6	711.1573063982631	0.07989453525889369	0.9967898024374133	0.6679249634154286	1.1824361342001346	0.5802925722423108	6584.349488140804	29.506532048537807	0.009251520729054094	12.516122510010568	16.124154859160743	2.198934446248713
	gen92ind12	711.3818777050267	0.07987467672888557	0.9968031667412742	0.6528444338877109	1.18780315596479	0.580326462795212	6612.964310985052	30.922047065913972	0.009364195178429282	12.512297469565704	16.1302460649199	2.220026321918721
	gen93ind2	711.6416885959813	0.07989231432032931	0.9967824840917332	0.6604915428240548	1.1812528761636285	0.5803269832891133	6592.303800301403	30.922047065913972	0.009430920152994845	12.50884964899062	16.123475298696874	2.212263701578898
	gen93ind11	711.6769915032426	0.07988016356073002	0.996800625926084	0.6482282920310896	1.187896664107385	0.5803280772003162	6592.303800301403	30.922047065913972	0.009350069888844879	12.511647792077564	16.135324139587166	2.228127196992963
	gen90ind13	711.68871368408	0.07989231432032931	0.9967884373839081	0.6604915428240548	1.1814176995933021	0.5803253688840091	6592.303800301403	30.922047065913972	0.009417575158081733	12.508517502855916	16.123475298696874	2.214857434345551
	gen93ind0	711.716447043472	0.07988662283610001	0.9967883132641819	0.6537475824876607	1.1812750690191451	0.5803253688840091	6584.773427303686	30.922047065913972	0.00941601456873915	12.508517502855916	16.123475298696874	2.2178839396946586
	gen92ind15	711.8033988453088	0.07987226442037929	0.996794672633909	0.6597811678873795	1.18780315596479	0.5803984112696845	6601.778523462216	30.922047065913972	0.009124932145625344	12.510730008581774	16.12347350098181	2.2170655168882716
	gen90ind5	711.8196035201211	0.07988186257796741	0.9967972263432576	0.6569670865518001	1.18780315596479	0.580326462795212	6592.303800301403	30.922047065913972	0.009364195178429282	12.512297469565704	16.1302460649199	2.220026321918721
	gen91ind18	711.8487371864624	0.07988186257796741	0.9967972263432576	0.6569670865518001	1.1904034108039796	0.580326462795212	6592.303800301403	30.922047065913972	0.009364195178429282	12.512297469565704	16.1302460649199	2.220026321918721
	gen91ind9	711.90482428495	0.07988016356073002	0.996794672633909	0.6569670865518001	1.18780315596479	0.5803296916054204	6592.303800301403	30.922047065913972	0.009364195178429282	12.510730008581774	16.1302460649199	2.220026321918721
	gen89ind16	711.90482428495	0.07988016356073002	0.996794672633909	0.6569670865518001	1.18780315596479	0.5803296916054204	6592.303800301403	30.922047065913972	0.009364195178429282	12.510730008581774	16.1302460649199	2.220026321918721
	gen92ind18	711.9812506410146	0.07989231432032931	0.9967884373839081	0.6604915428240548	1.1814176995933021	0.5803213393056879	6580.053353062649	30.922047065913972	0.009414860932586415	12.508517502855916	16.12678822116699	2.214857434345551
	gen92ind0	711.9883423851434	0.07988102349416827	0.9967908724821559	0.6465384100548883	1.1814176995933021	0.5803253688840091	6581.423927762249	30.922047065913972	0.009417575158081733	12.509639791042078	16.123475298696874	2.2286153175388277
	gen92ind5	711.9947482707396	0.07988016356073002	0.9967921493368302	0.6569670865518001	1.1874957019609593	0.5803296916054204	6592.303800301403	30.922047065913972	0.009420532403116876	12.511572630508986	16.1302460649199	2.2295741847462187
	gen92ind7	712.0750711780664	0.07987226442037929	0.9967941462875944	0.6569670865518001	1.1912684778968252	0.5803984112696845	6592.303800301403	30.922047065913972	0.009115920936225281	12.510730008581774	16.12089769798404	2.2183750440653256
	gen92ind9	712.1026295610505	0.07987621399055465	0.996794672633909	0.6569670865518001	1.1879679793944633	0.5803296916054204	6592.303800301403	30.922047065913972	0.009275316037026266	12.509352437506951	16.126859782950852	2.2190449569072492
	gen92ind3	712.1685510818336	0.079903106376395	0.9967884373839081	0.6744446755932212	1.1876161396796	0.5803296916054204	6592.303800301403	30.922047065913972	0.009365755767771863	12.511568155437054	16.123475298696874	2.206409015556821
	gen91ind17	712.1973403849983	0.07987578719816776	0.996800343968258	0.6569670865518001	1.18780315596479	0.580326462795212	6592.303800301403	30.922047065913972	0.009337505188603056	12.513403722428633	16.13363144803141	2.222610765705306
	gen89ind14	712.1996982904232	0.07988016356073002	0.9967884373839081	0.6569670865518001	1.187473509105443	0.5803296916054204	6592.303800301403	30.922047065913972	0.009364195178429282	12.51348515073142	16.1302460649199	2.2198959208267883
	gen88ind12	712.2019325736784	0.07988016356073002	0.9967884373839081	0.6569670865518001	1.187473509105443	0.5803296916054204	6592.303800301403	30.922047065913972	0.009364195178429282	12.51348515073142	16.1302460649199	2.2191586480031473
	gen91ind3	712.2023107982099	0.07988016356073002	0.9967884373839081	0.6569670865518001	1.187473509105443	0.5803296916054204	6592.303800301403	30.922047065913972	0.009364195178429282	12.51348515073142	16.1302460649199	2.219028246911215
	gen93ind10	712.2044596497258	0.07988016356073002	0.996794672633909	0.6569670865518001	1.18780315596479	0.5803127463289697	6592.303800301403	30.922047065913972	0.009321202948654801	12.510730008581774	16.125507770484568	2.220026321918721
	gen94ind14	712.222887044626	0.07989453525889369	0.9967903351524178	0.6628917997369312	1.187473509105443	0.5803111319238656	6593.708949679743	30.922047065913972	0.009364195178429282	12.514068014698038	16.126429148464993	2.211370289473785
	gen88ind17	712.245441969792	0.07989453525889369	0.9967884373839081	0.6604915428240548	1.187473509105443	0.5803296916054204	6592.303800301403	30.922047065913972	0.009364195178429282	12.514068014698038	16.123475298696874	2.217423300172
	gen87ind19	712.245441969792	0.07989453525889369	0.9967884373839081	0.6604915428240548	1.187473509105443	0.5803296916054204	6592.303800301403	30.922047065913972	0.009364195178429282	12.514068014698038	16.123475298696874	2.217423300172
	gen94ind15	712.3020479456274	0.07989453525889369	0.9967878789768816	0.6672355031604488	1.187473509105443	0.5803111319238656	6593.708949679743	30.922047065913972	0.009364195178429282	12.514068014698038	16.123475298696874	2.211370289473785
	gen91ind1	712.3496622242336	0.07989453525889369	0.9967884373839081	0.6698683661215145	1.187473509105443	0.5803111319238656	6593.708949679743	30.922047065913972	0.009364195178429282	12.514068014698038	16.123475298696874	2.211370289473785
	gen92ind17	712.358319014531	0.07988016356073002	0.996794672633909	0.6471250511579622	1.1881255331187044	0.5803296916054204	6592.303800301403	30.922047065913972	0.009364195178429282	12.515575795138599	16.124643633110907	2.227250442398364
	gen93ind1	712.3631545327954	0.07988896754926508	0.9967884373839081	0.6698683661215145	1.187473509105443	0.5803111319238656	6593.708949679743	30.922047065913972	0.009364195178429282	12.513233513168974	16.123475298696874	2.211370289473785
	gen91ind11	712.373033942969	0.07987226442037929	0.996794672633909	0.6569670865518001	1.18780315596479	0.5803984112696845	6592.303800301403	30.922047065913972	0.009186436895623248	12.510730008581774	16.12347350098181	2.2170655168882716
	gen93ind4	712.4116364485014	0.07990664055403807	0.9967800487931415	0.6706588929045989	1.1773005144317024	0.580320411764643	6571.477153156016	30.21428955722589	0.009312074592829855	12.514316796042394	16.11567118877296	2.213594321453285
	gen94ind12	712.5577138397891	0.0799099768939607	0.9967898024374133	0.6679249634154286	1.1877365773982405	0.5802925722423108	6595.1140990580825	30.60202400779402	0.009251520729054094	12.518405467422975	16.126785047589085	2.193060327192362
	gen91ind13	712.7206448791754	0.07989945470495624	0.9967800487931415	0.6604915428240548	1.1771578838575454	0.5803296916054204	6570.774578466846	30.922047065913972	0.00933612711864227	12.51328954838613	16.112255171557905	2.217423300172
	gen90ind15	712.7306277925028	0.07989945470495624	0.9967800487931415	0.6604915428240548	1.1771578838575454	0.5803296916054204	6570.774578466846	30.922047065913972	0.00936841181751745	12.51328954838613	16.11567118877296	2.217423300172
	gen92ind2	712.7994441784633	0.07990664055403807	0.9967800487931415	0.6669421826089119	1.1771578838575454	0.580320411764643	6571.477153156016	30.922047065913972	0.00936841181751745	12.51328954838613	16.11567118877296	2.213594321453285
	gen90ind19	712.854819216672	0.07988016356073002	0.996794672633909	0.6519028492431387	1.189019589443175	0.5803496383412681	6573.354353979776	30.922047065913972	0.009342182223466776	12.512722719742744	16.125444061061536	2.220026321918721
	gen90ind14	712.9128099810584	0.07989453525889369	0.9967800487931415	0.6604915428240548	1.1823583935359248	0.5803296916054204	6569.369429088506	30.922047065913972	0.009420532403116876	12.51377658271473	16.119555276404284	2.2243439847857887
	gen93ind19	712.9498454576794	0.07989484607270136	0.996792098864115	0.6848733520901329	1.1929165828777055	0.5802925722423108	6622.839578256839	32.589098088479766	0.009244306857118635	12.50848543220945	16.126158074840724	2.1895497505017185
	gen89ind10	712.9887966878638	0.07989453525889369	0.9967800487931415	0.6604915428240548	1.1823583935359248	0.5803296916054204	6570.774578466846	30.922047065913972	0.009364195178429282	12.514068014698038	16.11616989329277	2.217423300172
	gen92ind19	713.0614712078662	0.07990579104541938	0.9967756543134667	0.6604915428240548	1.1771578838575454	0.5803313060105245	6570.774578466846	30.922047065913972	0.00936841181751745	12.514174820952297	16.11567118877296	2.217423300172
	gen92ind16	713.0704296944568	0.07988719400290802	0.9967898024374133	0.6679249634154286	1.1850372333676256	0.5802925722423108	6595.1140990580825	31.309781516482104	0.009311464889709417	12.518622369271553	16.12491095270145	2.213673694453461
	gen94ind10	714.5396270327091	0.0799169298720088	0.9967900050292435	0.6765240101206575	1.1877365773982405	0.5802478262817133	6610.032642893958	32.9768325390479	0.009169107115670042	12.519654926100278	16.126785047589085	2.1883168436712013
	gen93ind14	714.5409967959351	0.07989453525889369	0.9967884373839081	0.6705900916252336	1.182173065907337	0.5803250516850318	6581.8904767287095	32.72529653385827	0.009364195178429282	12.514068014698038	16.11957324373492	2.2155088108126426
	gen94ind1	715.806565325298	0.07987578719816776	0.9968024466359647	0.6820360851251299	1.18780315596479	0.5802893434321026	6592.303800301403	34.58621478170813	0.009396183297304524	12.510612431184338	16.131017378495223	2.2146758659207166
	gen91ind7	718.1396269550314	0.07989453525889369	0.9967827918378758	0.6652123918799786	1.187473509105443	0.5803296916054204	6550.982778934103	35.36674673477588	0.009364195178429282	12.514068014698038	16.123475298696874	2.217423300172
	gen92ind14	720.0531398891611	0.07989453525889369	0.9967827918378758	0.6652123918799786	1.187330878531286	0.5803482512869751	6550.982778934103	37.16999620272018	0.009364195178429282	12.516859305942333	16.123475298696874	2.217423300172
	gen92ind4	721.7185498469227	0.07989453525889369	0.9967856729905518	0.6581426735848537	1.1805428652413725	0.5802738876392856	6576.156883925485	42.59577914553884	0.009505227097225217	12.508044132386804	16.128626904692407	2.2199571984796496
	gen90ind17	722.788372994657	0.07989453525889369	0.9967917686640595	0.6604915428240548	1.187473509105443	0.5803296916054204	6592.303800301403	42.648970913235786	0.009316326026847527	12.516863384390515	16.126767743567203	2.217423300172
	gen91ind5	723.6109354662589	0.07989590696685481	0.9967865312063076	0.6638601215333482	1.1823583935359248	0.5803078964505701	6585.5163454644235	44.809373497929926	0.009440663141461084	12.510571998168444	16.11616989329277	2.2066946749814704
	gen86ind12	723.7270942431275	0.07994286709351899	0.9967801682085478	0.6675828565436855	1.1856630050709014	0.5801410575121715	6601.223817091299	45.48530070526948	0.009607324481317441	12.517155713490379	16.096004939848783	2.226286063453321
	gen91ind10	724.3177031026152	0.07989453525889369	0.9967800487931415	0.6603368176745466	1.1823583935359248	0.5802582662763209	6569.369429088506	44.809373497929926	0.009408378442585904	12.514068014698038	16.11275387607772	2.216763656514717
	gen90ind7	725.0451348029605	0.07989453525889369	0.9967800487931415	0.6603368176745466	1.1823583935359248	0.5803296916054204	6569.369429088506	44.809373497929926	0.009440663141461084	12.514068014698038	16.11616989329277	2.216763656514717
	gen92ind13	725.3592481643432	0.07989453525889369	0.9967924390058029	0.6676928756911662	1.1935613371855345	0.5803006313989534	6619.614993535591	47.38809186701049	0.009200611955357138	12.518177005323098	16.12118171692256	2.203997991461004
	gen88ind19	725.3756333757908	0.07989453525889369	0.9967868822423026	0.6580949372767947	1.187473509105443	0.5802830888048267	6582.027773608092	46.77232223050248	0.009126910528054706	12.515138323939384	16.116666814571623	2.1992597808643346
	gen90ind18	725.5121183217152	0.07989453525889369	0.9967967662676405	0.6674963863047917	1.1935613371855345	0.5804909363750264	6677.808257081194	49.191341334954785	0.009082785377723392	12.525169038382284	16.11752901422051	2.2061859522365275
	gen87ind10	725.6333976551948	0.07989453525889369	0.9967868822423026	0.6580949372767947	1.187473509105443	0.5803232339850036	6592.303800301403	46.77232223050248	0.009126910528054706	12.517438502406893	16.11653160518089	2.2025234458137226
	gen88ind7	725.6647667410243	0.0798835615952048	0.9967935448026054	0.6580949372767947	1.188132802824137	0.5803232339850036	6592.303800301403	46.77232223050248	0.009267971083883822	12.51662007269928	16.11653160518089	2.2025234458137226
	gen90ind4	726.5128379617059	0.07989453525889369	0.9967924390058029	0.6651892813024569	1.1933965137558609	0.5804380707274817	6648.737682952649	49.191341334954785	0.00904894008950563	12.525169038382284	16.115882791785346	2.2055263085792447
	gen89ind6	726.514226409122	0.07989453525889369	0.9967924390058029	0.6651892813024569	1.1935613371855345	0.5804380707274817	6648.737682952649	49.191341334954785	0.00904894008950563	12.525169038382284	16.11752901422051	2.2055263085792447
	gen88ind2	726.6127165612103	0.07989453525889369	0.9967924390058029	0.6651892813024569	1.1935613371855345	0.5803006313989534	6619.614993535591	49.191341334954785	0.009256949180044731	12.518177005323098	16.11752901422051	2.203997991461004
	gen91ind19	726.9983995523718	0.07989453525889369	0.9967924390058029	0.6651892813024569	1.1910037794007753	0.5803006313989534	6608.850382618312	49.191341334954785	0.009256949180044731	12.518177005323098	16.113876311518457	2.203997991461004
	gen89ind1	727.158672104865	0.07990437415101878	0.9967935448026054	0.6639894633758112	1.1831603178287757	0.5803232339850036	6555.922397122621	46.77232223050248	0.009265382458221068	12.51662007269928	16.11653160518089	2.199341273275246
	gen90ind16	727.1887920569571	0.07989453525889369	0.9967949927151516	0.6651892813024569	1.1914047415472009	0.5802974025887451	6601.424291946199	49.191341334954785	0.009207542819940625	12.518177005323098	16.110671784351005	2.193720667685233
	gen91ind2	728.5752406055846	0.07989564572817587	0.9967918032483607	0.667538150541658	1.1814497181612529	0.5802882626564255	6605.959396918497	55.090200994057284	0.009404456655117698	12.507075981638852	16.129701713846767	2.198568270018731
	gen90ind3	728.7402724721346	0.07989727867481591	0.9967930136194736	0.667538150541658	1.1838424525163385	0.5802861012957199	6603.068411218681	55.090200994057284	0.009404456655117698	12.507075981638852	16.13468133635184	2.197285337105506
	gen89ind9	729.0451929762069	0.07989453525889369	0.9967898024374133	0.6651892813024569	1.1814497181612529	0.5803006313989534	6592.303800301403	55.090200994057284	0.009404456655117698	12.507075981638852	16.13267485608495	2.203997991461004
	gen89ind15	730.3899886944718	0.07989897713602243	0.9967971550530419	0.6651892813024569	1.1935613371855345	0.580309276841776	6600.665547213963	55.090200994057284	0.009297696695812799	12.518177005323098	16.114890796268234	2.209129723113902
	gen86ind5	730.4029658469582	0.07989453525889369	0.9967898024374133	0.6651892813024569	1.187473509105443	0.5803006313989534	6592.303800301403	55.090200994057284	0.009256949180044731	12.514068014698038	16.123475298696874	2.203997991461004
	gen90ind2	730.5047719383858	0.07989453525889369	0.9967800487931415	0.6604915428240548	1.1823583935359248	0.580326462795212	6570.774578466846	53.553223946894406	0.009364195178429282	12.51688731246299	16.11616989329277	2.217423300172
	gen87ind5	730.6083646127554	0.07989453525889369	0.9967845049306158	0.667605232723389	1.187473509105443	0.5802775387221145	6557.96204689612	55.090200994057284	0.009256949180044731	12.506494293321635	16.129093540159566	2.203997991461004
	gen89ind11	734.196730159992	0.07989453525889369	0.9967811479137383	0.6746309794143046	1.187473509105443	0.5801868409472215	6536.972950800993	58.0807406726786	0.009299625780678923	12.514068014698038	16.116643264266767	2.203997991461004
	gen91ind16	734.6609688080164	0.07989453525889369	0.9967811479137383	0.6746309794143046	1.187473509105443	0.5801868409472215	6526.208339883715	58.0807406726786	0.009299625780678923	12.514359446681347	16.116643264266767	2.2027616811336097
	gen91ind8	738.9788854189267	0.0798787369781922	0.9967847804638141	0.6651892813024569	1.194501499345483	0.58044129953769	6685.8778308636665	76.86349965500204	0.00904894008950563	12.523893009381663	16.11912972820877	2.207117394848483
	gen92ind1	739.1324757524264	0.07986909140607909	0.9967920923841979	0.6651892813024569	1.1998241353991053	0.58044129953769	6685.8778308636665	76.86349965500204	0.00904894008950563	12.523893009381663	16.11912972820877	2.207117394848483
	gen90ind11	739.5941357329948	0.07990002209073813	0.9967901158923469	0.6651892813024569	1.187143862246096	0.5803006313989534	6592.303800301403	75.08187216982472	0.009279205216471489	12.51377658271473	16.12698425415311	2.203997991461004
	gen89ind0	740.8529665524234	0.07989453525889369	0.9967854221447472	0.6580949372767947	1.187473509105443	0.5803232339850036	6592.303800301403	76.18440082787484	0.009122392817525828	12.519123746261322	16.109767313552567	2.2025234458137226
	gen90ind0	741.3900835413044	0.07990172110797553	0.9967854221447472	0.6598571654129219	1.187473509105443	0.5803232339850036	6581.539189384124	76.18440082787484	0.009122392817525828	12.519123746261322	16.109767313552567	2.2025234458137226
	gen91ind15	742.0070159118196	0.07988961581283113	0.9967854221447472	0.6586948462401175	1.187473509105443	0.5803119326919786	6592.303800301403	77.39391038010099	0.00911817617843766	12.519902212573232	16.110266018072377	2.2025234458137226
	gen90ind8	742.4960966235549	0.0798787369781922	0.996791528468546	0.6651892813024569	1.1949024614919086	0.5804380707274817	6678.451740191555	84.7886372372963	0.00904894008950563	12.525169038382284	16.11912972820877	2.198076381400106
	gen89ind8	745.0329579715509	0.07990002209073813	0.9967864711572619	0.6651892813024569	1.187143862246096	0.5803006313989534	6592.303800301403	88.66121897320704	0.009246920517596308	12.514068014698038	16.120182853826545	2.203997991461004
	gen91ind4	745.5083729739928	0.07989453525889369	0.9967854221447472	0.6580949372767947	1.184461613633348	0.5803232339850036	6592.303800301403	88.2684777919465	0.009122392817525828	12.51562772973173	16.109767313552567	2.195810791458225
	gen89ind13	748.497039516215	0.07986293869749073	0.9967782277186277	0.6682234118941177	1.1850406421486728	0.5802833405133081	6630.202692944657	102.116638870597	0.009166418727450842	12.515138323939384	16.11937132126929	2.2025234458137226
	gen88ind14	748.7944445117969	0.07986293869749073	0.9967868822423026	0.6580949372767947	1.187473509105443	0.5802833405133081	6630.202692944657	102.116638870597	0.009166418727450842	12.517438502406893	16.122528556748886	2.2025234458137226
	gen90ind1	749.7516765346916	0.07986293869749073	0.9967782277186277	0.6764914329628726	1.1850406421486728	0.580215143994417	6602.537268194453	102.116638870597	0.009166418727450842	12.515138323939384	16.11937132126929	2.2025234458137226
	gen90ind12	750.9064491173586	0.0799059182273523	0.9967848814313551	0.6718413950942954	1.187473509105443	0.5801917842490956	6560.510865715954	104.77971105428159	0.009417332386239605	12.508683406018484	16.10994671544023	2.206840109135406
	gen89ind5	752.0382324944258	0.07993616037052165	0.9967695731949526	0.67697833350049	1.1775285391147206	0.5800330299620944	6519.54099394384	108.09771822783964	0.009247254218190348	12.505155318842428	16.10886448788867	2.197633646384051
	gen88ind0	752.0570903820643	0.07993616037052165	0.9967695731949526	0.67697833350049	1.1775285391147206	0.5800557596098442	6519.54099394384	108.09771822783964	0.009251771928719224	12.504620164221755	16.10886448788867	2.197633646384051
	gen89ind7	752.227395022158	0.07986043948328958	0.9967963143367804	0.6396522561339074	1.1959942041423046	0.5803006313989534	6610.441138269756	113.914358188802	0.009247913758986977	12.517438502406893	16.11875783333104	2.216787846892547
	gen87ind13	752.7502837309094	0.07989453525889369	0.9967868822423026	0.6580949372767947	1.187473509105443	0.5802551721034536	6610.339838117316	113.914358188802	0.009247913758986977	12.519247314564444	16.10994671544023	2.2025234458137226
	gen88ind6	753.2253244135017	0.0798718224517482	0.9967963143367804	0.6498515419385771	1.187473509105443	0.5803006313989534	6592.303800301403	113.914358188802	0.009247913758986977	12.517438502406893	16.117252120844334	2.212786909119518
	gen89ind3	753.2534756675444	0.0799059182273523	0.9967868822423026	0.6718413950942954	1.187473509105443	0.5801917842490956	6574.166462333049	113.914358188802	0.00936370938704733	12.511029333314324	16.10994671544023	2.1992597808643346
	gen90ind10	753.3733876112848	0.0799059182273523	0.9967868822423026	0.6718413950942954	1.187473509105443	0.5801917842490956	6574.166462333049	113.914358188802	0.009417332386239605	12.511029333314324	16.113332098551744	2.2072087455472267
	gen86ind3	753.674213594521	0.07989453525889369	0.9967868822423026	0.6580949372767947	1.187473509105443	0.5803006313989534	6592.303800301403	113.914358188802	0.009247913758986977	12.517438502406893	16.10994671544023	2.2025234458137226
	gen81ind1	753.674213594521	0.07989453525889369	0.9967868822423026	0.6580949372767947	1.187473509105443	0.5803006313989534	6592.303800301403	113.914358188802	0.009247913758986977	12.517438502406893	16.10994671544023	2.2025234458137226
	gen86ind6	753.6753215625649	0.07989263500756219	0.9967868822423026	0.6580949372767947	1.187473509105443	0.5803006313989534	6592.303800301403	113.914358188802	0.009247913758986977	12.517438502406893	16.10994671544023	2.2025234458137226
	gen87ind17	753.7475558839712	0.07988714817571774	0.9967868822423026	0.6580949372767947	1.187473509105443	0.5802833405133081	6583.597454109202	113.914358188802	0.009247913758986977	12.517438502406893	16.122528556748886	2.2025234458137226
	gen88ind13	754.0749116911387	0.07988714817571774	0.9967868822423026	0.6580949372767947	1.187473509105443	0.5802833405133081	6583.597454109202	113.914358188802	0.009187412143520842	12.517438502406893	16.122528556748886	2.2025234458137226
	gen88ind1	754.1370646890425	0.07989453525889369	0.9967868822423026	0.6580949372767947	1.187473509105443	0.5803233610467033	6583.285781393446	113.914358188802	0.009247913758986977	12.517438502406893	16.10994671544023	2.2025234458137226
	gen88ind11	754.8952988361112	0.07990744580282405	0.9967810743026038	0.6580949372767947	1.187473509105443	0.5803006313989534	6592.303800301403	113.914358188802	0.009247913758986977	12.52213035699857	16.10994671544023	2.200788097982575
	gen87ind15	757.1991944004278	0.07993874139476129	0.9967695731949526	0.6783518865114406	1.1826077751919029	0.5802203410385997	6571.751746914781	125.712077507007	0.009325801572758296	12.512838145471875	16.110217134221703	2.195996115914946
	gen88ind15	757.2940117963066	0.07989263500756219	0.9967868822423026	0.6580949372767947	1.187473509105443	0.5803006313989534	6592.303800301403	125.99843515287365	0.009194290759794702	12.517438502406893	16.10994671544023	2.195810791458225
	gen89ind19	757.5494631549578	0.07989453525889369	0.9967868822423026	0.6580949372767947	1.186422203156614	0.5803006313989534	6592.303800301403	128.62039748748816	0.009247913758986977	12.517438502406893	16.12334008930614	2.203440028410318
	gen90ind9	757.6548970287406	0.07990002209073813	0.9967864711572619	0.6708642074375772	1.1897014200308549	0.580231677720791	6593.999742234504	130.15737453465107	0.009246677621905331	12.514068014698038	16.120182853826545	2.203997991461004
	gen88ind9	758.1820613088197	0.07992148101467375	0.9967730252558802	0.6712385325509818	1.1775285391147206	0.5800557596098442	6552.055655388969	137.509796825212	0.009181116050972101	12.504620164221755	16.10886448788867	2.19689637356041
	gen89ind12	758.3996977175533	0.07991292030690057	0.9967725345506753	0.678538940367287	1.1704534422217014	0.5800740805666074	6534.058421467286	134.60147684473083	0.009544857793999034	12.50345443628852	16.135110121844704	2.1994668115772416
	gen83ind4	758.709982900857	0.07992389397058947	0.9967661547125368	0.67697833350049	1.1741073397796749	0.5800829370992376	6551.471113851687	137.509796825212	0.009410903822059249	12.504620164221755	16.110487553003175	2.195996115914946
	gen89ind17	758.958277332985	0.07991292030690057	0.9967811890743503	0.678538940367287	1.1754259272170626	0.5800483553279472	6543.076440375243	137.509796825212	0.00954292870913291	12.504358842367296	16.135651235620486	2.1994668115772416
	gen88ind18	758.9657736093109	0.07991730119581092	0.9967729545818484	0.6855878529117962	1.1704321190317195	0.5800829370992376	6556.029124364695	137.509796825212	0.009479505015107683	12.504620164221755	16.12046387372347	2.195996115914946
	gen87ind2	759.3186006224312	0.07991421081902039	0.9967811890743503	0.678538940367287	1.1754259272170626	0.5800965258439343	6536.584434336271	137.509796825212	0.00954292870913291	12.50345443628852	16.135651235620486	2.1994668115772416
	gen86ind16	759.4068186720875	0.07991292030690057	0.9967811890743503	0.678538940367287	1.1754259272170626	0.5800483553279472	6534.058421467286	137.509796825212	0.00954292870913291	12.50345443628852	16.135651235620486	2.1994668115772416
	gen88ind16	759.5348215908242	0.07992389397058947	0.9967828983155582	0.6761980300670914	1.1775285391147206	0.5800829370992376	6532.795415032793	137.509796825212	0.009317784372256055	12.50345443628852	16.135651235620486	2.1994354460313295
	gen87ind18	759.5813509264362	0.07993048674536801	0.9967828983155582	0.67697833350049	1.1775285391147206	0.5800829370992376	6534.058421467286	137.509796825212	0.00939283248454834	12.503313041830262	16.135651235620486	2.1994354460313295
	gen85ind14	759.5837750641294	0.07992389397058947	0.9967828983155582	0.67697833350049	1.1775285391147206	0.5800829370992376	6534.058421467286	137.509796825212	0.00939283248454834	12.50345443628852	16.135651235620486	2.1994354460313295
	gen86ind10	759.6761466557199	0.0799410398248544	0.9967701525998258	0.6772877837995065	1.1771365268845855	0.5800732320143915	6534.058421467286	137.509796825212	0.00939283248454834	12.504620164221755	16.110487553003175	2.195996115914946
	gen82ind13	759.6892316332671	0.07992389397058947	0.9967695731949526	0.67697833350049	1.1775285391147206	0.5800829370992376	6534.058421467286	137.509796825212	0.00939283248454834	12.504620164221755	16.110487553003175	2.195996115914946
	gen87ind8	759.7548948584183	0.07994584129796725	0.9967695731949526	0.6726530841706987	1.1762099516773328	0.5800776253988327	6532.540310280734	137.509796825212	0.009110711372890108	12.505091295703748	16.113238374342167	2.195933384823122
	gen87ind7	759.7821944861688	0.07992389397058947	0.9967828983155582	0.67697833350049	1.1775285391147206	0.5800829370992376	6530.084776167824	137.509796825212	0.00939283248454834	12.50345443628852	16.135651235620486	2.1994354460313295
	gen87ind6	759.8338951016262	0.0799410398248544	0.9967701525998258	0.677597234098523	1.1795243999305574	0.5801138387674682	6534.058421467286	137.509796825212	0.00939283248454834	12.504620164221755	16.110487553003175	2.195996115914946
	gen83ind7	759.8495444681635	0.07993874139476129	0.9967695731949526	0.67697833350049	1.1783125635749907	0.5801521006418185	6532.540310280734	137.509796825212	0.00939283248454834	12.504620164221755	16.110487553003175	2.195996115914946
	gen85ind16	759.8925503976093	0.07993616037052165	0.9967695731949526	0.6756047804895393	1.1775285391147206	0.5800539996239683	6527.488284542764	137.509796825212	0.00939283248454834	12.504620164221755	16.110487553003175	2.19689637356041
	gen87ind9	759.8947389832516	0.07993616037052165	0.9967695731949526	0.67697833350049	1.1775285391147206	0.5800557596098442	6519.54099394384	137.509796825212	0.009251771928719224	12.504620164221755	16.10886448788867	2.19689637356041
	gen88ind3	759.9011434431212	0.07994584129796725	0.9967687185743487	0.6724147593855498	1.1783125635749907	0.5800775812728485	6534.527132930465	141.27163377022327	0.009144941810154506	12.502008270737573	16.107241422774166	2.195933384823122
	gen84ind18	759.9889890805471	0.07994584129796725	0.9967695731949526	0.6738571197668958	1.1783125635749907	0.5801521006418185	6532.540310280734	137.509796825212	0.009110711372890108	12.505091295703748	16.107241422774166	2.195933384823122
	gen88ind8	760.133066043491	0.07994584129796725	0.9967695731949526	0.6726530841706987	1.182233742621523	0.5801796781763422	6560.3999932633	137.509796825212	0.009110711372890108	12.512083328762934	16.10038611425204	2.1974617019413625
	gen86ind8	760.2150018404058	0.07993616037052165	0.9967688721861705	0.6872676377269975	1.1760907444949038	0.5800539996239683	6527.488284542764	137.509796825212	0.009324231291499905	12.504620164221755	16.109134906670143	2.191759540128917
	gen88ind4	760.2183858276871	0.07995113376383085	0.9967690627620513	0.67697833350049	1.18264707804164	0.5800557596098442	6519.54099394384	137.509796825212	0.009283969814811489	12.504620164221755	16.10886448788867	2.2103059994984493
	gen86ind11	760.306037789729	0.07994584129796725	0.9967695731949526	0.6724147593855498	1.1783125635749907	0.5800948721584938	6532.540310280734	141.27163377022327	0.009069893697862222	12.502008270737573	16.107241422774166	2.195933384823122
	gen84ind17	760.3359294603612	0.07993874139476129	0.9967695731949526	0.6783518865114406	1.1783125635749907	0.5801521006418185	6524.59301968181	137.509796825212	0.00939283248454834	12.504620164221755	16.110487553003175	2.195996115914946
	gen83ind9	760.3802752881346	0.07993616037052165	0.9967695731949526	0.67697833350049	1.1775285391147206	0.5800557596098442	6519.54099394384	137.509796825212	0.00939283248454834	12.504620164221755	16.110487553003175	2.19689637356041
	gen87ind0	760.4892661083148	0.07994295421534771	0.9967643000581734	0.6855878529117962	1.1704321190317195	0.5800829370992376	6517.1293604464045	137.509796825212	0.009410903822059249	12.504620164221755	16.122109703174438	2.195996115914946
	gen89ind4	760.7787156417862	0.07986293869749073	0.9967791408412727	0.6580949372767947	1.187473509105443	0.5802833405133081	6630.202692944657	155.41051375024603	0.009166418727450842	12.512714577168751	16.121022844262185	2.2025234458137226
	gen86ind15	760.8108989726711	0.07998377430824055	0.9967776177095673	0.677597234098523	1.1788830858716186	0.5801641506053912	6497.98634583546	137.509796825212	0.009381975582567065	12.501002539906654	16.110487553003175	2.195996115914946
	gen84ind11	761.5015086446258	0.07995483400156142	0.9967695731949526	0.67697833350049	1.1775285391147206	0.5800895208120513	6497.98634583546	137.509796825212	0.00939283248454834	12.504620164221755	16.110487553003175	2.195996115914946
	gen85ind15	761.7893259887513	0.07997303310329117	0.996770732004699	0.677597234098523	1.1775285391147206	0.5801326904721265	6497.98634583546	137.509796825212	0.009381975582567065	12.504620164221755	16.110487553003175	2.195996115914946
	gen88ind5	762.2143897796911	0.07992389397058947	0.9967708296526909	0.6895264885443607	1.1775285391147206	0.5800829370992376	6492.497556240325	137.509796825212	0.009416186806363323	12.50345443628852	16.134968437859268	2.188721853902803
	gen88ind10	763.4506383433317	0.07994295421534771	0.9967643000581734	0.6950295510236439	1.1654596340363583	0.5800829370992376	6517.1293604464045	149.307516143417	0.00948336318483993	12.50244256606656	16.134961963264566	2.195996115914946
	gen89ind2	763.7269407250175	0.07996730022190288	0.9967575873911263	0.684257406947442	1.1715671135413186	0.5800670446832412	6519.54099394384	153.4664555251944	0.009251771928719224	12.504620164221755	16.10721787246931	2.197633646384051
	gen87ind1	764.4491272506758	0.07996794436590104	0.9967695731949526	0.6724147593855498	1.1737320908097646	0.5800948721584938	6498.684919970938	153.06935308842827	0.009069893697862222	12.504400898354996	16.107511841555638	2.195933384823122
	gen84ind1	767.3974963029373	0.07986844882462485	0.9967558017852162	0.6578358883235869	1.1788162360256547	0.580026600545522	6580.552155074754	180.6190898172474	0.00975377397602995	12.515405157301348	16.100000501425537	2.2012732651732083
	gen86ind19	772.3728216003512	0.0799706969163782	0.9967791823667138	0.67697833350049	1.1783125635749907	0.5801802689186764	6492.365748322101	193.0591025532758	0.00939283248454834	12.500796648353706	16.110487553003175	2.193357541285815
	gen87ind11	772.6633637874345	0.07997814486301719	0.996773767771773	0.677597234098523	1.1743026131063925	0.5801039693652527	6448.01731984581	177.0821690074489	0.009454434945347746	12.50731838711994	16.110487553003175	2.191413163650992
	gen86ind4	775.9565854045518	0.07995483400156142	0.9967695731949526	0.67697833350049	1.1771365268845855	0.5800549390407609	6502.719046728198	221.08065441320375	0.00939283248454834	12.503720570091575	16.110487553003175	2.195996115914946
	gen87ind16	776.1926418704516	0.07999730006158073	0.9967791823667138	0.6848594247455405	1.1737320908097646	0.5801060035401089	6492.365748322101	204.8568218714808	0.009324231291499905	12.505376954997868	16.110487553003175	2.193357541285815
	gen87ind3	776.4977859687122	0.07988514285647916	0.9967883431074764	0.6580949372767947	1.18576290943792	0.5803006313989534	6601.010146493603	234.60103860810648	0.009443965102211535	12.517438502406893	16.10994671544023	2.2025234458137226
	gen85ind9	782.937747524204	0.07996500441281464	0.9967695731949526	0.6783518865114406	1.1783125635749907	0.5801521006418185	6524.59301968181	272.86812319625625	0.009168897112497004	12.504620164221755	16.110487553003175	2.195996115914946
	gen85ind10	784.7835571134183	0.07993235986785867	0.9967750201287385	0.67697833350049	1.1775285391147206	0.5800829370992376	6534.058421467286	304.6515120011955	0.00939283248454834	12.502820975961395	16.110487553003175	2.195996115914946
	gen86ind1	785.7986107868944	0.07990901132057059	0.9967789261656832	0.6651059779808961	1.1856630050709014	0.5801410575121715	6572.101127674241	323.2207546663425	0.00979044217834089	12.512885631651343	16.08399712243164	2.22847450925972
	gen85ind11	787.5942904569051	0.07990901132057059	0.9967732825036795	0.6601676237417591	1.1782686043495973	0.5801410575121715	6601.223817091299	368.65445626121004	0.00979044217834089	12.518321441423614	16.08399712243164	2.2232247417530564
	gen86ind0	787.7227032398323	0.07990772080845077	0.9967732825036795	0.6566380809442833	1.1856630050709014	0.5801410575121715	6601.223817091299	368.65445626121004	0.00979044217834089	12.517155713490379	16.08399712243164	2.228924638082452
	gen84ind12	787.8510114783483	0.07990901132057059	0.9967732825036795	0.658011633955234	1.1856630050709014	0.5801410575121715	6601.223817091299	368.65445626121004	0.00979044217834089	12.517155713490379	16.08399712243164	2.22847450925972
	gen83ind17	788.6419608718643	0.07990901132057059	0.9967623886361078	0.66391125884331	1.1856630050709014	0.5801410575121715	6597.847705354039	368.65445626121004	0.00979044217834089	12.517155713490379	16.08399712243164	2.227880784485375
	gen87ind14	790.0488614994666	0.07990772080845077	0.9967732825036795	0.666079779056131	1.1856630050709014	0.5801410575121715	6601.223817091299	380.45217557941504	0.009862901541121571	12.51074654439781	16.08399712243164	2.228924638082452
	gen86ind2	790.0574987897371	0.0799089096684234	0.9967724949253004	0.6759438153190465	1.1741073397796749	0.5800031501558467	6551.471113851687	378.88315766382095	0.009784935170997454	12.508849919924359	16.122481456139173	2.195996115914946
	gen87ind12	790.1318273379662	0.0799089096684234	0.9967724949253004	0.6759438153190465	1.17449935200981	0.5800031501558467	6550.71205825841	378.88315766382095	0.009784935170997454	12.508849919924359	16.122481456139173	2.195996115914946
	gen85ind0	790.2474458655104	0.07991245962002638	0.9967724949253004	0.6759438153190465	1.1741073397796749	0.5800031501558467	6551.471113851687	378.88315766382095	0.009643874615168338	12.508849919924359	16.122481456139173	2.195996115914946
	gen84ind3	790.8730526859285	0.07992517666658087	0.9967637328047312	0.6627896454491656	1.1794513471911177	0.5803006313989534	6592.303800301403	395.51891519093056	0.009374761642432831	12.511361139639465	16.083430386489887	2.1939472822658463
	gen80ind18	790.9303766248056	0.07988681292352301	0.9967777589341188	0.6505314052919795	1.1875023605606032	0.5803006313989534	6592.303800301403	395.51891519093056	0.009247913758986977	12.514828396226719	16.10994671544023	2.2025234458137226
	gen83ind14	794.5777965412983	0.07986328232789863	0.9967559711989753	0.6578358883235869	1.1816768684501398	0.580026600545522	6585.551576826883	470.65654135321574	0.009716197191295703	12.51725297763304	16.100000501425537	2.2003102764359204
	gen86ind18	795.8015457894135	0.07991690147068507	0.9967682191307499	0.6674071109120384	1.1802136746280152	0.5801521006418185	6532.540310280734	471.2248842651974	0.009580467892100666	12.504620164221755	16.110487553003175	2.1991879828885277
	gen81ind13	797.8824319608791	0.07990954542441417	0.9967671008303752	0.6693447999433534	1.1775285391147206	0.580106317106405	6534.058421467286	500.2308489618906	0.00939283248454834	12.507631643185277	16.112551058749908	2.195996115914946
	gen82ind1	798.1995082966585	0.07988545276492147	0.9967808309073267	0.6492103007743527	1.1858202969468523	0.5801741548237356	6613.167192910156	641.8439194120917	0.009065197092865514	12.511044494932143	16.109749544701263	2.207140476623623
	gen86ind7	800.7007918796381	0.0798947118426782	0.9967523817675633	0.668212133902965	1.170744999759044	0.580000832195462	6580.552155074754	756.7847515753118	0.009768103299652994	12.504255169440501	16.100000501425537	2.18584379080255
	gen84ind2	802.1185617606056	0.07986844882462485	0.9967558017852162	0.6600832716958593	1.1748194456009247	0.580026600545522	6580.552155074754	756.7847515753118	0.009768103299652994	12.51185541285196	16.100000501425537	2.2017861250877644
	gen86ind9	802.2511876418785	0.07987587253671076	0.9967558017852162	0.6600832716958593	1.1748194456009247	0.580026600545522	6579.793099481478	756.7847515753118	0.009768103299652994	12.51185541285196	16.08741866011688	2.2017861250877644
	gen85ind8	802.7898551251708	0.07986844882462485	0.9967558017852162	0.6578358883235869	1.178418015165538	0.580026600545522	6614.407545384551	885.789310758171	0.00975906787859524	12.51365460111232	16.086471918168893	2.2012732651732083
	gen85ind13	802.963458866679	0.07986844882462485	0.9967558017852162	0.6600832716958593	1.1748194456009247	0.5800747710615092	6587.051813243202	756.7847515753118	0.009768103299652994	12.51185541285196	16.100000501425537	2.2017861250877644
	gen83ind16	803.8903247636508	0.07986844882462485	0.9967558017852162	0.6578358883235869	1.178418015165538	0.580026600545522	6580.552155074754	756.7847515753118	0.009768103299652994	12.51365460111232	16.100000501425537	2.2012732651732083
	gen84ind5	804.3062441078521	0.07988021412243704	0.9967668650665471	0.6578358883235869	1.1813307612207695	0.5801636159722376	6585.551576826883	804.9399717051828	0.009768103299652994	12.51365460111232	16.104973608432886	2.202379849862109
	gen86ind14	804.3306821148163	0.07986844882462485	0.9967558017852162	0.6581453386226034	1.178418015165538	0.5800481853755596	6614.407545384551	885.789310758171	0.00975906787859524	12.51365460111232	16.086471918168893	2.2012732651732083
	gen86ind17	804.4655967646906	0.0798602908709794	0.9967661052101553	0.6466902901768505	1.1813307612207695	0.5801636159722376	6585.551576826883	804.9399717051828	0.009768103299652994	12.51365460111232	16.104973608432886	2.202379849862109
	gen83ind13	804.6774931407554	0.07990563279504966	0.9967709648841867	0.6696231891517302	1.1841093818779411	0.5800547181920213	6547.164840500716	723.8404963782348	0.009082235468155266	12.503344443257618	16.13138040946959	2.1934379508626805
	gen85ind3	804.9708175953353	0.07986844882462485	0.9967558017852162	0.6578358883235869	1.1822027795007704	0.580026600545522	6580.552155074754	756.7847515753118	0.009768103299652994	12.519971007817961	16.100000501425537	2.2012732651732083
	gen82ind11	805.0704534750953	0.07986844882462485	0.9967559711989753	0.6578358883235869	1.178418015165538	0.580026600545522	6585.551576826883	842.5087847863254	0.009768103299652994	12.51365460111232	16.100000501425537	2.2012732651732083
	gen84ind19	805.1651279181581	0.0798726131171111	0.9967709752125169	0.6536526190255737	1.1811881528146244	0.5800547181920213	6613.94978869689	1057.5560787886654	0.009530034870645208	12.513886133262734	16.11319284566924	2.206269782777932
	gen85ind5	805.6333302577478	0.0798726131171111	0.9967813286490697	0.6595209387810692	1.1863088735342378	0.5801670853136309	6583.5096197390385	832.4356236916926	0.00981215598230344	12.510989663558025	16.116168557116772	2.202648907997371
	gen85ind4	805.6602600870672	0.0798726131171111	0.9967709752125169	0.6539712877207834	1.186617145413403	0.5800547181920213	6618.185810937883	1118.2965214350838	0.009566334835144217	12.513886133262734	16.11690169133741	2.2193171124767375
	gen82ind10	805.8085370667487	0.0798726131171111	0.9967709648841867	0.6595209387810692	1.1796257888713537	0.5800582381637731	6563.093276514181	844.2333430098977	0.00981215598230344	12.510989663558025	16.116438975898244	2.202648907997371
	gen83ind3	805.8321601690706	0.0798726131171111	0.9967675781875509	0.6567738327591679	1.1811881528146244	0.5800547181920213	6607.291817402203	1057.5560787886654	0.00981215598230344	12.513886133262734	16.116438975898244	2.2063325138697563
	gen84ind16	807.3351069657311	0.07988816043605776	0.9967695762654268	0.6512796207153653	1.1848665633506679	0.5800758465253755	6623.8495843255405	1996.8887667823267	0.009666454140968752	12.507338194406678	16.116678070243374	2.191625177334633
	gen82ind6	807.4114259696037	0.07990230796545472	0.9967764132302583	0.6607206090862787	1.1856774307984816	0.5801410575121715	6589.0241995567385	878.2656368681485	0.00984070322865101	12.519820651044672	16.107418192761884	2.227880784485375
	gen81ind9	807.457651348558	0.07988545276492147	0.9967709648841867	0.6492103007743527	1.1841382333331014	0.5800547181920213	6609.26994677394	1736.816667488793	0.009065197092865514	12.511044494932143	16.118703356859925	2.210207839706425
	gen81ind15	807.5320043095699	0.0798726131171111	0.9967709648841867	0.6567738327591679	1.1796257888713537	0.5800547181920213	6578.987857712029	1057.5560787886654	0.00981215598230344	12.513886133262734	16.116438975898244	2.202648907997371
	gen83ind5	807.8657080960322	0.07990230796545472	0.9967764132302583	0.6607206090862787	1.1856774307984816	0.5801410575121715	6558.629118243251	878.2656368681485	0.009628731932821533	12.51543097821542	16.107418192761884	2.227880784485375
	gen85ind1	808.0109830457978	0.07989875801385174	0.9967764132302583	0.6629679924585512	1.1856774307984816	0.5801410575121715	6585.050554257276	878.2656368681485	0.009981763784480126	12.519820651044672	16.109041257876388	2.227880784485375
	gen83ind19	808.1260896117872	0.07986844882462485	0.9967559711989753	0.6623306550681317	1.1744797293209133	0.580094596072068	6585.551576826883	1066.865998695809	0.009768103299652994	12.51365460111232	16.100000501425537	2.2013359962650325
	gen85ind19	808.1686281942614	0.07990230796545472	0.9967764132302583	0.6702918316747303	1.1856774307984816	0.5801725176454362	6545.2415840610265	711.6922646041467	0.00984070322865101	12.519820651044672	16.112661718550704	2.227880784485375
	gen85ind17	808.2562237118161	0.07989507804747065	0.996797625453728	0.6524618531861177	1.192976795694145	0.5800957635561159	6606.202572730938	3594.4274172290116	0.009139136717656631	12.506921692875773	16.163520210903858	2.2131484430106987
	gen83ind18	808.4308957682388	0.07992919357482223	0.9967695731949526	0.6791343232870151	1.1730449461081331	0.5800829370992376	6526.987346066739	890.4382284594932	0.009429040400029898	12.502773656375075	16.110487553003175	2.1893685674102
	gen86ind13	808.533968987085	0.07991127014602106	0.9967764132302583	0.6607206090862787	1.1856774307984816	0.5801410575121715	6568.607856331881	878.2656368681485	0.00984070322865101	12.519820651044672	16.107418192761884	2.227880784485375
	gen82ind17	808.6218090152036	0.07987542061887729	0.9967695762654268	0.6512796207153653	1.1788206064008098	0.5800476782485177	6623.8495843255405	2163.4621390463285	0.009876845903672828	12.51365460111232	16.116678070243374	2.1910900409157508
	gen80ind13	808.7331160516494	0.07985467634390316	0.9967545469319359	0.6429206523113622	1.1833619023177178	0.5800617581355246	6584.509308028972	2427.874620334764	0.00935068910196052	12.508434388751969	16.121206832166738	2.1994967694713283
	gen83ind6	808.9510031368958	0.07984699196566326	0.9967695762654268	0.6512796207153653	1.1848665633506679	0.5800695757802834	6668.048125213563	2163.4621390463285	0.009819100825586978	12.51666608007584	16.116678070243374	2.19378225759512
	gen83ind11	808.9529678294118	0.07989714591697544	0.9967767369263401	0.6715293454000364	1.1809846539913997	0.5800038831849863	6552.23950754886	940.2321822828236	0.009602855608085482	12.511868697408813	16.10986507858333	2.204449423288299
	gen84ind7	808.9852979073589	0.07986201390864556	0.996797625453728	0.6488931401440466	1.1921771641858232	0.5800957635561159	6606.202572730938	3938.8782284927393	0.009139136717656631	12.50991988728244	16.17974113763716	2.2023743077028892
	gen80ind4	809.1073380730218	0.0798726131171111	0.9967709648841867	0.6567738327591679	1.1841093818779411	0.5800547181920213	6592.060421929844	1736.816667488793	0.009295369638674585	12.5078616617029	16.13138040946959	2.1934379508626805
	gen81ind12	809.201645285267	0.07989714591697544	0.99677739944994	0.6715293454000364	1.1809846539913997	0.5800038831849863	6525.453659045238	967.7753356351227	0.00935172597570156	12.507631643185277	16.11243151157734	2.204449423288299
	gen84ind0	809.2604488668775	0.07985399344702701	0.9967695762654268	0.6512796207153653	1.184880989078248	0.5800476782485177	6623.8495843255405	2163.4621390463285	0.009819100825586978	12.512349548022232	16.116678070243374	2.19378225759512
	gen78ind16	809.3740072353846	0.07986201390864556	0.996797625453728	0.6524618531861177	1.193076567891116	0.5800957635561159	6606.202572730938	3712.7127180582033	0.009222953807711466	12.511554677396262	16.153813091234298	2.2066930478721725
	gen83ind15	809.4089004831748	0.0799145743653869	0.996779630513135	0.6645023750786863	1.1856630050709014	0.5801410575121715	6560.02319932546	1084.1370953525516	0.009787878668171658	12.510197802964118	16.107418192761884	2.227880784485375
	gen85ind7	809.4514942930043	0.07985399344702701	0.9967695762654268	0.6512796207153653	1.1857334752529558	0.5801003671527499	6623.8495843255405	2143.815453393971	0.009819100825586978	12.512349548022232	16.110945386510693	2.19378225759512
	gen81ind2	809.5087052948817	0.07985785461471234	0.9967695762654268	0.6512796207153653	1.1848665633506679	0.5800476782485177	6623.8495843255405	2163.4621390463285	0.009819100825586978	12.51365460111232	16.116678070243374	2.19378225759512
	gen82ind4	809.6033473765715	0.0798567634886993	0.9967580548889758	0.657586699572513	1.1833041994073972	0.5800476782485178	6593.594108951345	1393.9205346447388	0.009895440341144935	12.51365460111232	16.120457953598624	2.197009955164383
	gen79ind6	809.6245636667339	0.07986201390864556	0.9968050298724029	0.6524618531861177	1.193076567891116	0.5800957635561159	6610.6544364646015	3438.233977733102	0.009222953807711466	12.511554677396262	16.153813091234298	2.1969038543924126
	gen80ind8	809.6490749365804	0.07986201390864556	0.996797625453728	0.6524618531861177	1.1944145903139618	0.5800957635561159	6606.202572730938	3594.4274172290116	0.009139136717656631	12.511554677396262	16.163520210903858	2.2131484430106987
	gen84ind6	809.6507502241569	0.07988681292352301	0.9967777589341188	0.6505314052919795	1.1875023605606032	0.5803006313989534	6592.303800301403	1098.8576089264388	0.009247913758986977	12.514828396226719	16.10994671544023	2.1987779420246785
	gen77ind4	809.7892257158412	0.07987012101464451	0.9967702341646663	0.6592124757783956	1.1833041994073972	0.5800106069106883	6594.848584094262	1393.9205346447388	0.009895653433630271	12.51365460111232	16.116678070243374	2.19378225759512
	gen85ind18	809.8414215800561	0.07991034265054242	0.9967777658821754	0.6670318318530948	1.1796257888713537	0.5800547181920213	6578.987857712029	1057.5560787886654	0.00981215598230344	12.513886133262734	16.12168250168706	2.200491827736884
	gen82ind19	809.8461767989595	0.07990230796545472	0.9967764132302583	0.6645023750786863	1.1856630050709014	0.5801410575121715	6589.0241995567385	1084.1370953525516	0.00984070322865101	12.516105751632349	16.107418192761884	2.227880784485375
	gen78ind14	809.8799893037947	0.0798567634886993	0.9967713851737465	0.6592124757783956	1.1833041994073972	0.5800476782485178	6592.060421929844	1393.9205346447388	0.009895440341144935	12.51365460111232	16.120457953598624	2.197009955164383
	gen84ind14	809.8833206328821	0.07985785461471234	0.9967741379195187	0.6550613867077728	1.1848521376230878	0.5800476782485177	6623.8495843255405	2022.659860545264	0.009819100825586978	12.514959654202407	16.116678070243374	2.19378225759512
	gen83ind1	809.901160227846	0.07989714591697544	0.9967746752769042	0.6703100238904225	1.1802150552587096	0.5800038831849863	6544.181295075887	1139.2234020571498	0.00935172597570156	12.507631643185277	16.11243151157734	2.195612950898824
	gen82ind5	809.9150725920175	0.07988016825276281	0.9967727935483035	0.6528348008215654	1.1833041994073972	0.5800301205172738	6594.848584094262	1864.665506330507	0.009816775076207295	12.51339950988026	16.116678070243374	2.2078722074442294
	gen82ind9	809.9190250299296	0.07986844882462485	0.9967727935483035	0.6544605770274479	1.1833041994073972	0.5800506431993211	6572.417720787506	1311.7124762016756	0.009895653433630271	12.51365460111232	16.116558523070807	2.2012202147872233
	gen84ind10	810.0535560756357	0.0798726131171111	0.9967606924826826	0.6567738327591679	1.1811881528146244	0.5800265499151634	6607.291817402203	1367.1935561637154	0.009999791389855767	12.518403351708017	16.111195450109427	2.2063325138697563
	gen83ind10	810.0647608995116	0.07987003209287145	0.9967714579940276	0.6621782009160467	1.1817629934744	0.5800547181920213	6592.060421929844	1781.57151687228	0.009295369638674585	12.5078616617029	16.133887068877318	2.1817222702641423
	gen80ind1	810.2195607528422	0.07989317510029215	0.9967709648841867	0.6567738327591679	1.1841093818779411	0.5800547181920213	6609.26994677394	1736.816667488793	0.009337679258700389	12.51365460111232	16.116438975898244	2.210207839706425
	gen81ind3	810.2579535743884	0.07989714591697544	0.9967777382774583	0.669727644141721	1.1809846539913997	0.5800038831849863	6535.452502549495	1139.2234020571498	0.009338443963883166	12.507631643185277	16.112551058749908	2.201308614513434
	gen85ind6	810.2747723645236	0.07986201390864556	0.996797625453728	0.6524618531861177	1.1984256712711243	0.5800957635561159	6606.202572730938	3453.625138727947	0.009139136717656631	12.511554677396262	16.163520210903858	2.2131484430106987
	gen81ind6	810.3354196136852	0.07987012101464451	0.9967727935483035	0.6580477162809926	1.1833041994073972	0.5800476782485177	6594.848584094262	1864.665506330507	0.009895653433630271	12.51075813140761	16.124148787029046	2.19378225759512
	gen80ind7	810.341950734982	0.07989714591697544	0.99677739944994	0.6703100238904225	1.1809846539913997	0.5800038831849863	6534.058421467286	1139.2234020571498	0.00935172597570156	12.507631643185277	16.11243151157734	2.204449423288299
	gen82ind3	810.3509202582588	0.07989714591697544	0.9967770340901798	0.6703100238904225	1.1809846539913997	0.580005365660388	6535.452502549495	1139.2234020571498	0.009338550510125835	12.507631643185277	16.112551058749908	2.201308614513434
	gen79ind7	810.4045385293801	0.07988264863103675	0.9967830998769708	0.6542045376360666	1.1871402015282762	0.5801167108513396	6584.509308028972	2655.1302267532656	0.00940088511918721	12.506224802287672	16.127854339757555	2.2086581719793266
	gen84ind8	810.4081930956071	0.07986328232789863	0.9967559711989753	0.6578358883235869	1.1769126700303696	0.5800276626935122	6582.13319873171	1182.2299391306851	0.009958150078362168	12.517992473197737	16.060238957189426	2.2003102764359204
	gen76ind10	810.4339486179144	0.07989714591697544	0.9967770340901798	0.6703100238904225	1.1809846539913997	0.5800038831849863	6534.058421467286	1139.2234020571498	0.009338443963883166	12.507631643185277	16.112551058749908	2.201308614513434
	gen80ind5	810.4453522518287	0.07986844882462485	0.9967727935483035	0.6544605770274479	1.1833041994073972	0.5800506431993211	6594.848584094262	1864.665506330507	0.009895653433630271	12.51365460111232	16.116678070243374	2.2012202147872233
	gen83ind12	810.4843928330724	0.07986201390864556	0.996797625453728	0.6542741032097241	1.1939975733511097	0.5800834647187422	6598.991891391099	3658.3518366498683	0.00951492570932752	12.51273218487032	16.162507567595583	2.211980626879601
	gen81ind17	810.5327449380538	0.07990230796545472	0.9967764132302583	0.6607206090862787	1.1856774307984816	0.5801410575121715	6589.0241995567385	1224.939373853616	0.00984070322865101	12.516105751632349	16.107418192761884	2.227880784485375
	gen84ind15	810.5487139563716	0.07986495451791831	0.9967729732903929	0.6512796207153653	1.1848665633506679	0.5801688748661078	6638.4548462191515	1939.104925136845	0.009819100825586978	12.51365460111232	16.116678070243374	2.193719526503296
	gen81ind14	810.6319304653291	0.07987083018760466	0.9967671501960225	0.6556681451759752	1.1798293137148401	0.5800528892877892	6584.509308028972	1833.6151552043557	0.009801512859899204	12.512017741697091	16.124061284643652	2.2054561780336224
	gen79ind19	810.6982094313971	0.0798726131171111	0.9967709648841867	0.6567738327591679	1.1841093818779411	0.5800547181920213	6592.060421929844	1736.816667488793	0.00992221745726706	12.51365460111232	16.116438975898244	2.2000638751448496
	gen78ind13	810.7051035489336	0.07987417456764398	0.9967702341646663	0.6580477162809926	1.1841093818779411	0.5800558282339177	6592.060421929844	1629.7806297457723	0.009851600750979825	12.51365460111232	16.124395241023223	2.19378225759512
	gen78ind17	810.7450513062967	0.07989781145450818	0.9967998845728863	0.6599923474351402	1.1901710211786114	0.5801657336655477	6589.167606738218	2332.321374567894	0.008641957796445322	12.502068722293483	16.146560937386063	2.1805304090307818
	gen79ind18	810.7733419683652	0.07991165667444002	0.9968084134683994	0.6565282989370511	1.1918862866803754	0.5801657336655477	6589.167606738218	2332.321374567894	0.008641957796445322	12.502068722293483	16.153292292189207	2.1672993301427104
	gen83ind0	810.8187262305945	0.07987686133281738	0.996797625453728	0.6524618531861177	1.195191401910442	0.580138933216191	6604.684461544386	3594.4274172290116	0.009139136717656631	12.515676722360986	16.163520210903858	2.230369859822046
	gen76ind15	810.8379408348144	0.07987083018760466	0.9967699237347055	0.6543351897399401	1.1841093818779411	0.5800617581355246	6584.509308028972	2079.712800332847	0.009754206928570467	12.512017741697091	16.127854339757555	2.2020739200974555
	gen73ind6	810.9074104153415	0.07987964646656377	0.9967702341646663	0.6543351897399401	1.1841093818779411	0.5800617581355246	6592.060421929844	2079.712800332847	0.009851600750979825	12.51365460111232	16.12013716897771	2.2000638751448496
	gen81ind0	810.925742797615	0.0798726131171111	0.9967709648841867	0.6544135880500235	1.1841093818779411	0.5800027304270097	6592.060421929844	1610.5123803712695	0.009457375096660264	12.519447540521739	16.103227091694066	2.2086758262582045
	gen78ind11	810.9390789606226	0.07987083018760466	0.9967671501960225	0.6508734377739033	1.1841093818779411	0.5800617581355246	6584.509308028972	2303.8598543422045	0.009801512859899204	12.512017741697091	16.127854339757555	2.2086581719793266
	gen82ind14	810.940296767369	0.0798726131171111	0.9967800386992369	0.6544135880500235	1.1841093818779411	0.5800027304270097	6592.060421929844	3272.6721901434194	0.009457375096660264	12.516505628016423	16.1251602795911	2.2058660305475497
	gen80ind6	810.9823865994568	0.07990760312144055	0.9968084134683994	0.6537353673896137	1.1967724709222347	0.5801897763193469	6589.167606738218	2332.321374567894	0.008305607983485919	12.501018760435453	16.17185980268467	2.1737547252812366
	gen81ind8	811.0135672840645	0.07989839196820873	0.9967770340901798	0.6714666517562825	1.1809846539913997	0.5800038831849863	6534.058421467286	1139.2234020571498	0.0090728503805007	12.507631643185277	16.11604364297309	2.201308614513434
	gen82ind15	811.1740228312166	0.07987083018760466	0.996774194543022	0.6526906178985767	1.1841093818779411	0.5800617581355246	6584.509308028972	2303.8598543422045	0.009801512859899204	12.512017741697091	16.124488662355983	2.2093097874925762
	gen81ind5	811.1768725020369	0.0798567634886993	0.9967765098007053	0.6592124757783956	1.1817418354641265	0.5800187407732487	6566.834978649002	1393.9205346447388	0.009670546899046114	12.51365460111232	16.112746539508517	2.197009955164383
	gen79ind9	811.193846373045	0.07987012101464451	0.9967727935483035	0.6580477162809926	1.1833041994073972	0.5800476782485177	6594.848584094262	1864.665506330507	0.009895653433630271	12.51365460111232	16.116678070243374	2.19378225759512
	gen81ind19	811.2130844631822	0.07990402434120787	0.99677739944994	0.6703100238904225	1.1840154736417348	0.5800558709499979	6532.612013871473	1265.5276891746732	0.00935172597570156	12.50183870377586	16.11243151157734	2.204449423288299
	gen81ind18	811.266589370284	0.0798567634886993	0.9967713851737465	0.6524443802127683	1.1848665633506679	0.5800730957520353	6592.060421929844	1692.7171673605603	0.009895440341144935	12.513769610371131	16.129932402544746	2.197009955164383
	gen83ind2	811.2669994295757	0.07985785461471234	0.9967695762654268	0.6512796207153653	1.1848665633506679	0.5800476782485177	6623.8495843255405	2060.526409804127	0.009819100825586978	12.515512050818481	16.116678070243374	2.19378225759512
	gen80ind2	811.2733111905175	0.07987012101464451	0.9967686921803444	0.6544605770274479	1.1841093818779411	0.5800476782485177	6592.060421929844	2201.705118628723	0.009826556805439514	12.51365460111232	16.124395241023223	2.2012202147872233
	gen74ind1	811.2768000840172	0.07987012101464451	0.9967702341646663	0.6580477162809926	1.1841093818779411	0.5800476782485177	6592.060421929844	1864.665506330507	0.009851600750979825	12.51365460111232	16.124395241023223	2.19378225759512
	gen80ind19	811.309123988202	0.07988555568827982	0.9967768222357989	0.6567738327591679	1.1841093818779411	0.5800547181920213	6592.060421929844	2367.4215135430563	0.009674939846288196	12.509939701699995	16.116438975898244	2.2000638751448496
	gen79ind3	811.3268858183231	0.07988405460604332	0.9967702341646663	0.6552718580168513	1.1841093818779411	0.5800617581355246	6592.060421929844	2079.712800332847	0.009882772688590676	12.51365460111232	16.12013716897771	2.197754311257491
	gen80ind12	811.4069739552938	0.07990230796545472	0.9967764132302583	0.6607206090862787	1.183607201677039	0.5800216208804571	6585.126953420523	2241.117226425533	0.009892090900137783	12.516105751632349	16.107418192761884	2.226367446314178
	gen77ind6	811.494846653415	0.07986201390864556	0.9967850757355364	0.6607206090862787	1.1875906091941766	0.5800797993188648	6590.524500571652	2881.2788552180964	0.009222953807711466	12.511554677396262	16.135571510537403	2.212122205158651
	gen81ind16	811.507343312987	0.0798726131171111	0.9967709648841867	0.6556172048933079	1.1841093818779411	0.5800547181920213	6583.455659507796	1736.816667488793	0.009833343769363378	12.51365460111232	16.116438975898244	2.195570062685249
	gen78ind6	811.5174027070487	0.07988463067149695	0.9967808780926622	0.6448743546985067	1.1859802442530887	0.580028293331373	6585.046603046963	3250.385235756078	0.009728019253520601	12.520301275326286	16.136092309582494	2.2066930478721725
	gen79ind1	811.556847338148	0.07986880341110492	0.9967699237347055	0.6543351897399401	1.183706790642669	0.5800617581355246	6585.903389111181	2079.712800332847	0.00977623326989569	12.512017741697091	16.127854339757555	2.2020739200974555
	gen77ind5	811.5663887590556	0.07989573994196889	0.9967856965954579	0.6468690081580268	1.1859802442530887	0.580028293331373	6587.882567605208	3250.385235756078	0.009728019253520601	12.520301275326286	16.136092309582494	2.2066930478721725
	gen82ind8	811.6347770177601	0.0798567634886993	0.9967838011264587	0.6582131138577305	1.1833041994073972	0.5800476782485178	6592.060421929844	2317.944140508587	0.009895440341144935	12.51365460111232	16.120457953598624	2.1997463717068575
	gen78ind5	811.6415830528779	0.07989781145450818	0.9967950287352408	0.664709916005319	1.1901710211786114	0.5801657336655477	6559.997114927333	1500.8875117277871	0.00929983783626745	12.502068722293483	16.12831935668917	2.18643248918589
	gen80ind9	811.7236064266967	0.07988970434850923	0.9968021335265629	0.6490620410185202	1.1915548666118827	0.5804602641246552	6585.93580838738	2303.9472604765006	0.008655554391195659	12.502068722293483	16.149034220143694	2.188881391387171
	gen82ind2	811.7563864378955	0.0798726131171111	0.9967709648841867	0.6567738327591679	1.18526915458594	0.5800780981991887	6592.060421929844	2099.5377196254717	0.009573974373548138	12.510873140666423	16.133443915216322	2.193393750999575
	gen78ind15	811.758532062398	0.07990649462596075	0.996790194502811	0.6607206090862787	1.1859802442530887	0.5800458279862457	6585.840203599728	2206.0170874503706	0.009728445438491273	12.51077587652376	16.133349053181888	2.2066930478721725
	gen79ind2	811.777652335757	0.07988681292352301	0.996778851314563	0.6505314052919795	1.1912384740069673	0.5803006313989534	6592.303800301403	1336.0336400461683	0.009247913758986977	12.514828396226719	16.12013716897771	2.1978314116130653
	gen77ind14	811.7879823773075	0.07987083018760466	0.9967556339182098	0.6543351897399401	1.1841093818779411	0.5800781700623232	6588.518854722061	2079.712800332847	0.009981887487239154	12.512017741697091	16.120197949392637	2.2020739200974555
	gen80ind16	811.7971317936777	0.07989573994196889	0.9967856965954579	0.6480883296676407	1.1855776530178166	0.5800247733596212	6587.882567605208	3078.937169334051	0.009728019253520601	12.520301275326286	16.138101798432686	2.2051660878819392
	gen79ind5	811.8006107664932	0.07986571287516496	0.9967702341646663	0.6612404259541619	1.1841093818779411	0.5800646809588133	6589.937707550804	1864.665506330507	0.009851600750979825	12.513423068961906	16.128253826413147	2.1960918214824785
	gen82ind7	811.814366110919	0.0798726131171111	0.9967709648841867	0.6617913443704577	1.1841093818779411	0.5800027304270097	6592.060421929844	1565.622008794498	0.009457375096660264	12.519447540521739	16.103227091694066	2.2086758262582045
	gen84ind13	811.836905524028	0.07987607132936562	0.9967695762654268	0.6594084829224709	1.1848665633506679	0.5800476782485177	6610.805180344282	2163.4621390463285	0.009701151101450381	12.51365460111232	16.116678070243374	2.19378225759512
	gen80ind15	811.8660727828013	0.07988405460604332	0.9967702341646663	0.6491407042121363	1.18526915458594	0.5800836556672904	6592.060421929844	2079.712800332847	0.009882772688590676	12.51666608007584	16.12013716897771	2.197754311257491
	gen77ind13	811.8827026934609	0.07988970434850923	0.9968021335265629	0.6537925120901005	1.1911513889147345	0.5803407934049687	6587.824533023767	2802.0911277373634	0.008642673646156061	12.502068722293483	16.143878212960026	2.1825404539833877
	gen76ind14	811.9152760685631	0.07986201390864556	0.9967850757355364	0.6583910900914727	1.1875906091941766	0.5800957635561159	6580.263879270891	3021.2027437043835	0.009222953807711466	12.511554677396262	16.135571510537403	2.2066930478721725
	gen78ind3	811.9749337743751	0.07990230796545472	0.9967824632874152	0.6644536998772353	1.185044813065515	0.5800318389405177	6585.840203599728	1494.3765826212316	0.009790236187220885	12.51365769261988	16.11109508066394	2.2066930478721725
	gen78ind10	812.0067627396519	0.07987691051710388	0.9967745654173052	0.6468690081580268	1.1859802442530887	0.5800012563073105	6587.556231682576	2907.489102912024	0.009811836343575436	12.518550719137256	16.13822134560525	2.2066930478721725
	gen80ind3	812.011354526517	0.07987012101464451	0.9967727935483035	0.6609416211805295	1.184819609232565	0.5800476782485177	6597.177733448885	1864.665506330507	0.009516189772259327	12.51365460111232	16.116678070243374	2.1797183761208476
	gen76ind17	812.0728681990441	0.07987964646656377	0.9967856965954579	0.6468690081580268	1.1859802442530887	0.5800413220154033	6580.263879270891	3250.385235756078	0.009728019253520601	12.518550719137256	16.13822134560525	2.2066930478721725
	gen76ind4	812.0822392800038	0.0798524884567263	0.9967708550245877	0.6580477162809926	1.1841093818779411	0.5802406113263816	6592.060421929844	2666.2315612157563	0.009851600750979825	12.50854836805268	16.124395241023223	2.19378225759512
	gen82ind0	812.169680758339	0.07989714591697544	0.9967672864480461	0.6798437699973818	1.1749386970415416	0.5800420570005784	6534.058421467286	1139.2234020571498	0.009416112059696606	12.505670126079785	16.091740721748863	2.203327610996362
	gen76ind16	812.1863026519294	0.07988970434850923	0.9968021335265629	0.6537925120901005	1.1919565713852784	0.5803727466304186	6585.93580838738	2802.0911277373634	0.008642673646156061	12.502068722293483	16.149034220143694	2.1825404539833877
	gen76ind13	812.1883746597867	0.07986201390864556	0.9967994346575793	0.6607206090862787	1.1861477328290266	0.5802077874727845	6584.041328543664	2460.891147147181	0.009396239633642452	12.503674337740144	16.13970802175306	2.181410281258427
	gen79ind16	812.2250766546124	0.07990103509795471	0.9968082480879373	0.6537925120901005	1.1914888557914916	0.5803928152579524	6585.93580838738	2509.4230188815554	0.008624872109316188	12.502070268047262	16.14451317598681	2.180230890096029
	gen81ind10	812.2373433717926	0.07987012101464451	0.9967727935483035	0.6580477162809926	1.180273379757062	0.5800043095164937	6594.848584094262	1738.3612192129835	0.009895653433630271	12.519447540521739	16.1034661860392	2.2023942087084745
	gen81ind11	812.3089424502028	0.07988879551428926	0.9967890700259727	0.6607206090862787	1.1895447903176017	0.5800435184122228	6616.578792192204	2079.712800332847	0.009728445438491273	12.519117230595871	16.12013716897771	2.2077126024048424
	gen75ind16	812.3152245382807	0.07986201390864556	0.9968068554430143	0.6607206090862787	1.1870831640166004	0.58022479018308	6584.041328543664	2460.891147147181	0.00933444888491284	12.506417906021646	16.13970802175306	2.184724867622088
	gen75ind19	812.340795771927	0.07986201390864556	0.9967850757355364	0.6607206090862787	1.1875906091941766	0.5800957635561159	6580.263879270891	2881.2788552180964	0.009222953807711466	12.511554677396262	16.135571510537403	2.2066930478721725
	gen80ind11	812.3420035410036	0.07989632100597549	0.9967732687676628	0.6620399535824786	1.1825470179346704	0.5800363406320072	6592.060421929844	2079.712800332847	0.00959088594189873	12.51365460111232	16.12013716897771	2.197754311257491
	gen78ind9	812.344231277052	0.07988801978757581	0.9968021335265629	0.6668375181007651	1.1862474264249427	0.5800031994745972	6585.93580838738	2332.321374567894	0.00965480882196772	12.5078616617029	16.13424144782583	2.1825404539833877
	gen77ind2	812.3846849259209	0.07989781145450818	0.9968021335265629	0.664709916005319	1.1901710211786114	0.5801657336655477	6585.93580838738	2332.321374567894	0.009050345269555837	12.502068722293483	16.146560937386063	2.1825404539833877
	gen78ind8	812.4041976212932	0.07988970434850923	0.9968021335265629	0.6537925120901005	1.1910211401977047	0.5803928152579524	6585.93580838738	2802.0911277373634	0.008655554391195659	12.502068722293483	16.149034220143694	2.180230890096029
	gen79ind14	812.4288035308076	0.07985571210017281	0.9967845002309963	0.6572565605881896	1.1907056340546656	0.5802754014237966	6580.263879270891	2999.2089027686134	0.009222953807711466	12.507096913835394	16.151988679832694	2.2001087959903014
	gen78ind18	812.4323010832445	0.07985571210017281	0.9967850757355364	0.6572565605881896	1.1903030428193935	0.5802713264310967	6580.263879270891	2881.2788552180964	0.009222953807711466	12.507096913835394	16.150020036120395	2.2001087959903014
	gen77ind16	812.5078812638712	0.07988970434850923	0.9968130233803019	0.6551289584927436	1.1919565713852784	0.5803727466304186	6585.93580838738	3144.8332499284043	0.008543282284261539	12.502921409392606	16.149034220143694	2.1825404539833877
	gen84ind4	812.5259587598765	0.07987686133281738	0.996797625453728	0.6524618531861177	1.195191401910442	0.580138933216191	6604.684461544386	3594.4274172290116	0.009139136717656631	12.523276965772444	16.163520210903858	2.2463121941072606
	gen81ind7	812.5415638090634	0.07987012101464451	0.9967727935483035	0.6580477162809926	1.1833041994073972	0.5800346495644872	6591.381849839601	2288.263852220904	0.009895653433630271	12.514880176372333	16.110158189825004	2.2084610031700174
	gen76ind3	812.6577070291113	0.07984579969664765	0.9967724189255547	0.6365562822610356	1.1911617096075107	0.5805097894858577	6550.090258340778	3960.7422500433227	0.008407610560911914	12.500355006045371	16.140518076052665	2.1883702428561764
	gen79ind10	812.6649543207722	0.07985537933140643	0.9967850757355364	0.6624153988158308	1.1857098592257875	0.5802713264310967	6580.263879270891	2881.2788552180964	0.009222953807711466	12.507096913835394	16.150020036120395	2.2001087959903014
	gen77ind19	812.6845380325486	0.07987619189734377	0.9967912436728239	0.6476613582853855	1.193308329746186	0.5803946441621843	6585.93580838738	2802.0911277373634	0.008839458830459942	12.507190224510612	16.15495631128035	2.1911622264050696
	gen76ind18	812.7246522029852	0.07989656985152183	0.9967850757355364	0.6738087408529593	1.1846676166049688	0.5800038831849863	6549.145231932343	1500.412565759408	0.009338443963883166	12.506213640422997	16.109091960015576	2.2051345932569357
	gen82ind18	812.7359822072644	0.07987083018760466	0.9967671501960225	0.6508734377739033	1.1837307911415778	0.5800392842247706	6584.509308028972	2303.8598543422045	0.009801512859899204	12.514914211401802	16.1211288504829	2.216104956310869
	gen74ind11	812.7464591850919	0.07988970434850923	0.9967912436728239	0.6537925120901005	1.1914051115035225	0.5803727466304186	6585.93580838738	2802.0911277373634	0.008839458830459942	12.507190224510612	16.149034220143694	2.19352454410843
	gen76ind1	812.7464811190773	0.07989446707446886	0.9967912436728239	0.6537925120901005	1.1914051115035225	0.5803727466304186	6585.93580838738	2802.0911277373634	0.008839458830459942	12.507190224510612	16.149034220143694	2.19352454410843
	gen78ind2	812.7885454600176	0.07990230796545472	0.996790194502811	0.6607206090862787	1.1859802442530887	0.5800216208804571	6585.840203599728	2079.712800332847	0.009833888658039221	12.514594962381814	16.118900527598896	2.2012010028096514
	gen79ind12	812.8609725329112	0.07990230796545472	0.9967890700259727	0.6607206090862787	1.1859802442530887	0.5800216208804571	6587.456102775146	2079.712800332847	0.009728445438491273	12.516105751632349	16.12013716897771	2.2056880253958697
	gen80ind10	812.8948463142772	0.07989349168649562	0.9967911038689147	0.6465048773324575	1.18807563271585	0.5801003497239183	6587.882567605208	3376.6895228736016	0.009184775432497625	12.520301275326286	16.136092309582494	2.1941142396896285
	gen74ind17	812.899450807113	0.07984579969664765	0.9967724189255547	0.6388858012558415	1.1911617096075107	0.5805097894858577	6550.090258340778	3960.7422500433227	0.008407610560911914	12.500355006045371	16.140518076052665	2.1883702428561764
	gen81ind4	812.899851431647	0.07990230796545472	0.9967927722353103	0.6607206090862787	1.1895447903176017	0.5800216208804571	6589.8037238277575	1942.4734301702965	0.009728445438491273	12.516105751632349	16.12013716897771	2.2077126024048424
	gen76ind9	812.9147352729833	0.07990230796545472	0.996790194502811	0.6607206090862787	1.1859802442530887	0.5800216208804571	6585.840203599728	2079.712800332847	0.009728445438491273	12.517155713490379	16.12013716897771	2.2066930478721725
	gen76ind8	812.9162030741784	0.07987012101464451	0.9967776549501013	0.6580477162809926	1.184791090476727	0.5800476782485177	6570.602826931094	1775.4069027650999	0.009595022357431496	12.51365460111232	16.124395241023223	2.1965839791067134
	gen77ind10	812.9220743805936	0.0798621470161521	0.9967994346575793	0.6572565605881896	1.1861477328290266	0.5803462790099359	6584.041328543664	2421.2972834068146	0.009396239633642452	12.503674337740144	16.1454535605795	2.1759811239719484
	gen77ind7	812.9248936561469	0.07990230796545472	0.996790194502811	0.6607206090862787	1.1859802442530887	0.5800216208804571	6585.840203599728	2079.712800332847	0.009728445438491273	12.516105751632349	16.12013716897771	2.2066930478721725
	gen75ind6	812.9481325380169	0.07987964646656377	0.9968062345830928	0.6607206090862787	1.1859802442530887	0.5800318571052161	6584.041328543664	2460.891147147181	0.009839514330721975	12.51365460111232	16.125259496170067	2.19187622517748
	gen73ind5	812.9481325380169	0.07987964646656377	0.9968062345830928	0.6607206090862787	1.1859802442530887	0.5800318571052161	6584.041328543664	2460.891147147181	0.009839514330721975	12.51365460111232	16.125259496170067	2.19187622517748
	gen78ind1	812.9839647492995	0.07990230796545472	0.9967913455118913	0.6607206090862787	1.1859802442530887	0.5800586922182864	6583.05204143531	2079.712800332847	0.009728232346005937	12.516573782795808	16.123917052332956	2.2099207454414356
	gen80ind17	812.9947449962002	0.0798726131171111	0.9967709648841867	0.6609032107092484	1.1841093818779411	0.5800547181920213	6580.461255085116	1736.816667488793	0.00992221745726706	12.515930138230363	16.116438975898244	2.204455960646578
	gen78ind19	813.0077955780046	0.07987083018760466	0.9967617052691531	0.6543351897399401	1.1846431082921192	0.5801292070022275	6584.509308028972	1953.4085132153236	0.009684869539927669	12.51839757866371	16.11464245555338	2.2121401720892417
	gen77ind1	813.0329133142245	0.07987012101464451	0.9967771303650949	0.6615117647790817	1.184791090476727	0.5800476782485177	6570.602826931094	1775.4069027650999	0.009960484338552839	12.51365460111232	16.124395241023223	2.2031682309885845
	gen74ind5	813.0605615038892	0.07987964646656377	0.9968062345830928	0.6613223509505526	1.1859802442530887	0.5800318571052161	6584.041328543664	2526.531703414008	0.009839514330721975	12.51365460111232	16.125259496170067	2.19187622517748
	gen76ind6	813.078076135594	0.07987153936056482	0.9967681679067674	0.6560615710966667	1.1885709769302997	0.5800413220154033	6563.344145682148	2359.5605773054212	0.009728019253520601	12.512199431610922	16.12013716897771	2.2066930478721725
	gen79ind13	813.096742071689	0.07986957295236148	0.9967850757355364	0.6575290476791356	1.1875906091941766	0.58000902059167	6580.263879270891	2881.2788552180964	0.009222953807711466	12.51401509132711	16.124488662355983	2.2066930478721725
	gen85ind2	813.2272200545654	0.07990230796545472	0.9967904393596461	0.6484623689290926	1.1941204563981023	0.5801410575121715	6625.0962751885645	2606.724447070048	0.009713855345205157	12.523287907631925	16.107418192761884	2.227880784485375
	gen80ind0	813.2457769196851	0.07990230796545472	0.9967890700259727	0.6607206090862787	1.1895447903176017	0.5800216208804571	6587.577791960925	2079.712800332847	0.009728445438491273	12.516105751632349	16.12013716897771	2.2077126024048424
	gen79ind0	813.3066499759138	0.07982970622124255	0.9967724189255547	0.6365562822610356	1.1915816087706692	0.5805341585256589	6550.090258340778	3960.7422500433227	0.008321306291834099	12.504387971506018	16.140518076052665	2.1883702428561764
	gen78ind12	813.4348103005059	0.07984579969664765	0.9967724189255547	0.6365562822610356	1.1924519155997282	0.5805447745405736	6550.090258340778	3960.7422500433227	0.008321306291834099	12.504387971506018	16.140518076052665	2.1883702428561764
	gen78ind7	813.4659889375589	0.07987931369779741	0.99677994680278	0.6607206090862787	1.1877208579112064	0.5800957635561159	6554.325185810844	1248.2789374927402	0.009728019253520601	12.520873236263194	16.10945535499131	2.2225325232757216
	gen78ind4	813.4818127082015	0.07988458703606952	0.9967947127411279	0.664709916005319	1.1901710211786114	0.5801876311973133	6585.93580838738	2332.321374567894	0.009050345269555837	12.505789202638145	16.154212577889886	2.1825404539833877
	gen77ind8	813.4848553261668	0.07988970434850923	0.9967923946819042	0.6537925120901005	1.1922754183325814	0.5803727466304186	6583.147646222962	2802.0911277373634	0.008839245737974606	12.507658255674071	16.15281410349894	2.19352454410843
	gen79ind4	813.5147483455912	0.07988970434850923	0.9968021335265629	0.6599642459002848	1.1910211401977047	0.5803928152579524	6585.93580838738	2802.0911277373634	0.008655554391195659	12.502068722293483	16.139327100474134	2.180230890096029
	gen83ind8	813.5232697176392	0.0798726131171111	0.9967709648841867	0.6573174124558916	1.1841093818779411	0.5800658567365828	6564.577532885118	1610.5123803712695	0.009212886470185538	12.519447540521739	16.103227091694066	2.1969601456596664
	gen73ind2	813.5526265867622	0.07987964646656377	0.9967856965954579	0.6534130740413672	1.1875906091941766	0.5803006313989534	6595.366107072635	2079.712800332847	0.009417741452530184	12.514828396226719	16.12013716897771	2.20267295796696
	gen84ind9	813.5863635683844	0.07993874139476129	0.9967695731949526	0.6647200933433038	1.1871439949728515	0.5801521006418185	6575.112044081007	1865.9686070271118	0.00939283248454834	12.51014844329137	16.137003881953518	2.195996115914946
	gen85ind12	813.5881275098719	0.07990230796545472	0.9967764132302583	0.6607206090862787	1.1856774307984816	0.5801128889693201	6629.828976081302	2606.724447070048	0.009713855345205157	12.523287907631925	16.107418192761884	2.227880784485375
	gen79ind11	813.6025457784683	0.07989220644808184	0.9968092275152771	0.6711909558453746	1.1857137000107647	0.5800031994745972	6584.367711605788	2458.6256616854175	0.00951995247405526	12.5078616617029	16.13424144782583	2.1714691795152987
	gen72ind2	813.6314457277132	0.07987964646656377	0.9968013083656483	0.6607206090862787	1.1859802442530887	0.5800617581355246	6584.041328543664	2460.891147147181	0.009839514330721975	12.51365460111232	16.125259496170067	2.189677197134692
	gen74ind2	813.646987296247	0.07987295770648513	0.9967619456307439	0.6391098060410251	1.190850792762508	0.5806585524434689	6552.720108168697	3053.67929577384	0.008717888361902331	12.500198348190981	16.149034220143694	2.1900119714860145
	gen75ind13	813.6853813152176	0.07987964646656377	0.9967850757355364	0.6560615710966667	1.1859802442530887	0.5800413220154033	6580.263879270891	2359.5605773054212	0.009728019253520601	12.518550719137256	16.12013716897771	2.2066930478721725
	gen79ind15	813.7066718118008	0.07989573994196889	0.9967856965954579	0.6529930395676276	1.1859802442530887	0.580028293331373	6577.749185433429	2560.1895640109233	0.009728019253520601	12.520301275326286	16.132466232658377	2.1946167509277803
	gen77ind15	813.7271141411273	0.07984579969664765	0.9967798397109897	0.6462930578175452	1.1911617096075107	0.5805097894858577	6550.090258340778	3960.7422500433227	0.008407610560911914	12.500355006045371	16.140518076052665	2.1885210677750617
	gen79ind8	813.7387507141502	0.07987417456764398	0.9967863390605949	0.6580477162809926	1.187565261037823	0.5802213567951315	6592.773672109048	1990.9697934480305	0.00930227448229242	12.51365460111232	16.134985181216294	2.182860742594407
	gen75ind2	813.7557635313282	0.07987964646656377	0.9967850757355364	0.6607206090862787	1.184877324489577	0.5800957635561159	6590.4389751656345	1514.536509459663	0.009728019253520601	12.522482075001093	16.107660275348124	2.2066930478721725
	gen73ind16	813.8158950608603	0.07986343225456587	0.9967724189255547	0.6467950781650269	1.1911617096075107	0.5805097894858577	6550.090258340778	3417.5915604311194	0.008717888361902331	12.500952026059652	16.140518076052665	2.1979756405629693
	gen79ind17	813.8958694317604	0.07988943813349614	0.9967771676999446	0.6512854719459211	1.1913044848273584	0.5803006313989534	6592.303800301403	2354.1915406579483	0.008911670492270242	12.514828396226719	16.121866718344876	2.211457128970417
	gen69ind14	813.9105139426082	0.07987964646656377	0.9967850757355364	0.6607206090862787	1.1859802442530887	0.5800617581355246	6550.524934774285	2079.712800332847	0.009338443963883166	12.51081859558776	16.12013716897771	2.205627598049972
	gen70ind6	813.9458535129371	0.07987964646656377	0.9967850757355364	0.6607206090862787	1.1859802442530887	0.5800617581355246	6572.889719410759	2079.712800332847	0.009728019253520601	12.51365460111232	16.12013716897771	2.20267295796696
	gen82ind12	813.947396241897	0.07989453525889369	0.9967968155021072	0.6580949372767947	1.187473509105443	0.5803006313989534	6592.303800301403	1713.3686092078424	0.009247913758986977	12.515801642991665	16.10994671544023	2.2025234458137226
	gen77ind0	813.9531786400531	0.07988943813349614	0.9967856965954579	0.6512854719459211	1.1912384740069673	0.5803006313989534	6592.303800301403	2079.712800332847	0.008911670492270242	12.514828396226719	16.12013716897771	2.20267295796696
	gen76ind2	813.9842412877957	0.07986228012365865	0.9967770229618755	0.6491592656242806	1.1914753071050792	0.5805822935679505	6565.3189609982055	3471.0305077864996	0.00860602282358612	12.502312204068165	16.165463120495964	2.195834733299215
	gen71ind2	814.0388712820536	0.07988133102749717	0.9967863174553794	0.643718961952696	1.189046173415591	0.5804136188706612	6545.165367761141	2987.4969724264392	0.009094999837484284	12.503967617117201	16.149034220143694	2.190933649416584
	gen75ind9	814.0819401189962	0.07988832963801634	0.996784454875615	0.6735027335635918	1.1827252676495175	0.5800038831849863	6528.16015013781	1540.0064294997744	0.009338443963883166	12.506581681327248	16.112551058749908	2.2046232008770956
	gen76ind12	814.1164008669164	0.0798755929135643	0.9967924965209716	0.6607206090862787	1.1877208579112064	0.5800957635561159	6580.263879270891	2079.712800332847	0.009728019253520601	12.518091775817297	16.127696935688206	2.2131484430106987
	gen80ind14	814.1296188933713	0.07986926873707179	0.9967803561197499	0.6468690081580268	1.1882009478742852	0.5802370171685326	6587.882567605208	3250.385235756078	0.009188229839844046	12.520301275326286	16.14242417773005	2.1965490833105976
	gen74ind3	814.1633537291682	0.07987964646656377	0.9967850757355364	0.6607206090862787	1.1859802442530887	0.5800413220154033	6580.263879270891	2079.712800332847	0.009728019253520601	12.518550719137256	16.12013716897771	2.2066930478721725
	gen74ind4	814.1835510705787	0.07988775357256273	0.9967850757355364	0.6738087408529593	1.1854727990755127	0.5800038831849863	6549.145231932343	1901.1955932020326	0.009338443963883166	12.506581681327248	16.116809130795424	2.205667318168036
	gen77ind11	814.1849632378916	0.07984579969664765	0.9967724189255547	0.6413509896631074	1.1911617096075107	0.5804078373419587	6525.098804802588	3960.7422500433227	0.008407610560911914	12.500355006045371	16.140518076052665	2.19831940948368
	gen74ind18	814.1869518263538	0.07987964646656377	0.9967850757355364	0.6607206090862787	1.1859802442530887	0.5800957635561159	6580.263879270891	2079.712800332847	0.009728019253520601	12.519141737675326	16.122108800931116	2.2066930478721725
	gen76ind7	814.2101280509546	0.07988775357256273	0.9967850757355364	0.6738087408529593	1.186960611989212	0.5800179630719933	6544.23351736203	1901.1955932020326	0.009338443963883166	12.50176906644775	16.116809130795424	2.2003655249826197
	gen72ind10	814.23135360123	0.07987964646656377	0.9967850757355364	0.6607206090862787	1.1859802442530887	0.5800957635561159	6580.263879270891	2079.712800332847	0.009728019253520601	12.516660910455903	16.12013716897771	2.2066930478721725
	gen73ind11	814.2628587396466	0.07987295770648513	0.9967619456307439	0.6385080641767512	1.1920276888312047	0.5806585524434689	6545.345948308565	2988.038739507013	0.008717888361902331	12.500198348190981	16.149034220143694	2.1900119714860145
	gen77ind12	814.2652890523259	0.07987166009715763	0.9967788059591816	0.6738087408529593	1.186960611989212	0.5800179630719933	6536.614829027713	1749.042644418159	0.009271732423353277	12.50001851025872	16.118938166818182	2.19531099059989
	gen73ind3	814.3299444987382	0.07986228012365865	0.9967863174553794	0.6537925120901005	1.1905398759175054	0.5803727466304186	6571.217232327682	2802.0911277373634	0.008992984142001273	12.507747234479906	16.149034220143694	2.19352454410843
	gen77ind3	814.3349739108662	0.07988000105304385	0.9967924965209716	0.6607206090862787	1.1865743602190848	0.5800887236126124	6582.719736556048	2079.712800332847	0.009728019253520601	12.520314062804921	16.123838350298282	2.2155329771478565
	gen72ind12	814.3467698480248	0.07984438135072734	0.9967863174553794	0.6554236149756796	1.1892009741352643	0.5804816297118438	6573.112925461561	3682.844910103346	0.008717888361902331	12.508929271556047	16.152977484050503	2.200982623572761
	gen76ind11	814.3539520416641	0.07987448441808451	0.996784454875615	0.6769667820616809	1.1808180164948445	0.5800038831849863	6532.758921703717	1579.600293240141	0.009338443963883166	12.508763907770073	16.112551058749908	2.211207452758967
	gen74ind14	814.3779230807728	0.07989464381740283	0.9967671446318702	0.6385080641767512	1.1920276888312047	0.5805488163317467	6545.345948308565	2988.038739507013	0.008717888361902331	12.503538685516748	16.149034220143694	2.1938715808085965
	gen75ind8	814.3789723306318	0.07988970434850923	0.9967912436728239	0.6537925120901005	1.1914051115035225	0.580355743920123	6571.066336139077	2802.0911277373634	0.008644671185641224	12.507190224510612	16.149034220143694	2.19352454410843
	gen76ind5	814.4487323906563	0.07984438135072734	0.9967799890503886	0.6445062110604609	1.1909865243419313	0.5806886426767147	6558.0261149965045	3777.423392484041	0.008310216738502555	12.503329435880602	16.155450766808134	2.191821221064763
	gen78ind0	814.4648780350179	0.07984985324964713	0.9967824577232631	0.6607206090862787	1.1907759187595683	0.5800957635561159	6570.007594975734	2881.2788552180964	0.008629247909451675	12.511554677396262	16.135571510537403	2.2025861797469037
	gen77ind17	814.4687474576546	0.07988775357256273	0.9967850757355364	0.6749735003503623	1.186960611989212	0.5800139901534566	6546.122241998417	1901.1955932020326	0.00964672422538842	12.50281902830578	16.116809130795424	2.1929571136352735
	gen75ind5	814.5491549590224	0.0798709632951112	0.9967850757355364	0.6572565605881896	1.1859802442530887	0.5801798135525547	6572.791420134548	2440.9019640351053	0.009728019253520601	12.514845458485153	16.134585694560702	2.201766089172132
	gen75ind0	814.5651335308526	0.07986228012365865	0.9967836617968271	0.6537925120901005	1.1914753071050792	0.5803727466304186	6565.3189609982055	2802.0911277373634	0.008955949368900047	12.509250389151697	16.147062588190288	2.195834733299215
	gen75ind17	814.5939647882884	0.07987964646656377	0.9967953447293538	0.6607206090862787	1.1859802442530887	0.5800617581355246	6544.862545509799	2270.301973740014	0.009549330402979062	12.510231698030562	16.12269833257389	2.200229231655232
	gen75ind18	814.628828616976	0.07988775357256273	0.9967850757355364	0.6738087408529593	1.1854727990755127	0.5800038831849863	6549.145231932343	1901.1955932020326	0.009533231608701884	12.506581681327248	16.116809130795424	2.206200043079136
	gen72ind7	814.6446063200436	0.07986343225456587	0.9967724189255547	0.6441465811097273	1.1911617096075107	0.5807197252740173	6550.2018613661785	3417.5915604311194	0.008717888361902331	12.500952026059652	16.15693823358906	2.19713047336587
	gen73ind0	814.7165607183689	0.07982674879280913	0.9967810061382747	0.6487626395844568	1.1892890035436239	0.5804816297118438	6573.494871732012	3737.0575472607084	0.008264349900445875	12.511331373478752	16.149034220143694	2.202418843948517
	gen73ind9	814.7265891494744	0.07987964646656377	0.9967850757355364	0.6700386850655027	1.1854727990755127	0.5800038831849863	6528.16015013781	1901.1955932020326	0.009338443963883166	12.506581681327248	16.1269995843329	2.2046232008770956
	gen73ind10	814.7955057243867	0.07986343225456587	0.9967724189255547	0.6441465811097273	1.1931277497354578	0.5809165735392267	6573.870377081057	3987.05982611007	0.008717888361902331	12.500952026059652	16.172340603241054	2.1859210288006476
	gen73ind14	814.8201798552002	0.07986343225456587	0.9967784254608512	0.6460919029631114	1.191545502706636	0.5805654905053452	6566.992027145411	3070.9813586856585	0.008843484892457459	12.507504077009738	16.17141785707625	2.2034882901708737
	gen72ind0	814.9017798518117	0.07987964646656377	0.9967683487054342	0.6602827280929642	1.1859802442530887	0.5800633499549408	6532.75131898019	2064.793754597107	0.009476826192410345	12.506581681327248	16.130951591055585	2.1920837997839917
	gen74ind0	814.9468857866203	0.07986343225456587	0.9967735971040028	0.6472226973220583	1.190058789843999	0.5807197252740173	6550.2018613661785	3417.5915604311194	0.008717888361902331	12.500952026059652	16.14177266835194	2.200457357777352
	gen75ind7	814.9559915430888	0.07986201390864556	0.9967994346575793	0.6607206090862787	1.1864014554178146	0.58022479018308	6584.041328543664	2460.891147147181	0.00959102727846117	12.51365460111232	16.13970802175306	2.189596562311357
	gen75ind4	815.0014332722351	0.0798539068026466	0.9968005270380234	0.6607206090862787	1.1896738966938114	0.5805367710420307	6584.041328543664	3129.8305271963172	0.00933444888491284	12.504559745304483	16.15712273808203	2.19187622517748
	gen75ind3	815.0628406715578	0.07988775357256273	0.9967850757355364	0.6607206090862787	1.1859802442530887	0.5800413220154033	6595.294888223248	2079.712800332847	0.009728019253520601	12.527645574945094	16.12013716897771	2.2066930478721725
	gen72ind17	815.069193179323	0.0798986973704023	0.9967985262471647	0.6700386850655027	1.1877107154251227	0.5801458081319634	6541.106383244694	2131.470903053253	0.009031393340800506	12.507709117473794	16.12554438001665	2.2100256541355474
	gen68ind16	815.0999731808099	0.07987964646656377	0.9967850757355364	0.6700386850655027	1.1859802442530887	0.5800038831849863	6528.16015013781	2183.229005773659	0.009338443963883166	12.506581681327248	16.130951591055585	2.205627598049972
	gen75ind10	815.1414024861482	0.07989643674401528	0.9967850757355364	0.6738087408529593	1.1854727990755127	0.580134608352165	6549.145231932343	1901.1955932020326	0.009338443963883166	12.506581681327248	16.116809130795424	2.2105942768680764
	gen82ind16	815.2415690515664	0.07989714591697544	0.996769440770882	0.6703100238904225	1.1809846539913997	0.5800038831849863	6534.058421467286	1950.6745567071453	0.0096888778248416	12.507631643185277	16.11243151157734	2.204449423288299
	gen75ind12	815.2566094701806	0.07984438135072734	0.9967863174553794	0.6588876634737687	1.1892009741352643	0.5803111849492426	6573.112925461561	3682.844910103346	0.008717888361902331	12.512161459856902	16.152977484050503	2.200982623572761
	gen71ind3	815.3214186878776	0.07986343225456587	0.9967619456307439	0.6441465811097273	1.1905398759175054	0.5805395046623821	6550.2018613661785	2988.038739507013	0.008717888361902331	12.503967617117201	16.149034220143694	2.190933649416584
	gen72ind1	815.3732136945175	0.07986343225456587	0.9967700619458	0.6458729624664541	1.191545502706636	0.5805654905053452	6546.922826930127	3063.5218358177885	0.008717888361902331	12.503967617117201	16.176825068115186	2.1981937110793894
	gen74ind13	815.3734182320123	0.07986201390864556	0.9968068554430143	0.6607206090862787	1.1870831640166004	0.58022479018308	6584.041328543664	2460.891147147181	0.00933444888491284	12.51365460111232	16.13970802175306	2.19187622517748
	gen74ind19	815.4028470196835	0.07984438135072734	0.9967810061382747	0.6479994864699298	1.1881860837801121	0.5804816297118438	6559.913687481405	3210.0653820792154	0.008643818815699882	12.509980235804367	16.149034220143694	2.1956592428633472
	gen73ind13	815.4252497535115	0.07988775357256273	0.9967914041405272	0.6736666610641664	1.1859802442530887	0.5802621574883995	6580.263879270891	1462.531523004117	0.009728019253520601	12.516660910455903	16.12013716897771	2.2066930478721725
	gen77ind18	815.4816297862511	0.07986704284961828	0.9967836617968271	0.6551289584927436	1.1914753071050792	0.5803727466304186	6565.3189609982055	2909.6147747385335	0.008641625897265868	12.509250389151697	16.147062588190288	2.195834733299215
	gen74ind12	815.5450882163858	0.07984438135072734	0.9967863174553794	0.6542201312471319	1.1888601664542435	0.5804816297118438	6551.660798036781	2987.4969724264392	0.008680853588801107	12.503967617117201	16.149034220143694	2.1929918191973297
	gen69ind18	815.5530758296312	0.07984438135072734	0.9967863174553794	0.6554236149756796	1.1881860837801121	0.5804816297118438	6559.913687481405	3118.778084960093	0.008717888361902331	12.509283956676018	16.149034220143694	2.1989738292270085
	gen69ind19	815.5834932594789	0.07984438135072734	0.9967863174553794	0.6542201312471319	1.1905398759175054	0.5804816297118438	6545.165367761141	2987.4969724264392	0.008717888361902331	12.503967617117201	16.149034220143694	2.1929918191973297
	gen72ind14	815.5885868418753	0.07982101067887624	0.9967863174553794	0.6542201312471319	1.1914792183286051	0.580368642240136	6545.165367761141	2790.9495120308516	0.0088675498923323	12.503967617117201	16.13928947821796	2.1963187036088114
	gen74ind8	815.6555139328545	0.07986228012365865	0.9967863174553794	0.6537925120901005	1.1914753071050792	0.5803727466304186	6565.3189609982055	2802.0911277373634	0.008992984142001273	12.509250389151697	16.149034220143694	2.1968391304720916
	gen71ind15	815.706825414593	0.07984438135072734	0.9967810061382747	0.6511921961430991	1.1881860837801121	0.5804816297118438	6559.913687481405	3210.0653820792154	0.008643818815699882	12.509980235804367	16.149034220143694	2.1989738292270085
	gen75ind14	815.7131888926535	0.07984438135072734	0.9967810061382747	0.6511921961430991	1.1881860837801121	0.5804714116517831	6559.913687481405	3210.0653820792154	0.0088386064605186	12.509980235804367	16.149034220143694	2.1989738292270085
	gen77ind9	815.7317128277989	0.0798755929135643	0.9967924965209716	0.6593841626836356	1.1877208579112064	0.5801681874412488	6580.263879270891	2079.712800332847	0.00995765727484522	12.518091775817297	16.122108800931116	2.2066930478721725
	gen73ind4	815.8401655170518	0.07984438135072734	0.9967863174553794	0.6542201312471319	1.1905398759175054	0.5804816297118438	6545.165367761141	2987.4969724264392	0.008717888361902331	12.503967617117201	16.149034220143694	2.18541240546351
	gen74ind6	815.860446201025	0.07988775357256273	0.9967914041405272	0.6689024545925766	1.1870831640166004	0.5804550905662634	6580.263879270891	1462.531523004117	0.009728019253520601	12.513320573130134	16.134585694560702	2.2066930478721725
	gen75ind11	815.8642800375231	0.0798371165251951	0.9967724189255547	0.6354217527577524	1.193909241033506	0.5806482810230091	6542.617799204435	3960.7422500433227	0.008407610560911914	12.503350254606731	16.140518076052665	2.183443284156136
	gen75ind15	815.9177261795849	0.07982674879280913	0.9967839722267877	0.6554236149756796	1.189498711428232	0.5804816297118438	6555.386715665945	3682.844910103346	0.008717888361902331	12.506505191344871	16.167426009633495	2.1991330592027856
	gen70ind1	815.9336874934259	0.07984438135072734	0.9967863174553794	0.6542201312471319	1.1926971852999695	0.5804816297118438	6545.165367761141	2872.2512152717973	0.008717888361902331	12.503967617117201	16.145790510259264	2.1929918191973297
	gen74ind9	816.0046519237793	0.07984438135072734	0.9967915541027847	0.65703938971362	1.1905398759175054	0.580512216127118	6545.165367761141	3202.2733828884925	0.008717888361902331	12.504344456051538	16.149034220143694	2.1929918191973297
	gen74ind16	816.2264354491543	0.07984438135072734	0.9967879554031871	0.6549047226841516	1.1881860837801121	0.5804816297118438	6559.913687481405	2995.0180880768753	0.008643818815699882	12.51148803133314	16.153292292189207	2.1989738292270085
	gen70ind18	816.285228214403	0.0798986973704023	0.9967850757355364	0.6700386850655027	1.1877107154251227	0.5801458081319634	6528.16015013781	2238.7921359777692	0.009486583056288064	12.506308208737838	16.130951591055585	2.2042948566899465
	gen74ind7	816.3011314893738	0.07984438135072734	0.9967863174553794	0.6542201312471319	1.1930856720461671	0.5804816297118438	6535.691619527	3789.0630273116885	0.008717888361902331	12.503967617117201	16.149034220143694	2.1858717796774654
	gen74ind10	816.3092863424712	0.07984438135072734	0.9967851392769314	0.650542273170527	1.1905398759175054	0.5806196394714754	6545.165367761141	3298.343658633707	0.008717888361902331	12.503967617117201	16.164199785380816	2.1929918191973297
	gen76ind0	816.3673430940063	0.07988775357256273	0.9968062345830928	0.6690076230745544	1.1859802442530887	0.5802971264640302	6584.202865247717	2460.891147147181	0.009839514330721975	12.51365460111232	16.125259496170067	2.19187622517748
	gen69ind6	816.4258774542324	0.07989936895919218	0.9968069183615507	0.6546792729230051	1.1882034344706485	0.5805634043532137	6536.924265986916	2725.4845432336087	0.009494600443694375	12.504085927268765	16.150328363140808	2.198282342720262
	gen70ind12	816.4716591471787	0.0798986973704023	0.9967985262471647	0.6700386850655027	1.1877107154251227	0.5801458081319634	6518.74159860822	2183.229005773659	0.009031393340800506	12.507709117473794	16.130951591055585	2.2100256541355474
	gen74ind15	816.4873195472251	0.07986201390864556	0.996793117380893	0.6700386850655027	1.1854727990755127	0.5802138189731458	6528.16015013781	1901.1955932020326	0.008771587769344419	12.506581681327248	16.1269995843329	2.2046232008770956
	gen68ind6	816.4881157669738	0.07984438135072734	0.9967863174553794	0.6542201312471319	1.189046173415591	0.5804816297118438	6550.2018613661785	2890.1151644533547	0.008717888361902331	12.509283956676018	16.149034220143694	2.190933649416584
	gen75ind1	816.50013841568	0.07986343225456587	0.9967621499317372	0.6441465811097273	1.1922206146668426	0.5808481450383991	6544.737659825127	3971.431558090798	0.008717888361902331	12.501410638718484	16.15693823358906	2.19713047336587
	gen76ind19	816.6110557495613	0.07987964646656377	0.9967917895516168	0.6557902322717469	1.1859802442530887	0.5801968162628502	6566.893148805072	2359.5605773054212	0.009280193562480712	12.518550719137256	16.133599878584	2.2045784769493553
	gen71ind16	816.6275128053437	0.07982453180184954	0.996774453101327	0.6615758474003416	1.1851941309227947	0.5801716047719893	6523.123656532772	2096.77559157361	0.00912194875886166	12.509101675730493	16.118703089669452	2.214003657257039
	gen73ind18	816.658587598847	0.07984438135072734	0.9967946809704304	0.6603015934619488	1.1881860837801121	0.5804518963268666	6559.913687481405	3177.995710548369	0.008648697247638741	12.511944862613596	16.145073470605137	2.2057457283599984
	gen71ind4	816.7305820605688	0.07984438135072734	0.9967863174553794	0.6554236149756796	1.1881860837801121	0.5804816297118438	6559.913687481405	3118.778084960093	0.008717888361902331	12.511944862613596	16.145073470605137	2.1989738292270085
	gen73ind12	816.7737413096156	0.07986343225456587	0.996763434550582	0.6441465811097273	1.1911617096075107	0.5807197252740173	6530.021058125493	2608.565982678	0.009097357277156338	12.500952026059652	16.1459252870916	2.19713047336587
	gen72ind18	816.7902525448835	0.07983417778832058	0.9968199208549826	0.6734914477789561	1.189721969003384	0.5801977798178897	6518.61321650792	2334.1951983952104	0.009091280968964718	12.502513406553685	16.186533286998568	2.2170425876434794
	gen71ind10	816.8101411847866	0.07983528641849438	0.9968147588772767	0.6734914477789561	1.189721969003384	0.5801977798178897	6512.183529736116	2334.1951983952104	0.008874785763943212	12.501613566788372	16.218284884508616	2.212903933474939
	gen72ind16	816.8450257271757	0.07994165151081212	0.9967855701355267	0.6700386850655027	1.1877107154251227	0.5800867561847889	6530.236309355464	2358.6955542121277	0.00913274079622646	12.507709117473794	16.130951591055585	2.2018064871858347
	gen72ind6	816.8946698420532	0.07987964646656377	0.9967850757355364	0.6726871821208023	1.184877324489577	0.5802060526031732	6523.46577378425	1663.696363460036	0.009338443963883166	12.506581681327248	16.116503065472592	2.205627598049972
	gen72ind3	816.8951544871242	0.07984813017180453	0.9967649228475616	0.6556180472110343	1.1859802442530887	0.5803135297189663	6536.148460338657	2466.328690519346	0.009177827693322718	12.509101675730493	16.073799102292362	2.205627598049972
	gen71ind17	817.0409940391694	0.07993243590933337	0.9967985262471647	0.6700386850655027	1.1877107154251227	0.5801458081319634	6518.74159860822	2183.229005773659	0.009558131610223708	12.507709117473794	16.130951591055585	2.196325640368582
	gen72ind15	817.0470146332262	0.0798519560267001	0.9967860181537231	0.6615758474003416	1.1837004284208803	0.5803135297189663	6528.16015013781	2365.8036000119037	0.009338443963883166	12.509101675730493	16.118703089669452	2.212974572366666
	gen72ind9	817.0529510603369	0.07987223609526423	0.9968214841330908	0.6777228666115367	1.189721969003384	0.5801139190243882	6512.183529736116	2334.1951983952104	0.009091280968964718	12.503410540480978	16.186533286998568	2.213044791736981
	gen73ind15	817.10189318522	0.07984481187041365	0.9968147588772767	0.6734914477789561	1.189721969003384	0.5801977798178897	6512.183529736116	1761.5593846541562	0.00950778465731995	12.503410540480978	16.186533286998568	2.2074007489726846
	gen72ind11	817.3705716011451	0.0798984311553892	0.9967985262471647	0.6731148012778336	1.186607795661611	0.5801458081319634	6502.864829936422	1849.1022081491121	0.009031393340800506	12.507709117473794	16.11822948083971	2.213352538547029
	gen70ind5	817.3812276909473	0.07984481187041365	0.9968147588772767	0.6734914477789561	1.189721969003384	0.5801977798178897	6512.183529736116	2334.1951983952104	0.009091280968964718	12.503410540480978	16.186533286998568	2.210845763694193
	gen70ind11	817.3823844086257	0.07982453180184954	0.996774453101327	0.6615758474003416	1.1851941309227947	0.5801716047719893	6514.621047721106	2096.77559157361	0.00927161028929163	12.509101675730493	16.118703089669452	2.214003657257039
	gen73ind7	817.4216433845054	0.07986148147861936	0.9967850757355364	0.664826086319915	1.1859802442530887	0.5801035939308068	6528.16015013781	2187.22157707137	0.00973864067773254	12.513945167728053	16.123589999711943	2.205627598049972
	gen69ind2	817.4884417543318	0.0798986973704023	0.9967850757355364	0.6700386850655027	1.1877107154251227	0.5801458081319634	6528.16015013781	2183.229005773659	0.009486583056288064	12.507709117473794	16.130951591055585	2.2042948566899465
	gen69ind12	817.58243769729	0.07984384892070115	0.996774453101327	0.6615758474003416	1.1859802442530887	0.5803135297189663	6561.545790388469	2580.0063069959274	0.009338443963883166	12.512028821727814	16.118703089669452	2.205627598049972
	gen70ind14	817.611830919219	0.0798986973704023	0.9967850757355364	0.6700386850655027	1.1877107154251227	0.580139947470275	6505.795365501335	2183.229005773659	0.009486583056288064	12.506991569079492	16.130951591055585	2.2042948566899465
	gen70ind19	817.6795553059417	0.07984384892070115	0.9968033317245453	0.6615758474003416	1.1859802442530887	0.5803135297189663	6528.16015013781	2444.3900922432717	0.009338443963883166	12.509101675730493	16.12303009197847	2.205627598049972
	gen71ind13	817.7003100342013	0.07984384892070115	0.9967850757355364	0.6615758474003416	1.1859802442530887	0.5803135297189663	6528.16015013781	2450.524489710999	0.009177827693322718	12.509101675730493	16.123589999711943	2.205627598049972
	gen69ind1	817.7284964295624	0.07977610562782592	0.9967953996909484	0.6632863240284672	1.1881745768228213	0.5806739709422365	6549.007833882265	3028.262470996874	0.008829479945743995	12.50465606403853	16.134511116560184	2.215412163126434
	gen67ind3	817.7549281637225	0.07984384892070115	0.9967850757355364	0.6615758474003416	1.1859802442530887	0.5803135297189663	6528.16015013781	2450.524489710999	0.009338443963883166	12.509101675730493	16.12303009197847	2.205627598049972
	gen70ind0	817.7655269021569	0.07979764000702515	0.9967850757355364	0.66298464647038	1.1857501498373832	0.580255654768428	6528.16015013781	2956.1746784782017	0.00901721142276227	12.504864761469978	16.132071406522527	2.205627598049972
	gen72ind8	817.8044287707381	0.07984384892070115	0.9967886738122755	0.6615758474003416	1.1859802442530887	0.5802056101925805	6511.669231125297	2365.8036000119037	0.009338443963883166	12.508823137412381	16.118703089669452	2.205627598049972
	gen68ind8	817.808587461235	0.07984384892070115	0.996774453101327	0.6615758474003416	1.1859802442530887	0.5803135297189663	6528.16015013781	2365.8036000119037	0.009338443963883166	12.509101675730493	16.118703089669452	2.205627598049972
	gen72ind13	817.8137604911993	0.0798986973704023	0.9967985262471647	0.6700386850655027	1.188378444420357	0.5802797135013122	6531.95348318468	2183.229005773659	0.008799827454430795	12.507709117473794	16.130951591055585	2.2100256541355474
	gen71ind12	817.836605896614	0.07984384892070115	0.9967850757355364	0.6615758474003416	1.1859802442530887	0.5803135297189663	6528.16015013781	2630.3649613218518	0.00941652220378877	12.509101675730493	16.128152419170824	2.205627598049972
	gen70ind17	817.869707663701	0.07986289982453967	0.9967850757355364	0.6615758474003416	1.1858622946220487	0.5803714046695047	6550.524934774285	2254.677339603683	0.009659676505004062	12.511903493202404	16.12303009197847	2.205627598049972
	gen71ind0	817.8818489944424	0.07979079326291846	0.9967796150790329	0.6615758474003416	1.1858159646127997	0.5803518253836244	6525.044889593333	2483.9679676481687	0.008822950259774033	12.509101675730493	16.118703089669452	2.21889593979527
	gen71ind6	817.9057590756712	0.07982453180184954	0.996774453101327	0.6615758474003416	1.184188504133664	0.5801456189290262	6517.900082157158	2021.2924952628346	0.009241666475209524	12.511250964226901	16.09091224169796	2.214003657257039
	gen73ind8	818.0577181615779	0.07984384892070115	0.9967918009913506	0.6662348853899536	1.1868454798391057	0.5803555547171857	6523.450874373015	2476.403541071202	0.00902430238178139	12.50754693667351	16.12629360523141	2.2078266260927597
	gen70ind2	818.0743008046026	0.07989936895919218	0.9968069183615507	0.6625885498321905	1.1882034344706485	0.5805634043532137	6528.42165717525	2323.3505599072187	0.009804878244684793	12.504085927268765	16.150328363140808	2.198282342720262
	gen70ind4	818.11363154749	0.079776371842839	0.9967953996909484	0.6636584950548045	1.187223911633099	0.5806739709422365	6549.007833882265	3224.9092418601163	0.008441123904847973	12.50465606403853	16.134511116560184	2.215412163126434
	gen73ind1	818.1656351276478	0.07984438135072734	0.9967863174553794	0.6554236149756796	1.1881860837801121	0.5804816297118438	6559.913687481405	2664.885998913297	0.009028166162892749	12.515370351848876	16.145073470605137	2.1989738292270085
	gen72ind4	818.2020151116336	0.07982453180184954	0.996774453101327	0.6615758474003416	1.1851941309227947	0.5801716047719893	6503.438655402869	2096.77559157361	0.009076822644472913	12.509101675730493	16.118703089669452	2.214003657257039
	gen68ind12	818.3200721196697	0.07983961875946172	0.9967582662301504	0.6793567610447266	1.1833960966601944	0.580053991765552	6483.4305808648605	2461.7097504853073	0.008695978881641373	12.503429664681375	16.137439010824444	2.202729146987261
	gen71ind5	818.3394120737345	0.07980526563816785	0.9968338193848072	0.6817229476751505	1.18709678688177	0.580255654768428	6526.0754731285815	2449.4409555498523	0.00858422101271926	12.504116381709526	16.15478168948852	2.209743937611463
	gen71ind1	818.390646287599	0.07981553877995645	0.9968338193848072	0.6817229476751505	1.1913625122969784	0.5801977798178897	6526.5897717394	2666.169094187166	0.00858422101271926	12.500822241908379	16.19953535108118	2.203426048185142
	gen73ind17	818.4947164316226	0.07984384892070115	0.9968051536423825	0.6615758474003416	1.1859802442530887	0.5802056101925805	6537.314235907034	2365.8036000119037	0.009338443963883166	12.512359597304918	16.118703089669452	2.205627598049972
	gen71ind7	818.5226652718203	0.07982595014776983	0.9968069183615507	0.6504478540904246	1.190087414159557	0.5805997336061928	6536.924265986916	2859.1322852022786	0.009494600443694375	12.509101675730493	16.128947744054162	2.188012135592503
	gen72ind5	818.5458375181184	0.07980035407142433	0.9967863174553794	0.6554236149756796	1.1881860837801121	0.580649540501784	6559.913687481405	3632.1962731128715	0.008717888361902331	12.511944862613596	16.15411478514919	2.2002979236562217
	gen71ind9	818.5718367997372	0.079776371842839	0.9967953996909484	0.6636584950548045	1.187223911633099	0.5806739709422365	6541.019523681418	3224.9092418601163	0.008441123904847973	12.503070493615395	16.134511116560184	2.2180212459485444
	gen69ind9	818.5732906071748	0.07982479801686262	0.9967850757355364	0.6708939233795654	1.1857501498373832	0.580255654768428	6528.16015013781	2554.0406951518116	0.00901721142276227	12.504864761469978	16.12303009197847	2.205627598049972
	gen68ind15	818.5997762518606	0.0798057471130241	0.9968338193848072	0.6817229476751505	1.1889676492569174	0.5801977798178897	6518.087162927734	2449.4409555498523	0.00858422101271926	12.501270814084767	16.186533286998568	2.209743937611463
	gen69ind17	818.604248453313	0.0798057471130241	0.9968338193848072	0.6817229476751505	1.1918073027744134	0.5801977798178897	6529.924149064445	2629.281427160705	0.00858422101271926	12.501270814084767	16.19165561419092	2.2009362063827287
	gen71ind18	818.6141793144369	0.07986289982453967	0.9967850757355364	0.658927350345042	1.1869652143855605	0.5805813404576643	6550.524934774285	2254.677339603683	0.009659676505004062	12.511903493202404	16.137478617561463	2.205627598049972
	gen68ind19	818.7270288626224	0.07980189531417409	0.9968069183615507	0.6520521519481816	1.1916595512880805	0.5805997336061928	6551.834122411232	2725.4845432336087	0.009611814957949317	12.509752720344004	16.128947744054162	2.188012135592503
	gen70ind7	818.7311648904582	0.07984384892070115	0.9968069183615507	0.6546792729230051	1.190087414159557	0.5805997336061928	6536.924265986916	2781.047673437719	0.009494600443694375	12.507700766994539	16.126784242899653	2.188012135592503
	gen70ind16	819.0300929238466	0.07985944343181803	0.9967717167417787	0.6793567610447266	1.1834699724033608	0.5801860584945129	6483.4305808648605	2279.9604504801855	0.008559293384608297	12.500485766141487	16.137439010824444	2.2115368782159956
	gen65ind1	819.0305025325189	0.07984384892070115	0.9967850757355364	0.6615758474003416	1.1882639236220283	0.5804816297118438	6513.250293713493	2475.934507590645	0.00899225706645117	12.505684536974469	16.149034220143694	2.20006366426721
	gen73ind19	819.0975581837284	0.07984438135072734	0.9968005496060617	0.6554236149756796	1.1857172302575996	0.5804816297118438	6537.884688984553	2511.568271125755	0.00887464085135142	12.513815612791893	16.1157756769674	2.1989738292270085
	gen71ind14	819.1327118932753	0.0798057471130241	0.9968331985248857	0.684973186594724	1.186687833424709	0.5801977798178897	6518.087162927734	1995.5488695030563	0.009089286458528394	12.506114306082328	16.186533286998568	2.214584506996278
	gen66ind9	819.1790986078462	0.07977610562782592	0.9968063210039555	0.6632863240284672	1.1902281617760555	0.5808170728858497	6553.389891806818	3165.742497758179	0.0089075581856496	12.50465606403853	16.137469942598027	2.2066044318976994
	gen66ind13	819.1860566316338	0.07984384892070115	0.9968069183615507	0.6546792729230051	1.190087414159557	0.5805997336061928	6536.924265986916	2725.4845432336087	0.009494600443694375	12.509101675730493	16.128947744054162	2.188012135592503
	gen68ind1	819.3857783220383	0.07984384892070115	0.9967850757355364	0.6522577714211177	1.1870041343065183	0.5804554546659434	6528.16015013781	2457.636868263668	0.009338443963883166	12.509101675730493	16.11366213140098	2.205627598049972
	gen69ind13	819.4053859776064	0.07980548089801101	0.9968338193848072	0.6817229476751505	1.188576524360136	0.5801977798178897	6499.611379101392	2242.3506271184974	0.00858422101271926	12.500528895766006	16.186533286998568	2.214308945036776
	gen72ind19	819.4645569082968	0.0798986973704023	0.9968027223043576	0.6700386850655027	1.1888990647923399	0.580372770869078	6527.832932297568	2521.180645487969	0.009031393340800506	12.507709117473794	16.129949667554875	2.205868901747508
	gen67ind17	819.5453420157097	0.07984384892070115	0.9967850757355364	0.6615758474003416	1.1889809977657457	0.5804816297118438	6505.795365501335	2557.6882112900353	0.00899225706645117	12.505684536974469	16.157969265644496	2.20006366426721
	gen71ind11	819.5488151762283	0.07984384892070115	0.9968069183615507	0.6514290340034317	1.1934458846829974	0.5805997336061928	6536.924265986916	2725.4845432336087	0.00898953499788524	12.509101675730493	16.14177441469494	2.1831715662076876
	gen67ind16	819.559976424491	0.07983037135568183	0.9968419128203954	0.666000756073376	1.1896560998090102	0.5809190406703046	6552.743744990608	2867.6288078052776	0.008763284683274114	12.500080902030646	16.169252502307394	2.200525494821801
	gen66ind19	819.569062938668	0.07984438135072734	0.9967863174553794	0.6639817311119882	1.1882639236220283	0.5804816297118438	6521.691178016505	2616.685283048287	0.008717888361902331	12.505684536974469	16.149034220143694	2.197221985087384
	gen68ind4	819.57124018472	0.07984384892070115	0.9967850757355364	0.6615758474003416	1.1859802442530887	0.5803135297189663	6528.16015013781	2254.677339603683	0.009338443963883166	12.511903493202404	16.12303009197847	2.205627598049972
	gen69ind8	819.6001736236609	0.07982533044688882	0.9967782240197911	0.6635382072263558	1.1888160789998856	0.5804237547613055	6527.837076729704	2890.1151644533547	0.008717888361902331	12.509283956676018	16.149034220143694	2.1894844238852285
	gen70ind8	819.6571560123756	0.0798425636822874	0.9968105510689205	0.6815720069288546	1.1876333032839754	0.5801977798178897	6509.603637493938	2461.7097504853073	0.008871800653023787	12.503429664681375	16.16084616239278	2.2018759101448966
	gen68ind9	819.6666403736016	0.07984438135072734	0.9967974688087808	0.6652804933116836	1.1888536079286407	0.5804816297118438	6521.691178016505	2616.685283048287	0.008717888361902331	12.505684536974469	16.149034220143694	2.20128029344085
	gen63ind16	819.8895457204325	0.07983037135568183	0.9968419128203954	0.6692997864929229	1.1896560998090102	0.5807513190833017	6537.833888566292	2783.3459613709783	0.008763284683274114	12.502937465202837	16.169252502307394	2.2018582361818266
	gen71ind8	819.9443789810762	0.079776371842839	0.9967953996909484	0.6636584950548045	1.187223911633099	0.5807709192586882	6526.64304924579	3462.0731892695985	0.008441123904847973	12.500261144217358	16.134511116560184	2.215412163126434
	gen66ind11	819.9572740939863	0.0798057471130241	0.9967973074067895	0.6802119993587894	1.1862161435151688	0.5801977798178897	6483.4305808648605	2461.7097504853073	0.008695978881641373	12.503429664681375	16.167770141298682	2.202729146987261
	gen68ind17	819.9715367362503	0.0798439820282077	0.9968069183615507	0.6546792729230051	1.190087414159557	0.5806607506785103	6533.115993994314	2725.4845432336087	0.009494600443694375	12.508247391041486	16.128947744054162	2.190314597966223
	gen70ind10	820.0174352511605	0.0798057471130241	0.9967973074067895	0.6785781049255994	1.186699424034903	0.5803526030848797	6483.4305808648605	2449.4409555498523	0.008695978881641373	12.501270814084767	16.1804090363055	2.210845763694193
	gen69ind5	820.0214103751705	0.07987849433565655	0.9967473449171433	0.6793567610447266	1.1805564431426985	0.5802439334450512	6483.4305808648605	2190.5819817553324	0.008559293384608297	12.503429664681375	16.137439010824444	2.2115368782159956
	gen66ind16	820.0582261260201	0.07973415202129885	0.9967850757355364	0.6632863240284672	1.1866917864935047	0.5805426467841613	6540.451947564209	2996.300718359988	0.009104014935373283	12.508469653487865	16.128815937979994	2.198269092352593
	gen67ind10	820.1110882727642	0.0798057471130241	0.9967973074067895	0.68280952375818	1.186699424034903	0.5801977798178897	6483.4305808648605	2449.4409555498523	0.008695978881641373	12.501270814084767	16.186533286998568	2.210845763694193
	gen64ind14	820.1684466100709	0.0798057471130241	0.99676888886436	0.6802119993587894	1.1855200554216778	0.5801977798178897	6483.4305808648605	2461.7097504853073	0.008695978881641373	12.503429664681375	16.14465893613422	2.202729146987261
	gen70ind15	820.1899700016405	0.0798057471130241	0.996797928266711	0.6791316656815751	1.1889792398671113	0.5802818298143284	6483.4305808648605	2449.4409555498523	0.008695978881641373	12.502697123957834	16.186533286998568	2.204527874267872
	gen69ind4	820.2105818303876	0.0798057471130241	0.9967973074067895	0.68280952375818	1.186699424034903	0.5801977798178897	6481.836644713536	2449.4409555498523	0.008695978881641373	12.501270814084767	16.186533286998568	2.210845763694193
	gen68ind2	820.3173608024314	0.07969470703604203	0.9967887780155977	0.6608793565713718	1.1924316482087374	0.5802704383238478	6539.011101114672	2745.9192934839307	0.009615167375618364	12.513920379768056	16.12500890312539	2.182188732731744
	gen67ind5	820.3689856269052	0.0798057471130241	0.99676888886436	0.6802119993587894	1.1855200554216778	0.5801977798178897	6480.242708562212	2461.7097504853073	0.008695978881641373	12.503429664681375	16.14465893613422	2.202729146987261
	gen66ind3	820.4348312854626	0.07984088341979392	0.99676888886436	0.6681739082394351	1.183547512236458	0.580188929416086	6483.4305808648605	2307.3688147220464	0.008908888466293181	12.51139766331885	16.14038762998304	2.202729146987261
	gen67ind9	820.4432189409879	0.07984438135072734	0.9968069183615507	0.657512775791683	1.1922644598873409	0.5805997336061928	6536.924265986916	2866.235318691251	0.009220231739145535	12.509101675730493	16.128947744054162	2.1851704564126777
	gen68ind13	820.4620622409044	0.07972183989996999	0.9968073784423395	0.6608793565713718	1.1900461159562088	0.5802704383238478	6514.844229864817	2745.9192934839307	0.009221229449628224	12.513920379768056	16.140900182980072	2.182188732731744
	gen63ind1	820.4722816398559	0.07984384892070115	0.9967850757355364	0.6615758474003416	1.1882639236220283	0.5805145066131179	6513.250293713493	2582.41188608515	0.009221229449628224	12.508450631116983	16.128815937979994	2.198269092352593
	gen71ind19	820.4946952772516	0.0798057471130241	0.9967919960896847	0.6785781049255994	1.186306367369756	0.5803526030848797	6483.4305808648605	2272.566506481158	0.008662562044345606	12.501270814084767	16.178245535150992	2.210845763694193
	gen70ind3	820.5090433758979	0.07984384892070115	0.9968069183615507	0.6546792729230051	1.190087414159557	0.5807246709233165	6541.306323911469	2725.4845432336087	0.00957267868359998	12.509101675730493	16.14259687963533	2.188012135592503
	gen70ind9	820.5156750201231	0.07980601332803719	0.9967403324222656	0.6673186699253724	1.1805919853457203	0.5801963266563042	6475.814036879655	2307.3688147220464	0.00898680042111834	12.509689093940837	16.14223838527121	2.2122888503904337
	gen66ind4	820.5797352996626	0.07972183989996999	0.9967931691711247	0.6608793565713718	1.1896980719094632	0.5802704383238478	6513.250293713493	2745.9192934839307	0.009221229449628224	12.513920379768056	16.140900182980072	2.182188732731744
	gen67ind11	820.7075106718121	0.07978049561733316	0.9968132871170392	0.655593626489053	1.1890321481464028	0.5806893956369432	6531.003332671307	2494.680472205674	0.009221229449628224	12.507343166319323	16.114957733931377	2.1994193477875275
	gen67ind12	820.7391422731381	0.0798057471130241	0.9967750046999866	0.6802119993587894	1.1855200554216778	0.5801614505649106	6483.4305808648605	2461.7097504853073	0.008433353597647946	12.503429664681375	16.165007604288796	2.202729146987261
	gen69ind7	820.8578694557633	0.07980601332803719	0.9967585884112744	0.6673186699253724	1.1831459247154754	0.5801963266563042	6475.814036879655	2307.3688147220464	0.00898680042111834	12.509689093940837	16.144799548867386	2.2073340717347016
	gen67ind14	821.0755855346365	0.07984384892070115	0.9968017449441107	0.6616126720487301	1.1896980719094632	0.5806659921056478	6525.542091139892	2772.2196037410004	0.009472899993491171	12.507551217161412	16.118706796898145	2.1931604895240513
	gen68ind10	821.0880059510661	0.07984384892070115	0.9967987562875592	0.6615758474003416	1.1910700060096384	0.5804816297118438	6505.795365501335	2557.6882112900353	0.009386194992441308	12.507745313214487	16.139873432490095	2.195279335535605
	gen65ind11	821.0916357825457	0.07988616760295217	0.9967413904835081	0.6771162976315286	1.1860510908344057	0.5800999843376982	6495.72206201528	2459.7739791870126	0.008908916490005804	12.511705817729881	16.13195780182945	2.202702646251924
	gen68ind5	821.1395514936919	0.07978284441033556	0.9968018142053725	0.6677879574979071	1.1904151460531807	0.5804682152147478	6523.204464419296	2729.005234422648	0.009221229449628224	12.509711239840021	16.141771749475303	2.187674611127898
	gen64ind10	821.2021297803043	0.07984384892070115	0.9967850757355364	0.6615758474003416	1.1882639236220283	0.5805145066131179	6528.16015013781	2582.41188608515	0.009338443963883166	12.509101675730493	16.12303009197847	2.198269092352593
	gen67ind18	821.2158127314214	0.07980601332803719	0.9967585884112744	0.6673186699253724	1.184207904096217	0.580268220682473	6475.814036879655	2307.3688147220464	0.00898680042111834	12.509689093940837	16.148409511522274	2.2073340717347016
	gen61ind15	821.2425445096402	0.0798057471130241	0.99676888886436	0.6681739082394351	1.1851196493649814	0.5801461865378379	6483.4305808648605	2307.3688147220464	0.00898680042111834	12.51139766331885	16.14038762998304	2.202729146987261
	gen66ind14	821.2466278709874	0.07976247102831144	0.9967830523766392	0.6751185370072703	1.1851196493649814	0.5801468409780018	6502.284261652592	2394.8909963682304	0.008673822321174128	12.51080640377431	16.1431010462347	2.1960215829533984
	gen65ind2	821.2829507974861	0.07984384892070115	0.9968023658040321	0.6616126720487301	1.1896980719094632	0.5806659921056478	6525.542091139892	2582.41188608515	0.009221229449628224	12.507551217161412	16.128815937979994	2.1931604895240513
	gen69ind0	821.2839171728605	0.07982056785562319	0.9967501727945622	0.6886748370239506	1.1816656254881606	0.580087933181425	6470.654252395299	2413.720520082943	0.008695978881641373	12.503429664681375	16.137439010824444	2.2040618883472867
	gen65ind10	821.3355832413778	0.07979515653166444	0.9967769822999482	0.6595355376819253	1.1876590150227677	0.5808170728858497	6540.451947564209	2996.300718359988	0.009221229449628224	12.508469653487865	16.125923014979232	2.198269092352593
	gen69ind16	821.3408149429138	0.07973415202129885	0.9967850757355364	0.6632863240284672	1.1882639236220283	0.5808170728858497	6551.6343398824465	2844.7952825168118	0.009221229449628224	12.508469653487865	16.11134635114698	2.198269092352593
	gen68ind0	821.3414489098469	0.07969470703604203	0.9967840182971526	0.6608793565713718	1.1899841028929858	0.5802704383238478	6521.0282953337555	2538.9748773465117	0.009221229449628224	12.51346116160483	16.12500890312539	2.182188732731744
	gen67ind8	821.3927885846806	0.07969470703604203	0.9967753732629048	0.6608793565713718	1.1899841028929858	0.5802704383238478	6521.0282953337555	2745.9192934839307	0.009221229449628224	12.513920379768056	16.12500890312539	2.182188732731744
	gen64ind3	821.3973944763247	0.07964093869861111	0.9967913288479692	0.6681739082394351	1.1832567664261324	0.5802405542586091	6470.679091654267	2265.1250307306655	0.00898680042111834	12.50661163981258	16.116810721962814	2.2152468635142135
	gen67ind15	821.4017528553311	0.07984384892070115	0.9967850757355364	0.6615758474003416	1.1882639236220283	0.5805497270454095	6528.16015013781	2582.41188608515	0.009338443963883166	12.509101675730493	16.119883760650115	2.198269092352593
	gen65ind8	821.5003679250921	0.0798057471130241	0.99676888886436	0.6673186699253724	1.1851196493649814	0.580268220682473	6483.4305808648605	2307.3688147220464	0.00898680042111834	12.51139766331885	16.13836627347751	2.202729146987261
	gen68ind14	821.5330150266518	0.07972183989996999	0.9967931691711247	0.6608793565713718	1.1896980719094632	0.5802704383238478	6492.194538575977	2679.4338282162817	0.0089586041656348	12.510780178229734	16.16975885748936	2.182188732731744
	gen65ind13	821.5401140771414	0.07967904050628814	0.9967913288479692	0.6681739082394351	1.184188207895557	0.5802445868804803	6470.679091654267	2286.246922726356	0.00898680042111834	12.50661163981258	16.116810721962814	2.2152468635142135
	gen66ind18	821.5643009734537	0.07978049561733316	0.9968023658040321	0.655593626489053	1.1890321481464028	0.5806893956369432	6519.1663465345955	2494.680472205674	0.009221229449628224	12.509142204727013	16.11489183089429	2.1994193477875275
	gen69ind15	821.5836286996872	0.07984384892070115	0.9967789598999099	0.6615758474003416	1.1889809977657457	0.5804816297118438	6505.795365501335	2460.3064033169503	0.009313489607572067	12.511000876533288	16.126217668134448	2.20006366426721
	gen66ind8	821.7244610724886	0.07982714680986502	0.99676888886436	0.6648932901440827	1.1851196493649814	0.5802811464041567	6504.716181894473	2537.205000100834	0.009104014935373283	12.515798982021575	16.13836627347751	2.1862000815960263
	gen62ind8	821.7302998479992	0.07972433067539879	0.9967964787630826	0.6683139787600334	1.1851851186345168	0.5801381212940955	6495.12981390192	2635.015366459308	0.009932238585581007	12.515375246059829	16.154545740308702	2.1931248723564303
	gen65ind19	821.8186738064404	0.07977610562782592	0.9967850757355364	0.6632863240284672	1.1882639236220283	0.5808170728858497	6540.451947564209	2996.300718359988	0.009221229449628224	12.508409868418893	16.134601783981516	2.198269092352593
	gen64ind7	821.8500257031948	0.07973415202129885	0.9967850757355364	0.6632863240284672	1.1882639236220283	0.5808170728858497	6540.451947564209	2996.300718359988	0.009221229449628224	12.508469653487865	16.128815937979994	2.198269092352593
	gen64ind12	821.8658254070377	0.07963448048862548	0.996809356042301	0.6692997864929229	1.1890481256730356	0.5806673733430757	6513.250293713493	2733.7745551646126	0.008438063012020661	12.503298795013585	16.14612394721606	2.2193998260774745
	gen66ind10	821.9393454546623	0.07963448048862548	0.996809356042301	0.6692997864929229	1.189765199816753	0.5806673733430757	6513.250293713493	2526.8301390271936	0.008438063012020661	12.50283957685036	16.14612394721606	2.2193998260774745
	gen65ind9	821.9882462972035	0.07972183989996999	0.9967850757355364	0.6633231486768557	1.1896980719094632	0.5802704383238478	6513.250293713493	2745.9192934839307	0.009221229449628224	12.515414277218033	16.143793105980834	2.182188732731744
	gen63ind4	821.9914764507037	0.07980442463483849	0.9967668655054629	0.6771162976315286	1.1851196493649814	0.5801468409780018	6487.3744052282755	2394.8909963682304	0.00906540553997791	12.51080640377431	16.14038762998304	2.202729146987261
	gen63ind7	822.0457923099799	0.07980189531417409	0.9967906832400037	0.6873625062671758	1.189064735735421	0.5803736248839513	6506.8290469389785	3066.994016562044	0.008639586370674291	12.500377693898656	16.135615417291895	2.20544738001106
	gen67ind13	822.0563391119142	0.07973415202129885	0.9967850757355364	0.6602795927962394	1.1882639236220283	0.5807406395208707	6540.451947564209	3008.5695132954424	0.009612812668432006	12.508469653487865	16.128815937979994	2.198269092352593
	gen64ind8	822.1016669407597	0.07966959938461299	0.9968012626067129	0.6690774200934254	1.1894737408205494	0.5805145066131179	6528.482029547	2758.312145035522	0.008438063012020661	12.511517233456793	16.128815937979994	2.2053943785403853
	gen63ind12	822.118172816239	0.07972183989996999	0.9968551561710972	0.6715948614956864	1.189838458797471	0.580940166182977	6537.833888566292	2923.234306761139	0.008438063012020661	12.501915130558	16.204800050332494	2.2179650965380127
	gen65ind14	822.13640889559	0.07984384892070115	0.9967616240724787	0.6659770068360892	1.1882639236220283	0.5805188664550711	6528.16015013781	2462.3497010396113	0.009338443963883166	12.509101675730493	16.10584189573379	2.198269092352593
	gen67ind1	822.2094896551281	0.07980681197307649	0.9967713723040459	0.6729856756627283	1.1894737408205494	0.5802542404305809	6500.312349470884	2588.870365637331	0.008438063012020661	12.512213137029242	16.12594777936348	2.197943074584918
	gen64ind11	822.236308242812	0.07980442463483849	0.9967495754369672	0.6771162976315286	1.1851196493649814	0.5801468409780018	6487.3744052282755	2394.8909963682304	0.00906540553997791	12.511705817729881	16.12016934781934	2.202702646251924
	gen66ind7	822.238222989884	0.07967696652517872	0.9968025043265558	0.6733310486443791	1.189835393260757	0.5807776806315342	6525.542091139892	2733.7745551646126	0.008438063012020661	12.503298795013585	16.16634222937976	2.22193085371439
	gen67ind4	822.2516043357087	0.07972183989996999	0.9967850757355364	0.6632863240284672	1.1889600117155192	0.5802704383238478	6513.250293713493	2758.312145035522	0.009106743258039698	12.514940155287789	16.12707280498953	2.1830860186890524
	gen64ind18	822.253864507017	0.07980442463483849	0.9967749589410511	0.6771162976315286	1.1851196493649814	0.5801468409780018	6487.3744052282755	2394.8909963682304	0.008673822321174128	12.51080640377431	16.14038762998304	2.206291790081157
	gen65ind4	822.2833165416558	0.07972183989996999	0.9968449478587411	0.661380844274609	1.1939141745239423	0.5808174775981778	6537.833888566292	2758.312145035522	0.008515974966845818	12.508540519216988	16.156470693961072	2.1929471455659675
	gen65ind15	822.2924105693876	0.07974444089203883	0.9968120225177286	0.6681739082394351	1.1874790540812263	0.5801461865378379	6483.4305808648605	2411.908921174062	0.0088185399268782	12.513484471888539	16.16492920722707	2.202729146987261
	gen67ind6	822.3590062397675	0.07978284441033556	0.9968018142053725	0.6600425305815032	1.1904151460531807	0.5804682152147478	6519.396192426693	2657.969164008745	0.009221229449628224	12.513920379768056	16.141771749475303	2.187674611127898
	gen69ind10	822.4115281054312	0.07969470703604203	0.9967840182971526	0.6608793565713718	1.1899841028929858	0.5802704383238478	6521.0282953337555	2538.9748773465117	0.009082867743760626	12.51346116160483	16.12500890312539	2.182188732731744
	gen67ind19	822.4636532610771	0.079690163248286	0.9967931691711247	0.6578882461157274	1.1900821841716505	0.5803743212863975	6513.250293713493	2745.9192934839307	0.009335715641216751	12.513920379768056	16.12382898835537	2.182188732731744
	gen60ind18	822.533732807227	0.07972697563177002	0.99676888886436	0.6681739082394351	1.1846654165784847	0.5801381212940955	6483.4305808648605	2265.1250307306655	0.00898680042111834	12.515586999678767	16.14575183781149	2.202729146987261
	gen66ind12	822.5912454917274	0.07965299896243781	0.996809356042301	0.6684813728272485	1.1892304846614965	0.5808994742187992	6525.542091139892	2677.3066261412696	0.008438063012020661	12.503298795013585	16.182940020310795	2.214502325766457
	gen65ind17	822.6822546072358	0.07963448048862548	0.996809356042301	0.6684813728272485	1.1892304846614965	0.5807857795781677	6525.542091139892	2733.7745551646126	0.008438063012020661	12.503298795013585	16.16634222937976	2.214502325766457
	gen68ind7	822.7053049631747	0.07969470703604203	0.9967753732629048	0.6608793565713718	1.1899841028929858	0.5804288017214619	6521.0282953337555	2894.220490759038	0.00948385473362165	12.513920379768056	16.105531801466046	2.1772157662163334
	gen66ind15	822.7383978251875	0.07972183989996999	0.9967850757355364	0.6588151293324205	1.1882639236220283	0.5805145066131179	6513.250293713493	2758.312145035522	0.00918192689019844	12.51299538231814	16.128815937979994	2.198269092352593
	gen62ind4	822.7911455150319	0.0798057471130241	0.9967668655054629	0.6771162976315286	1.1851196493649814	0.5802645927729297	6483.4305808648605	2307.3688147220464	0.008595217202314558	12.51080640377431	16.14038762998304	2.202729146987261
	gen68ind11	822.8356951626257	0.07978284441033556	0.9967995379266132	0.6600425305815032	1.1904151460531807	0.5804682152147478	6519.396192426693	2657.969164008745	0.009084543952595149	12.513920379768056	16.141771749475303	2.187674611127898
	gen61ind6	822.847036330637	0.07972183989996999	0.9967850757355364	0.6632863240284672	1.1882639236220283	0.5805145066131179	6513.250293713493	2758.312145035522	0.009221229449628224	12.51269975254587	16.128815937979994	2.198269092352593
	gen64ind13	822.855751354668	0.07972183989996999	0.9968358427437043	0.6674405927620768	1.189838458797471	0.5807513190833017	6537.833888566292	2758.312145035522	0.008438063012020661	12.509718405545652	16.169252502307394	2.19559937791835
	gen62ind5	822.8735311829588	0.07972183989996999	0.9967850757355364	0.6632863240284672	1.1882639236220283	0.5802704383238478	6513.250293713493	2758.312145035522	0.009221229449628224	12.516313691173604	16.12707280498953	2.182188732731744
	gen67ind0	822.97576054971	0.07972183989996999	0.9967850757355364	0.662919666289788	1.1882639236220283	0.5805145066131179	6513.250293713493	2758.312145035522	0.009221229449628224	12.51269975254587	16.128815937979994	2.1927832139564396
	gen66ind1	823.0243181314113	0.07980681197307649	0.9967713723040459	0.6729856756627283	1.1864868817028673	0.5800183722291983	6472.880849728072	2354.545603420357	0.008712431716569501	12.51737716721444	16.11583863828163	2.19704578862761
	gen61ind18	823.0840528488568	0.07972183989996999	0.9968077012463221	0.6720877653621311	1.1896560998090102	0.5807513190833017	6528.16015013781	2992.636907252496	0.007690975225240489	12.511517233456793	16.18581976452038	2.2116086338383747
	gen64ind9	823.0879861063187	0.07968181219286793	0.9968358427437043	0.6595567703763321	1.189838458797471	0.580821759947885	6541.04451195355	2603.971209272261	0.008728884551497628	12.515879434869259	16.169252502307394	2.20544738001106
	gen63ind15	823.1290818313214	0.07972697563177002	0.99676888886436	0.6681739082394351	1.1846654165784847	0.5802325448439332	6483.4305808648605	2227.822419459754	0.00898680042111834	12.515586999678767	16.15820453295952	2.206291790081157
	gen63ind3	823.1852715628984	0.07972183989996999	0.9967999299918577	0.6632863240284672	1.1882639236220283	0.5802704383238478	6517.83787689529	2620.0278719313446	0.009221229449628224	12.52017170377664	16.12707280498953	2.182188732731744
	gen60ind2	823.1942544250745	0.07972183989996999	0.9968012626067129	0.6690774200934254	1.1894737408205494	0.5805145066131179	6513.250293713493	2758.312145035522	0.008438063012020661	12.511517233456793	16.128815937979994	2.2053943785403853
	gen65ind0	823.1950318046396	0.07980681197307649	0.9967713723040459	0.6729856756627283	1.1894737408205494	0.5802542404305809	6500.312349470884	2588.870365637331	0.008438063012020661	12.515720744814942	16.11583863828163	2.19704578862761
	gen63ind14	823.2093862028869	0.07972183989996999	0.996809356042301	0.6692997864929229	1.1896560998090102	0.5806568955334641	6513.250293713493	2733.7745551646126	0.008438063012020661	12.509173063699716	16.14612394721606	2.20544738001106
	gen60ind11	823.2185456557075	0.07972183989996999	0.9968358427437043	0.6715948614956864	1.189838458797471	0.5807513190833017	6537.833888566292	2758.312145035522	0.008438063012020661	12.509718405545652	16.169252502307394	2.20544738001106
	gen68ind18	823.2389432904541	0.0798057471130241	0.9968163221553848	0.68280952375818	1.1889831034038425	0.5803987567120412	6483.4305808648605	2449.4409555498523	0.009095289662667875	12.504106819609326	16.178677690958537	2.203487257996814
	gen63ind0	823.2547779014759	0.07972183989996999	0.9968012626067129	0.6690774200934254	1.1894737408205494	0.5805145066131179	6513.250293713493	2783.0978481387046	0.008438063012020661	12.511517233456793	16.128815937979994	2.2035998066257685
	gen64ind2	823.2573051198195	0.07972433067539879	0.9967944554041857	0.6653072475278056	1.1855911942799462	0.5804729852236601	6501.63184603652	2585.4439602529424	0.009215433695523773	12.515375246059829	16.188088284115665	2.2047276952607504
	gen64ind6	823.3490298807875	0.07980189531417409	0.9967906832400037	0.6873625062671758	1.1895054239962464	0.5805152602087077	6512.333461917135	2887.0720096014693	0.008639586370674291	12.500377693898656	16.135615417291895	2.20544738001106
	gen65ind12	823.394989534923	0.07972183989996999	0.9968358427437043	0.6674405927620768	1.1943810942821145	0.5807513190833017	6537.833888566292	3004.9057021879503	0.008438063012020661	12.511271788412188	16.169252502307394	2.19559937791835
	gen63ind17	823.4021303155764	0.07972954349767003	0.99676888886436	0.6681739082394351	1.1832567664261324	0.5801381212940955	6470.4265165956585	2265.1250307306655	0.00898680042111834	12.515586999678767	16.14106472967913	2.202729146987261
	gen59ind17	823.4065333396304	0.07972183989996999	0.996809356042301	0.6692997864929229	1.1896560998090102	0.5807513190833017	6513.250293713493	2733.7745551646126	0.008438063012020661	12.509173063699716	16.169252502307394	2.20544738001106
	gen63ind13	823.4373028918743	0.07969994360412447	0.9968221869397252	0.6620453244577434	1.1896560998090102	0.5807513190833017	6517.83787689529	2645.061688266801	0.008905910696861197	12.509173063699716	16.169252502307394	2.2018582361818266
	gen67ind2	823.4657296433693	0.07973415202129885	0.9967802702581559	0.6632863240284672	1.1863282882998343	0.5808170728858497	6513.705105003181	2864.4133219858372	0.009221229449628224	12.508469653487865	16.128815937979994	2.198269092352593
	gen63ind6	823.4959841239081	0.07975929974117202	0.9968358427437043	0.6817629292602476	1.1918931121519085	0.5809162826531484	6549.533121603352	3128.2024807641646	0.008020539733358548	12.504416769376167	16.169252502307394	2.206806496522959
	gen63ind10	823.5514120179698	0.07972433067539879	0.9968065955575679	0.6683139787600334	1.1855911942799462	0.5804729852236601	6501.63184603652	2585.4439602529424	0.009215433695523773	12.515375246059829	16.188088284115665	2.208316839089984
	gen65ind5	823.5517609588866	0.07984703948045835	0.9967257552109914	0.6681739082394351	1.1827602446487364	0.580156052514812	6458.200839195852	2307.3688147220464	0.009300471685096963	12.512391369410963	16.11584605273901	2.202729146987261
	gen64ind5	823.6406179123647	0.07985616104203	0.9967927065989008	0.6885100437685575	1.188683543793129	0.5804680484337889	6506.8290469389785	3004.9057021879503	0.008314364699420837	12.504983727339798	16.135615417291895	2.20544738001106
	gen69ind11	823.6459194992707	0.07980363203240438	0.99676888886436	0.689102456180982	1.1842279816252308	0.5801977798178897	6457.877923925737	2509.662825722009	0.008374746340520475	12.503429664681375	16.154026896711716	2.201279921455906
	gen64ind15	823.6564653769959	0.07968819331238236	0.9967717866258994	0.6681739082394351	1.1846654165784847	0.5800203694991676	6483.4305808648605	2265.1250307306655	0.00898680042111834	12.523085775759354	16.15521699931989	2.1965678931599464
	gen65ind18	823.6627785608883	0.07978441078128745	0.9967922490095468	0.6771162976315286	1.1851196493649814	0.5803004676453853	6487.3744052282755	2305.3276769350086	0.008673822321174128	12.51080640377431	16.14038762998304	2.206291790081157
	gen62ind16	823.6821106286751	0.07972183989996999	0.9968367629052821	0.6715948614956864	1.189838458797471	0.580940166182977	6537.833888566292	2758.312145035522	0.008438063012020661	12.509718405545652	16.21550961249006	2.20544738001106
	gen70ind13	823.715093458033	0.07984384892070115	0.9967965028882677	0.6721926855792608	1.186339834143996	0.5803135297189663	6489.102545376006	2189.3946638806456	0.009338443963883166	12.511903493202404	16.12303009197847	2.205627598049972
	gen63ind11	823.7482242525525	0.0798057471130241	0.9967668655054629	0.6774944042617468	1.1851196493649814	0.5802645927729297	6483.4305808648605	2456.5393856563373	0.008709900972001519	12.51080640377431	16.14038762998304	2.202729146987261
	gen65ind3	823.7551673874829	0.07970296952379347	0.9967780854972674	0.6771162976315286	1.1826160707670335	0.5801468409780018	6458.633875986504	2236.2475686909884	0.008673822321174128	12.51080640377431	16.13727794497521	2.206291790081157
	gen64ind19	823.8532450141788	0.07972183989996999	0.9968358427437043	0.6691510693902024	1.192342037395419	0.5808174775981778	6537.833888566292	2758.312145035522	0.008438063012020661	12.509718405545652	16.162256539962595	2.1951771728833016
	gen67ind7	823.9369766320947	0.07967816019429774	0.9967931691711246	0.6632863240284672	1.1882639236220283	0.5807721772402779	6513.250293713493	2752.239775875863	0.008829646230824443	12.507388960168635	16.14153696117984	2.198269092352593
	gen68ind3	824.0047320177587	0.07977610562782592	0.9968063210039555	0.6617457791366732	1.1895320736825645	0.5808170728858497	6533.64316616826	3165.742497758179	0.009136530568826655	12.510965489296142	16.117251660434327	2.2066044318976994
	gen64ind16	824.0164947584672	0.07971798810111996	0.996809356042301	0.6668559943874389	1.1896560998090102	0.5806568955334641	6513.250293713493	2911.225975764952	0.008438063012020661	12.511465415748653	16.14612394721606	2.20544738001106
	gen64ind4	824.0191227628444	0.07972308528768439	0.9968012626067129	0.6690774200934254	1.1894737408205494	0.5805145066131179	6501.896262216808	2758.312145035522	0.008793567579997053	12.511517233456793	16.128815937979994	2.2053943785403853
	gen62ind9	824.1137115875864	0.07980189531417409	0.9967896715605553	0.6885100437685575	1.1887747232873593	0.5804680484337889	6506.8290469389785	3004.9057021879503	0.00815175386379411	12.504983727339798	16.135615417291895	2.20544738001106
	gen66ind6	824.1826389426137	0.07977687088753312	0.9967632331095222	0.6632863240284672	1.187157507228217	0.5802704383238478	6490.885350939028	2490.048775449034	0.009221229449628224	12.517961665829098	16.1257508139135	2.182188732731744
	gen65ind6	824.1965401491851	0.07972185917258778	0.9968358427437043	0.6595567703763321	1.189838458797471	0.5808261197898381	6537.166807616728	2603.971209272261	0.00829546802869608	12.515879434869259	16.16217344714456	2.210249517326475
	gen64ind0	824.2833378372519	0.07972183989996999	0.9968012626067129	0.6690774200934254	1.1894737408205494	0.580707735217926	6513.250293713493	2783.0978481387046	0.008438063012020661	12.511517233456793	16.13834150909326	2.2152291302654263
	gen64ind1	824.3342949966999	0.07972308528768439	0.9967719239027055	0.6674369787255989	1.1871470707390723	0.5805145066131179	6513.250293713493	2614.2026748846065	0.009185150798800834	12.511517233456793	16.1036887829681	2.1929742664495944
	gen63ind5	824.3799275291085	0.07972183989996999	0.9968073326834039	0.6692997864929229	1.1896560998090102	0.5807513190833017	6513.250293713493	2783.3459613709783	0.008763284683274114	12.509173063699716	16.169252502307394	2.2018582361818266
	gen62ind10	824.3799275291085	0.07972183989996999	0.9968073326834039	0.6692997864929229	1.1896560998090102	0.5807513190833017	6513.250293713493	2783.3459613709783	0.008763284683274114	12.509173063699716	16.169252502307394	2.2018582361818266
	gen63ind2	824.3870741793247	0.07972183989996999	0.9967874676573516	0.6632863240284672	1.1904994142092749	0.5805770372184509	6513.250293713493	2819.960534323629	0.008474141662848052	12.516313691173604	16.13442618598888	2.188349986559059
	gen66ind2	824.4159122374082	0.07980681197307649	0.9967713723040459	0.6790047212224054	1.1894737408205494	0.5802542404305809	6500.312349470884	2666.0408335189613	0.008292652242282178	12.515720744814942	16.11583863828163	2.19704578862761
	gen69ind3	824.4277149939971	0.07980601332803719	0.9967580596920824	0.6673186699253724	1.1862098334161657	0.580268220682473	6475.814036879655	2485.2417505084727	0.00898680042111834	12.513128834079629	16.145438167557177	2.195614639075588
	gen60ind1	824.7633094012731	0.07972697563177002	0.9967736727079901	0.6625301107680308	1.1866564405158448	0.5803736248839513	6487.24216517509	2459.97100316694	0.008991861910254303	12.51747307737149	16.119441721715273	2.1911968076354746
	gen65ind16	824.9066476706636	0.07968181219286793	0.9968358427437043	0.6628558007958789	1.1873348801995232	0.5806335672883738	6519.632623394633	2603.971209272261	0.008728884551497628	12.519447619150151	16.169252502307394	2.20544738001106
	gen58ind0	824.9414309063917	0.07972183989996999	0.9968012626067129	0.6715948614956864	1.1896560998090102	0.5807513190833017	6513.250293713493	2758.312145035522	0.008438063012020661	12.511517233456793	16.169252502307394	2.20544738001106
	gen62ind14	825.0268868525029	0.07972308528768439	0.9967988706848978	0.6683139787600334	1.1851851186345168	0.5801381212940955	6498.340437289176	2265.1250307306655	0.009932238585581007	12.526949283868936	16.132466957930703	2.196376540610461
	gen66ind5	825.0743969211007	0.07973415202129885	0.9967638304671174	0.6671945795977701	1.186299685468001	0.5808170728858497	6527.5140033216	2826.858938961797	0.00953490071360685	12.512223457868227	16.125947779363482	2.1899337528074865
	gen63ind9	825.0823160638213	0.07980189531417409	0.9967896715605553	0.6909538358740415	1.1872025861588358	0.5804680484337889	6491.919190514662	3004.9057021879503	0.008034539349539169	12.504983727339798	16.14227282978865	2.20544738001106
	gen64ind17	825.1084038002916	0.07972183989996999	0.9967673487771489	0.6674405927620768	1.187535533086962	0.5806053022534123	6513.250293713493	2758.312145035522	0.009221229449628224	12.516175792373598	16.162595516809574	2.198269092352593
	gen66ind17	825.2888966631052	0.07980681197307649	0.9967713723040459	0.6729856756627283	1.1894737408205494	0.5802542404305809	6465.425921515913	2233.843467820515	0.008438063012020661	12.515720744814942	16.11583863828163	2.19704578862761
	gen66ind0	825.4454382173965	0.0798074732121693	0.9967648421465659	0.6632863240284672	1.1862085059737706	0.5805145066131179	6492.194538575977	2545.109274814239	0.009495598154177064	12.516749186698503	16.128815937979994	2.192382502962995
	gen61ind5	825.7486362760598	0.07972433067539879	0.9967964787630826	0.6683139787600334	1.1842817037251068	0.5801630060251927	6483.4305808648605	2265.1250307306655	0.009459519503349674	12.526949283868936	16.136117977881415	2.1988910420323236
	gen62ind3	825.79177232468	0.07976563249166105	0.9967715540940703	0.6861037855660452	1.1899845404858804	0.5807593843270441	6504.075127349901	3034.8806912438768	0.008152810984846498	12.50380120825072	16.17297350273599	2.20544738001106
	gen61ind10	825.9931976844233	0.07971927203406998	0.9967997883550407	0.6885100437685575	1.1899845404858804	0.5807513190833017	6506.8290469389785	3004.9057021879503	0.00815175386379411	12.50380120825072	16.17297350273599	2.20544738001106
	gen62ind15	826.0158743012174	0.07972433067539879	0.9967964787630826	0.6683139787600334	1.1842817037251068	0.5801630060251927	6483.4305808648605	2265.1250307306655	0.009067936284545892	12.526358024324397	16.136117977881415	2.1988910420323236
	gen65ind7	826.094418062883	0.07966053367898471	0.9968012626067129	0.6602976564658272	1.191833145536794	0.5808519660980594	6513.250293713493	2783.0978481387046	0.00846559412718241	12.514053749004267	16.128815937979994	2.2031776015907196
	gen60ind16	826.1205198699588	0.07972433067539879	0.9967964787630826	0.6683139787600334	1.1851851186345168	0.5801381212940955	6483.4305808648605	2265.1250307306655	0.009932238585581007	12.526949283868936	16.136117977881415	2.1931248723564303
	gen60ind0	826.1497674094217	0.07972697563177002	0.9967850757355363	0.6625301107680308	1.1860725851843017	0.5803736248839513	6487.24216517509	2162.4181374216305	0.009738949697034475	12.522260944354784	16.119441721715273	2.1911968076354746
	gen59ind10	826.1591237015841	0.07972697563177002	0.99676888886436	0.6681739082394351	1.184551790870687	0.5801381212940955	6483.4305808648605	2265.1250307306655	0.009932238585581007	12.526949283868936	16.1403536701364	2.1911968076354746
	gen58ind14	826.2745647839456	0.07972697563177002	0.9967850757355363	0.6625301107680308	1.1866564405158448	0.5803736248839513	6487.24216517509	2216.0498509888466	0.009738949697034475	12.522260944354784	16.119441721715273	2.1911968076354746
	gen63ind18	826.435492086966	0.07972308528768439	0.9967988706848978	0.6641597100264238	1.1843978510467954	0.580196742635469	6486.048639862776	2265.1250307306655	0.009932238585581007	12.526949283868936	16.08824855418044	2.196376540610461
	gen62ind18	826.5700841431507	0.07972697563177002	0.9967850757355363	0.6641705521358573	1.1866564405158448	0.5803736248839513	6487.24216517509	2216.0498509888466	0.00922822145136997	12.522260944354784	16.136008983928264	2.1911968076354746
	gen63ind19	826.7901308313574	0.07989904949808782	0.9967644760750827	0.6715948614956864	1.1868071425518956	0.5804520296044369	6512.745143596276	2449.5897135799787	0.008438063012020661	12.527123783432094	16.194631962648696	2.180411946957155
	gen58ind12	826.814600444461	0.07989904949808782	0.9967644760750827	0.6715948614956864	1.1868398771866633	0.5804520296044369	6512.745143596276	2428.4678215842882	0.008438063012020661	12.527123783432094	16.190671626622528	2.180411946957155
	gen62ind17	826.8803258859821	0.0797268985412988	0.9967964787630826	0.6683139787600334	1.1851851186345168	0.5800507258055796	6470.4265165956585	2265.1250307306655	0.009790861965302173	12.526949283868936	16.111212587585356	2.1931248723564303
	gen61ind3	826.9879963736952	0.07972183989996999	0.9967810290177423	0.6811711028126541	1.1896560998090102	0.5807513190833017	6513.250293713493	2636.8269920485436	0.008438063012020661	12.511517233456793	16.18705055178454	2.192929663484107
	gen61ind16	827.0461578530595	0.07972433067539879	0.9967957416372466	0.6683139787600334	1.1854405184671823	0.5801381212940955	6480.219957477603	2265.1250307306655	0.009789084011467731	12.526949283868936	16.136117977881415	2.1931248723564303
	gen58ind18	827.1759990198535	0.07972697563177002	0.99676888886436	0.6519161259209525	1.1864722463973048	0.5803736248839513	6483.4305808648605	2265.1250307306655	0.00950559832466404	12.528199082980102	16.119441721715273	2.1911968076354746
	gen63ind8	827.2888545184232	0.07976370659223604	0.9967715540940703	0.6918006586345598	1.1918120774470693	0.5807593843270441	6504.075127349901	3034.8806912438768	0.008152810984846498	12.500889870033465	16.17297350273599	2.20544738001106
	gen62ind2	827.318882279371	0.0798091993113145	0.9967650276737423	0.6811711028126541	1.1904834790850836	0.5809082732384724	6527.907575079201	2636.8269920485436	0.007690975225240489	12.511517233456793	16.18705055178454	2.192929663484107
	gen60ind12	827.476640934404	0.07963785559644465	0.9968288525054355	0.6717349320162846	1.189076074912887	0.580940166182977	6526.254357982694	2671.4381275582455	0.007787619669513754	12.51696774795385	16.189922200348473	2.214500730919808
	gen61ind9	827.5449715559347	0.07962911898478783	0.9968658245642419	0.6741123028979473	1.189076074912887	0.5807351885958169	6518.758132891649	2673.82457705276	0.008435948769915887	12.519895906176627	16.169252502307394	2.2026428548989037
	gen62ind6	827.8595939998851	0.07971927203406998	0.9967940868412675	0.6885100437685575	1.1899845404858804	0.5808690708782296	6508.734839094093	3004.9057021879503	0.00815175386379411	12.50380120825072	16.164635374652917	2.20544738001106
	gen61ind7	828.0417104922142	0.0795617290715618	0.996805309324507	0.6715948614956864	1.189076074912887	0.580940166182977	6526.254357982694	2659.1693326227905	0.007787619669513754	12.519895906176627	16.194157892603457	2.2125726661988523
	gen59ind19	828.1030179518992	0.0795617290715618	0.9968012626067129	0.6715948614956864	1.189076074912887	0.580940166182977	6526.254357982694	2671.4381275582455	0.007787619669513754	12.519895906176627	16.194157892603457	2.2125726661988523
	gen60ind8	828.1070297039734	0.07972697563177002	0.9967791886945868	0.6671202607735578	1.1863805280618955	0.5803736248839513	6483.4305808648605	2265.1250307306655	0.009932238585581007	12.521195658024226	16.094536331419214	2.1911968076354746
	gen62ind12	828.1591333199184	0.07972183989996999	0.9967810290177423	0.6853253715462637	1.1896560998090102	0.5808697253183936	6513.250293713493	2636.8269920485436	0.008438063012020661	12.511517233456793	16.20726883394824	2.192929663484107
	gen60ind15	828.2819498928974	0.07956429693746181	0.9968174494778892	0.6741123028979473	1.189076074912887	0.5807351885958169	6525.489446554038	2673.82457705276	0.008172616821819351	12.519895906176627	16.169252502307394	2.20544738001106
	gen62ind7	828.3246904409432	0.07947312427250289	0.996805309324507	0.6715948614956864	1.189076074912887	0.580940166182977	6526.254357982694	2659.1693326227905	0.007787619669513754	12.519895906176627	16.194157892603457	2.2250903827258046
	gen61ind0	828.4344363490262	0.07990029488580222	0.9967620841532676	0.6715948614956864	1.1846955660936471	0.5802638369449257	6497.83528717196	2181.87426443186	0.009185150798800834	12.534839808638164	16.190671626622528	2.1742771938651773
	gen61ind19	828.5181018532026	0.07972440776587	0.9967850757355363	0.6732250022655306	1.1884584467278372	0.5805624719836264	6487.24216517509	2462.643408141275	0.009738949697034475	12.517421732071067	16.119441721715273	2.1911968076354746
	gen58ind19	828.5483077000811	0.07990466928446469	0.9964897016242689	0.6715948614956864	1.1868398771866633	0.5803249450984873	6521.4768030424375	2432.9563447769096	0.00918098582174157	12.533768196044203	16.200216628395186	2.1747601327334682
	gen61ind8	828.86308598455	0.0795785189248792	0.9967321023327299	0.6665599786911645	1.189968742067352	0.580357206073457	6464.083104007896	2428.18344578788	0.008968955392423282	12.522187338069294	16.168262412993123	2.2020906512959013
	gen61ind14	828.8868556172237	0.07973714090849127	0.9967791886945868	0.6549743912757895	1.1846243810176076	0.5803736248839513	6483.4305808648605	2018.5314735782372	0.009932238585581007	12.534239464457709	16.094536331419214	2.1911968076354746
	gen57ind15	829.0225849435487	0.07972697563177002	0.99676888886436	0.6671202607735578	1.1864722463973048	0.5803736248839513	6483.4305808648605	2265.1250307306655	0.009932238585581007	12.526949283868936	16.119441721715273	2.1911968076354746
	gen57ind6	829.1524644206772	0.07956429693746181	0.9968012626067129	0.6715948614956864	1.189076074912887	0.5807513190833017	6513.250293713493	2671.4381275582455	0.008438063012020661	12.519895906176627	16.169252502307394	2.20544738001106
	gen60ind17	829.2218154136683	0.07959468658074673	0.9966997285903771	0.6612585741307849	1.1872695071248087	0.5800080741204738	6496.893208189638	2089.273036610208	0.0095932356130002	12.541207031086273	16.112093945347347	2.1987339225807423
	gen59ind14	829.3774609122213	0.0795058397543994	0.9968474156460109	0.6612585741307849	1.1872695071248087	0.5801807729792012	6496.893208189638	2251.950936739514	0.009964697017860654	12.535453405241563	16.096611882303453	2.2069522600317457
	gen60ind7	829.3994575729769	0.07974217045341248	0.99676888886436	0.664218304773021	1.1864722463973048	0.5800883518319011	6483.4305808648605	2265.1250307306655	0.009932238585581007	12.53760484632376	16.119441721715273	2.1911968076354746
	gen60ind3	829.4954053758702	0.07950477698854633	0.9967321023327299	0.6734973904779946	1.1899663834612815	0.580260780121082	6464.083104007896	2428.18344578788	0.008968955392423282	12.52398843045055	16.168262412993123	2.209627766241169
	gen60ind9	829.5113669958818	0.07972183989996999	0.9967997883550407	0.6885100437685575	1.1899845404858804	0.5807513190833017	6506.8290469389785	2758.312145035522	0.00815175386379411	12.511517233456793	16.15852408665049	2.20544738001106
	gen61ind11	829.577095366642	0.07964820415051593	0.9967769822999482	0.6706913496416961	1.184352957916856	0.5802484622854449	6483.4305808648605	2265.1250307306655	0.009799515490480352	12.531138620228852	16.1403536701364	2.1911968076354746
	gen57ind0	829.6358308585219	0.0799865107568732	0.9968056753959902	0.6879966954994797	1.189005290282238	0.5811946381476096	6513.46087205691	2639.5560107310966	0.006788497053399988	12.51307699400136	16.142604582190664	2.211036352481621
	gen56ind12	829.6358308585219	0.0799865107568732	0.9968056753959902	0.6879966954994797	1.189005290282238	0.5811946381476096	6513.46087205691	2639.5560107310966	0.006788497053399988	12.51307699400136	16.142604582190664	2.211036352481621
	gen57ind14	829.6710903548745	0.07986997797406367	0.996743876414629	0.6607487189322802	1.1881980700151646	0.5805327640537645	6465.883606991302	2428.18344578788	0.008703509202221972	12.525863129117297	16.149431428362387	2.159839751821225
	gen62ind0	829.6773062709024	0.07947436966021729	0.9968012626067129	0.6699544201278599	1.189076074912887	0.5807956543933548	6511.597076616987	2589.766732131434	0.00829834791517826	12.519895906176627	16.1668810682329	2.2218122137364364
	gen59ind12	829.7900672254134	0.07973914284744976	0.99676888886436	0.6646028193712968	1.1864722463973048	0.5804632974572189	6483.4305808648605	2265.1250307306655	0.009802315224217683	12.528748111780079	16.119441721715273	2.197782056733916
	gen57ind8	829.8073056129404	0.07990466928446469	0.9967644760750827	0.6715948614956864	1.1868398771866633	0.5803249450984873	6488.561409688986	2432.9563447769096	0.008438063012020661	12.533768196044203	16.169252502307394	2.1747601327334682
	gen58ind11	829.8450160255863	0.07956958685020427	0.9967460828092676	0.6713147204544897	1.1878094193852275	0.5807513190833017	6478.887671260503	2752.9673350868525	0.008438063012020661	12.517373549902347	16.17772388681736	2.2015912505691486
	gen59ind13	829.9533350414446	0.07950477698854633	0.9967321023327299	0.6665599786911645	1.1899663834612815	0.580357206073457	6464.083104007896	2428.18344578788	0.008968955392423282	12.52398843045055	16.168262412993123	2.205859208768535
	gen56ind15	830.0251940494754	0.0795982267595513	0.996743876414629	0.6591280908858195	1.1881980700151646	0.5805327640537645	6480.133841158671	2428.18344578788	0.008703509202221972	12.525863129117297	16.149431428362387	2.1712684412272205
	gen60ind5	830.0472232105793	0.07994382698784003	0.9967607954287718	0.6907473441296218	1.1868398771866633	0.5804596300160136	6512.745143596276	2428.4678215842882	0.008438063012020661	12.527123783432094	16.204848601261688	2.180411946957155
	gen58ind16	830.3332519235873	0.0795886313688213	0.9967321023327299	0.6665599786911645	1.1887113569359655	0.5804665412426092	6464.083104007896	2428.18344578788	0.008968955392423282	12.523493561998912	16.113284763948656	2.212466663257503
	gen61ind13	830.4009595373021	0.07959597051369674	0.9966997285903771	0.6657909494946127	1.1864675291851636	0.5800782841856211	6496.893208189638	2360.4041836335455	0.009598073265540734	12.541207031086273	16.087188555051288	2.1951712794868463
	gen62ind1	830.6764897632941	0.07950477698854633	0.996752518957442	0.6665599786911645	1.1899663834612815	0.580601274362727	6464.083104007896	2428.18344578788	0.008968955392423282	12.520374491822817	16.170005545983585	2.221939568389384
	gen59ind8	830.7416749338489	0.07972697563177002	0.99676888886436	0.6671202607735578	1.1864722463973048	0.5806056863775652	6483.4305808648605	2299.0146618078325	0.009538555759546201	12.526949283868936	16.119441721715273	2.1911968076354746
	gen59ind16	830.7649918930506	0.0795886313688213	0.9967321023327299	0.6763993464785314	1.1903032836418181	0.5806553883422845	6464.083104007896	2428.18344578788	0.008968955392423282	12.515152637237257	16.113284763948656	2.219591949445296
	gen58ind9	830.8405785910847	0.07959468658074673	0.9966997285903771	0.6657909494946127	1.1872695071248087	0.5801807729792012	6496.893208189638	2360.4041836335455	0.009756321044492894	12.541207031086273	16.13699933564341	2.1987339225807423
	gen60ind19	830.9401737226348	0.07950477698854633	0.9967321023327299	0.6665599786911645	1.1899663834612815	0.580357206073457	6464.083104007896	2428.18344578788	0.008968955392423282	12.528177766810469	16.168262412993123	2.205859208768535
	gen60ind4	830.9693453237938	0.07959468658074673	0.9966997285903771	0.6657909494946127	1.1864675291851636	0.5801807729792012	6496.893208189638	2360.4041836335455	0.009405574689387936	12.541207031086273	16.09964125019932	2.1987339225807423
	gen57ind7	831.03250435709	0.07972697563177002	0.99676888886436	0.6656834057590181	1.1874721190335968	0.5806256648473552	6483.4305808648605	2307.412391658745	0.009932238585581007	12.526949283868936	16.119441721715273	2.1911968076354746
	gen56ind1	831.0475906378272	0.07972697563177002	0.99676888886436	0.6671202607735578	1.1864722463973048	0.5806056863775652	6483.4305808648605	2265.1250307306655	0.009932238585581007	12.526949283868936	16.119441721715273	2.1911968076354746
	gen62ind13	831.0699252083125	0.07950220912264631	0.9967401957683182	0.6641161865856805	1.1917656369830532	0.5805453987329682	6464.083104007896	2428.18344578788	0.008968955392423282	12.52398843045055	16.159794463077375	2.203629181451201
	gen58ind15	831.0914867876462	0.07973126075429315	0.99676888886436	0.6656834057590181	1.1874721190335968	0.5806789102549836	6483.4305808648605	2307.412391658745	0.009932238585581007	12.525548638743668	16.119441721715273	2.1911968076354746
	gen55ind6	831.1226851437931	0.0795982267595513	0.9967321023327299	0.6566106494835586	1.1864722463973048	0.5803515173656661	6466.4869476997865	2330.0330863042427	0.009932238585581007	12.531830352057968	16.119441721715273	2.178169320514187
	gen56ind2	831.1239449544881	0.07958611633570044	0.9967321023327299	0.6665599786911645	1.1886644692034904	0.580357206073457	6464.083104007896	2428.18344578788	0.008968955392423282	12.528140018852287	16.14335702269706	2.1987339225807423
	gen57ind9	831.161616740288	0.07960957188421919	0.99676888886436	0.6671202607735578	1.1864722463973048	0.5806056863775652	6483.4305808648605	2180.508251457669	0.009473503506833165	12.526949283868936	16.119441721715273	2.1911968076354746
	gen55ind13	831.208044387646	0.07956429693746181	0.9967644760750827	0.6715948614956864	1.189076074912887	0.5807513190833017	6488.561409688986	2671.4381275582455	0.008438063012020661	12.519895906176627	16.169252502307394	2.1992961650606206
	gen58ind10	831.2204382225011	0.07960957188421919	0.99676888886436	0.6427129724946228	1.1864722463973048	0.5806056863775652	6483.4305808648605	2180.508251457669	0.009645929437354456	12.533623228544952	16.119441721715273	2.165931727606927
	gen61ind2	831.2560656565543	0.07945319761584996	0.9967666824697214	0.6715948614956864	1.189076074912887	0.580940166182977	6526.254357982694	2671.4381275582455	0.008053065859715065	12.526131504673506	16.194157892603457	2.2125726661988523
	gen59ind9	831.3106637456057	0.07984092525299658	0.99676888886436	0.6865528844486899	1.185864947199524	0.5806056863775652	6489.248486930891	2265.1250307306655	0.009380483247153145	12.524443734222448	16.13669717523774	2.1911968076354746
	gen60ind6	831.3793612492502	0.07962930104239835	0.9967321023327299	0.6665599786911645	1.1887113569359655	0.5804665412426092	6464.083104007896	2428.18344578788	0.008968955392423282	12.52556935619978	16.113284763948656	2.212466663257503
	gen54ind11	831.405153265205	0.0795982267595513	0.9967321023327299	0.6566106494835586	1.1876378953618887	0.5803515173656661	6471.706272628356	2330.0330863042427	0.009626578827192318	12.531830352057968	16.119441721715273	2.1712684412272205
	gen56ind4	831.4324380286386	0.07981653061127443	0.9967615275717383	0.7054252260414287	1.187496758540404	0.5803888257071048	6475.7189161399565	2320.920018653447	0.00786544471556756	12.518482462705935	16.147795670993588	2.221798601284316
	gen58ind6	831.4960210295216	0.0799865107568732	0.9968056753959902	0.6879966954994797	1.189005290282238	0.5813106688944165	6513.46087205691	2639.5560107310966	0.006788497053399988	12.51307699400136	16.142604582190664	2.211036352481621
	gen58ind4	831.5046367171456	0.07949386728942702	0.9967460828092676	0.6713147204544897	1.189076074912887	0.5807513190833017	6478.887671260503	2839.841352564129	0.007956421415441799	12.520491273668302	16.181210152798286	2.212916006644287
	gen57ind5	831.6126668552064	0.07959468658074673	0.9966997285903771	0.6657909494946127	1.1872695071248087	0.5800457001467954	6464.083104007896	2428.18344578788	0.008968955392423282	12.541207031086273	16.13699933564341	2.1987339225807423
	gen58ind1	831.6479229779213	0.07981632458337176	0.9968056753959902	0.6879966954994797	1.189005290282238	0.5814078251400168	6513.46087205691	2758.7969021217646	0.006788497053399988	12.50614084906757	16.142604582190664	2.211036352481621
	gen59ind6	831.6776850928269	0.07943393487702989	0.9967321023327299	0.6665599786911645	1.1888792841725633	0.5801540413446362	6439.7520842137055	2428.0412578896758	0.008968955392423282	12.528140018852287	16.14335702269706	2.1987339225807423
	gen56ind10	831.7123275658723	0.07959468658074673	0.9967321023327299	0.6665599786911645	1.1881980700151646	0.5804636968887138	6464.083104007896	2428.18344578788	0.008968955392423282	12.525338728601753	16.113284763948656	2.1987339225807423
	gen57ind16	831.8082720265429	0.07949386728942702	0.9967460828092676	0.6713147204544897	1.189076074912887	0.5807513190833017	6478.887671260503	2752.9673350868525	0.007956421415441799	12.520491273668302	16.181210152798286	2.2030647225332545
	gen54ind13	831.8665552694598	0.07999359111448236	0.9968056753959902	0.688699765435949	1.189076074912887	0.5809855096254106	6499.000059546124	2606.530071984668	0.008438063012020661	12.519895906176627	16.166585450766217	2.211088177454517
	gen59ind11	831.9668979248922	0.07960685379642647	0.9966997285903771	0.6632735080923517	1.187087148136348	0.580038384058855	6472.30961333684	2238.7768427483625	0.009978232765305796	12.543005858997414	16.13699933564341	2.2022435642039637
	gen59ind18	831.9720655005467	0.0795886313688213	0.9965925087126843	0.6665599786911645	1.188895172330645	0.5804665412426092	6464.083104007896	2428.18344578788	0.008593329010503564	12.526903018086546	16.153672217288612	2.2042483258064998
	gen58ind2	831.9872604913256	0.07981653061127443	0.9967431343059232	0.7054252260414287	1.187496758540404	0.5803888257071048	6466.045177711474	2320.920018653447	0.00786544471556756	12.517677185072344	16.144717192110278	2.2255671587569497
	gen59ind5	831.9982494449922	0.07966511622878152	0.9967181218561922	0.6657909494946127	1.1872695071248087	0.5801166948912211	6473.756842436378	2304.3458486227746	0.009702871046207087	12.541207031086273	16.14007781452672	2.1987339225807423
	gen53ind13	832.0046784317194	0.0798727936580444	0.9967321023327299	0.6615655767339501	1.1890055574526237	0.5804971500714027	6464.882825898913	2673.4556628189966	0.008531954741087526	12.53421182202467	16.12801181810307	2.187907175946994
	gen52ind0	832.014774039908	0.0799865107568732	0.9968056753959902	0.6894348575636329	1.189005290282238	0.5808911482453694	6513.46087205691	2601.9314807424325	0.007841308895670909	12.524449685646605	16.142604582190664	2.211036352481621
	gen55ind8	832.131623367966	0.07959468658074673	0.9967321023327299	0.6665599786911645	1.1881980700151646	0.580357206073457	6464.083104007896	2428.18344578788	0.008968955392423282	12.531830352057968	16.13699933564341	2.1987339225807423
	gen58ind17	832.3160557700412	0.07959468658074673	0.9967181218561922	0.6657909494946127	1.1872695071248087	0.5801166948912211	6464.083104007896	2304.3458486227746	0.009221229449628224	12.541207031086273	16.14007781452672	2.1987339225807423
	gen58ind5	832.3418268091176	0.07959468658074673	0.9967435053602761	0.6665599786911645	1.1868961557573736	0.5804636968887138	6466.354558810074	2428.18344578788	0.008968955392423282	12.528567733702069	16.113284763948656	2.1927999651318526
	gen61ind4	832.3824874011428	0.07950734485444634	0.9967321023327299	0.6734973904779946	1.1899663834612815	0.580260780121082	6451.079039738694	2279.012874853589	0.009245854841540103	12.5269663524079	16.168262412993123	2.2025289807887134
	gen59ind2	832.4230403284008	0.07966777630098942	0.9967607954287718	0.7029509882690893	1.189076074912887	0.5807513190833017	6484.705577326534	2671.4381275582455	0.008438063012020661	12.512325523257118	16.169252502307394	2.2272296018993147
	gen53ind4	832.4498157551399	0.0795982267595513	0.9967321023327299	0.6665599786911645	1.1881980700151646	0.5803515173656661	6471.706272628356	2428.18344578788	0.008968955392423282	12.531830352057968	16.13699933564341	2.1712684412272205
	gen55ind14	832.4571356102811	0.07999403012099818	0.9968056753959902	0.701938671666254	1.1883823201783499	0.5809968870409923	6483.753722305204	2790.1884359713913	0.007090745756096354	12.516587306751099	16.07222933148121	2.269173950751486
	gen53ind0	832.4775014048757	0.07940408476089036	0.9967512377072507	0.6448146326405496	1.1881980700151646	0.5800929123515493	6461.471102534193	2535.4468729223127	0.008968955392423282	12.53921101846933	16.12961035441738	2.137127878772921
	gen58ind8	832.5480060329685	0.07878771450299396	0.9973368310318027	0.6636836545628582	1.1898438962355777	0.5807937587034658	6447.630085350007	2619.781161866699	0.0068633317078814395	12.511021917256603	16.083594008563466	2.2203405058815253
	gen56ind18	832.5824899868448	0.0795982267595513	0.9967321023327299	0.6566106494835586	1.1866380227255968	0.5803515173656661	6457.855899406495	2330.0330863042427	0.009626578827192318	12.531830352057968	16.0954347343804	2.1712684412272205
	gen58ind7	832.5839060323268	0.07997236247901987	0.996763733966377	0.7136261430433253	1.187496758540404	0.5803888257071048	6475.824205311665	2320.920018653447	0.007040661736257222	12.518482462705935	16.134471710935223	2.221798601284316
	gen62ind11	832.5851399222595	0.07942472157434223	0.9967422191272152	0.6665599786911645	1.1899663834612815	0.5805700358583865	6470.585136142496	2428.18344578788	0.008968955392423282	12.52758650726593	16.168262412993123	2.213010995691665
	gen57ind18	832.772017012342	0.07906017223508291	0.9970068767835437	0.6536843771907771	1.1892506339630677	0.580357206073457	6464.083104007896	2428.18344578788	0.008968955392423282	12.531830352057968	16.13699933564341	2.1987339225807423
	gen59ind0	832.7987422690035	0.07959468658074673	0.9966997285903771	0.6657909494946127	1.1872695071248087	0.5802968037260081	6496.893208189638	2360.4041836335455	0.009756321044492894	12.541207031086273	16.13699933564341	2.1987339225807423
	gen59ind15	832.8383428498905	0.0795506172441516	0.996698254338705	0.6827061317674838	1.1872695071248087	0.58021271328351	6490.471961415124	2304.3860205718142	0.009756321044492894	12.53356416441714	16.126270919986506	2.1987339225807423
	gen51ind18	832.9616861854338	0.0799865107568732	0.9968056753959902	0.706357295521588	1.1884295569170553	0.58057176675428	6499.000059546124	2517.2207376207216	0.008260291642625851	12.524449685646605	16.157103690976744	2.2184364908028074
	gen56ind0	832.9663335181069	0.07933447342466396	0.996743876414629	0.6665599786911645	1.1889247165308874	0.5802244328597166	6471.706272628356	2428.18344578788	0.008968955392423282	12.531830352057968	16.123535948752057	2.1509714373872493
	gen59ind3	833.0242575519029	0.0797496131051487	0.99676888886436	0.6656834057590181	1.1874721190335968	0.5806256648473552	6480.865166452798	2061.9474536084567	0.009463828201752096	12.533812945053098	16.119441721715273	2.174514588908628
	gen57ind13	833.0610276319746	0.07883614271839146	0.9973552242976178	0.6636836545628582	1.1911104181780443	0.581204265335295	6447.630085350007	2806.996651866915	0.0068633317078814395	12.504085772322814	16.09517543880116	2.2243901845940983
	gen57ind10	833.0941932777051	0.07995903050840047	0.9968056753959902	0.701938671666254	1.1883823201783499	0.5809968870409923	6483.753722305204	2790.1884359713913	0.007356191946297664	12.516587306751099	16.06113076453282	2.269173950751486
	gen56ind3	833.1782335147961	0.07891748206554555	0.9973552242976178	0.6636836545628582	1.1911104181780443	0.581204265335295	6447.630085350007	2806.996651866915	0.0068633317078814395	12.504085772322814	16.09517543880116	2.2203405058815253
	gen61ind1	833.1817174859749	0.07970568012468174	0.9966997285903771	0.6753671908115804	1.1850594178739902	0.5800349284455573	6496.64063313103	2360.4041836335455	0.009405574689387936	12.549010306073924	16.09964125019932	2.1987339225807423
	gen60ind13	833.2885468764214	0.07940092663694126	0.9967644760750827	0.6713147204544897	1.1878094193852275	0.5809953873725717	6478.887671260503	2874.452488073831	0.008438063012020661	12.517373549902347	16.179467019807824	2.2176716101899974
	gen54ind5	833.3014170058011	0.07983303425465296	0.9968424619276204	0.688699765435949	1.1886316437105564	0.5808978837244518	6493.678994736067	2499.2666448502355	0.008438063012020661	12.522395504398958	16.166585450766217	2.214560822488527
	gen60ind14	833.3048295900606	0.07959468658074673	0.9966997285903771	0.6632735080923517	1.1872695071248087	0.5800457001467954	6439.7520842137055	2428.0412578896758	0.009234401582624592	12.541207031086273	16.13699933564341	2.2147612807309165
	gen55ind12	833.418381757877	0.07955930851529405	0.9967041413796545	0.6714003381087397	1.187963968891288	0.5801426024896303	6470.420614248989	2535.4468729223127	0.008968955392423282	12.536711420247	16.12721807034715	2.16495882004737
	gen55ind5	833.4491506567057	0.07987294089039046	0.9964249541395633	0.6765093078987703	1.1909925680483096	0.5800163863782763	6490.504418821038	2597.122350227845	0.009733135121884225	12.546834312781082	16.136771106853274	2.192381516560233
	gen52ind8	833.695291933164	0.07983303425465296	0.9968056753959902	0.688699765435949	1.189076074912887	0.5810054880952007	6499.000059546124	2606.530071984668	0.008438063012020661	12.522395504398958	16.166585450766217	2.214560822488527
	gen58ind13	833.7841522169442	0.07979956570022968	0.9967777144429146	0.7129173320474925	1.187496758540404	0.5805887265659226	6491.071671281202	2320.920018653447	0.007271186807981731	12.518482462705935	16.147795670993588	2.235812463201016
	gen54ind16	833.9018574534642	0.07992691299585566	0.9967409279112845	0.6864586371063762	1.187148164501526	0.5803888257071048	6471.706272628356	2320.920018653447	0.008968955392423282	12.531830352057968	16.14438831686944	2.1712684412272205
	gen56ind19	833.933515861746	0.07957553651021554	0.9967321023327299	0.6661924326273225	1.1890055574526237	0.5804971500714027	6464.882825898913	2680.4151739434883	0.008968955392423282	12.533184731400846	16.126414253677126	2.1941437515636864
	gen55ind11	834.1197248233685	0.0799865107568732	0.9968608551934355	0.7154287447474339	1.1884295569170553	0.5809968870409923	6490.806416809856	2673.9479624517153	0.006761934038711836	12.514369481143925	16.10982330436233	2.2660191401615606
	gen51ind1	834.2338084487811	0.07965227476132566	0.9967321023327299	0.6665599786911645	1.1890055574526237	0.5804971500714027	6464.882825898913	2731.747591889587	0.008968955392423282	12.53421182202467	16.11442381938935	2.192381516560233
	gen54ind15	834.3329430080403	0.07955930851529405	0.9967321023327299	0.6714003381087397	1.1877323688392996	0.5801426024896303	6471.706272628356	2535.4468729223127	0.008968955392423282	12.53921101846933	16.141602028643426	2.16495882004737
	gen54ind17	834.4373057336458	0.07990977250576309	0.9968056753959902	0.6975285304787685	1.1884295569170553	0.5810054880952007	6513.46087205691	2601.9314807424325	0.008349177327323256	12.524449685646605	16.157103690976744	2.2184364908028074
	gen56ind9	834.4434516741593	0.07955930851529405	0.996427160534202	0.6714003381087397	1.187963968891288	0.5800338029066603	6470.420614248989	2535.4468729223127	0.008968955392423282	12.540926153968226	16.12721807034715	2.16495882004737
	gen56ind14	834.473695598011	0.07955930851529405	0.9967321023327299	0.6714003381087397	1.1897609296128135	0.5802154188424986	6479.53526002121	2535.4468729223127	0.008968955392423282	12.53921101846933	16.141602028643426	2.1552252384806154
	gen56ind17	834.4781143327004	0.0795982267595513	0.9967321023327299	0.6715346432949674	1.1881980700151646	0.5803615066005612	6471.706272628356	2428.18344578788	0.008968955392423282	12.535520685263648	16.13699933564341	2.171886178590916
	gen60ind10	834.513021132324	0.0794861551250349	0.9966651484533857	0.6657909494946127	1.1872695071248087	0.5801807729792012	6472.30961333684	2360.4041836335455	0.009756321044492894	12.541207031086273	16.136504290986274	2.1989398369594797
	gen57ind1	834.6954293845805	0.07905118415172199	0.9967740437623431	0.6633187225982431	1.1915052390433536	0.5805371070109828	6499.508758953563	2764.989895799647	0.008094949866661046	12.540460817580495	16.189384098041327	2.221591301392733
	gen50ind17	834.7581302038074	0.0795982267595513	0.9967321023327299	0.6665599786911645	1.1881980700151646	0.5803515173656661	6471.706272628356	2535.4468729223127	0.008968955392423282	12.53921101846933	16.12961035441738	2.1712684412272205
	gen62ind19	834.8144381805956	0.07956429693746181	0.996794272368444	0.6693575611346221	1.1874382890393296	0.580940166182977	6526.254357982694	2412.5757754703623	0.007787619669513754	12.524735118460343	16.156799807159366	2.2125726661988523
	gen56ind6	834.8335893512904	0.07942493985669848	0.996693109406461	0.6714003381087397	1.1877323688392996	0.5801426024896303	6469.147480104815	2535.4468729223127	0.008968955392423282	12.537961219358166	16.141602028643426	2.157326491333417
	gen55ind1	834.8346338608184	0.0795982267595513	0.9967829427916056	0.6665599786911645	1.1881980700151646	0.5802154188424986	6462.336557610564	2428.18344578788	0.008968955392423282	12.542699829154323	16.13699933564341	2.1712684412272205
	gen54ind3	834.8845567642206	0.0795982267595513	0.9967321023327299	0.6665599786911645	1.1881980700151646	0.5803714958354562	6471.706272628356	2535.4468729223127	0.008599884335514377	12.53921101846933	16.12961035441738	2.172503915954611
	gen56ind16	834.9571123497818	0.0795982267595513	0.9967321023327299	0.6665599786911645	1.187685813943615	0.5803714958354562	6471.706272628356	2540.0034067477104	0.008599884335514377	12.53921101846933	16.1171370568403	2.172503915954611
	gen54ind9	834.98256662085	0.07965227476132566	0.9967321023327299	0.6765093078987703	1.1909925680483096	0.5804971500714027	6479.573605726762	2731.747591889587	0.008968955392423282	12.53421182202467	16.11355781193214	2.192381516560233
	gen57ind12	835.0240440410267	0.07948730474428745	0.9967321023327299	0.6566106494835586	1.1866380227255968	0.5803889529564706	6457.855899406495	2383.664799871459	0.009626578827192318	12.535258485005876	16.0954347343804	2.1712684412272205
	gen55ind10	835.1015186293514	0.07992691299585566	0.9967409279112845	0.7054252260414287	1.187496758540404	0.5803888257071048	6477.72999746678	2320.920018653447	0.00786544471556756	12.531830352057968	16.14438831686944	2.221798601284316
	gen56ind11	835.1121057679682	0.079809333669257	0.9967409279112845	0.6889760785086372	1.1864215179858033	0.5805159102130544	6474.914516230101	2320.920018653447	0.008968955392423282	12.531830352057968	16.15785170376079	2.1915654450671918
	gen55ind0	835.1712259774217	0.0799865107568732	0.9968056753959902	0.7093335159788445	1.1874702570099493	0.5809968870409923	6516.262156132705	2790.1884359713913	0.007549299690781447	12.524492373678006	16.119014490927817	2.2613929759480564
	gen61ind12	835.1991052820829	0.07956492660628899	0.9966570550177976	0.6657909494946127	1.1869126834593609	0.5801807729792012	6466.190036916567	2360.4041836335455	0.009803743974689902	12.543253293223234	16.09964125019932	2.200824115695797
	gen56ind7	835.2488850021938	0.07905118415172199	0.9967740437623431	0.6633187225982431	1.1910053027252077	0.5805371070109828	6492.5835723426335	2764.989895799647	0.008094949866661046	12.540460817580495	16.17738060437389	2.221591301392733
	gen54ind10	835.2715611579803	0.0799865107568732	0.9968056753959902	0.7093335159788445	1.1884295569170553	0.5809968870409923	6483.753722305204	2790.1884359713913	0.006761934038711836	12.520277639956781	16.08330948494529	2.2660191401615606
	gen52ind3	835.3403345286505	0.0799865107568732	0.9968056753959902	0.706357295521588	1.1884295569170553	0.5810054880952007	6527.107765515795	2577.188651882324	0.008260291642625851	12.524449685646605	16.157103690976744	2.2091154278636917
	gen57ind11	835.3683471941874	0.07905118415172199	0.9967740437623431	0.6633187225982431	1.1910053027252077	0.5805371070109828	6492.5835723426335	2764.989895799647	0.008094949866661046	12.540460817580495	16.16320362973473	2.221591301392733
	gen59ind4	835.4096496168947	0.07926270889974231	0.9967321023327299	0.6665599786911645	1.1886644692034904	0.580357206073457	6431.272999826153	2495.9627079422144	0.008968955392423282	12.528140018852287	16.14335702269706	2.206180485515975
	gen59ind1	835.4406201447224	0.0788513375400339	0.9973125507250382	0.6653140739261492	1.1914169514825264	0.58110783938292	6452.455606857281	2806.996651866915	0.0068633317078814395	12.513558815688558	16.10395424576523	2.224109063354159
	gen57ind3	835.6374461526516	0.07979988812233724	0.9968056753959902	0.701938671666254	1.1871986864000292	0.5809968870409923	6483.753722305204	2654.2392387522964	0.007090745756096354	12.520277639956781	16.07222933148121	2.269173950751486
	gen56ind5	835.7591513810437	0.0795982267595513	0.9968012626067129	0.6752096923547691	1.1885319074247989	0.5803714958354562	6471.706272628356	2535.4468729223127	0.008599884335514377	12.53921101846933	16.149294044626913	2.172503915954611
	gen53ind1	835.7775740775968	0.0799865107568732	0.9968056753959902	0.7137440460632002	1.1884295569170553	0.5809968870409923	6499.000059546124	2601.9314807424325	0.007829485062992947	12.523078930207314	16.11161041459244	2.2896031649493542
	gen55ind16	835.8144637816919	0.07999737737280514	0.9968056753959902	0.6986490946435548	1.1885511221560678	0.58102414226592	6499.000059546124	2606.530071984668	0.008438063012020661	12.522395504398958	16.166585450766217	2.214560822488527
	gen49ind11	835.8354219093686	0.0799865107568732	0.9968056753959902	0.706357295521588	1.1884295569170553	0.5810054880952007	6513.46087205691	2601.9314807424325	0.008260291642625851	12.524449685646605	16.157103690976744	2.2184364908028074
	gen55ind15	835.869284010259	0.07979495716952989	0.99709016443548	0.6484213648611074	1.1880741551008938	0.5800793203193311	6428.081577385731	2603.9169146392796	0.009819252525561031	12.553569306250676	16.157928143483097	2.1524486164472756
	gen54ind19	835.8802755169867	0.07891748206554555	0.9973184377659876	0.6636836545628582	1.190994674727099	0.5811041298758831	6433.983191891122	2806.996651866915	0.0068633317078814395	12.511466438734177	16.09517543880116	2.2203405058815253
	gen51ind11	835.9888318965392	0.0799865107568732	0.9968751554880151	0.706357295521588	1.1903209923245313	0.5813328095755459	6471.706272628356	2651.4171384626497	0.007701297201791325	12.508389540316365	16.124173656373323	2.237078616681038
	gen57ind19	836.0168969117678	0.07983303425465296	0.9968792484592506	0.7043678143616721	1.1886316437105564	0.5808978837244518	6493.678994736067	2499.2666448502355	0.008438063012020661	12.522395504398958	16.166585450766217	2.226707192108088
	gen57ind2	836.2444623927663	0.07979059866880997	0.9968056753959902	0.6975285304787685	1.1882127700693594	0.5810054880952007	6513.46087205691	2566.3898812112548	0.008349177327323256	12.524449685646605	16.14231063341534	2.2105230408489147
	gen54ind7	836.3353890416577	0.07905118415172199	0.9967232767541753	0.6633187225982431	1.1910053027252077	0.5805371070109828	6492.5835723426335	2731.747591889587	0.008094949866661046	12.546591684880694	16.162437794059095	2.194852466015014
	gen51ind15	836.3987048140384	0.07891748206554555	0.9973184377659876	0.6725124196056776	1.1906714157291831	0.5811041298758831	6441.213598146515	2804.697356245797	0.0068633317078814395	12.511466438734177	16.09517543880116	2.2222783400386654
	gen48ind9	836.399082518447	0.0795982267595513	0.9967321023327299	0.6665599786911645	1.188470629576638	0.5804971500714027	6471.706272628356	2731.747591889587	0.008968955392423282	12.53921101846933	16.14232572852469	2.1712684412272205
	gen53ind8	836.4392939009524	0.0799865107568732	0.9968056753959902	0.706357295521588	1.1884295569170553	0.5810054880952007	6527.893290245929	2502.847838611868	0.009047657294695463	12.529914218478996	16.157103690976744	2.214577732027738
	gen58ind3	836.469968081813	0.07961812402540101	0.9967321023327299	0.6750005552568028	1.1866380227255968	0.5805878793863842	6457.855899406495	2330.0330863042427	0.009626578827192318	12.531830352057968	16.0954347343804	2.1712684412272205
	gen52ind12	836.4822112316989	0.07954547296343575	0.9967321023327299	0.6994236614780615	1.18780159553942	0.5802829379990839	6471.706272628356	2651.4171384626497	0.008537200856453202	12.532603057751706	16.121589695729966	2.219985033708099
	gen53ind14	836.6236280564503	0.07979495716952989	0.9968337832504813	0.6712462955691005	1.1880741551008938	0.5800793203193311	6452.966842592772	2603.9169146392796	0.009768553690976229	12.553569306250676	16.15199516655516	2.175287933587293
	gen57ind4	836.6403745267822	0.07924532615038293	0.9967740437623431	0.6777530249050732	1.1914089128587442	0.5805371070109828	6492.5835723426335	2870.6761782712556	0.007137443792250054	12.540460817580495	16.173967181288027	2.221591301392733
	gen48ind4	836.7293265655284	0.0799865107568732	0.9968056753959902	0.706357295521588	1.1884295569170553	0.5810054880952007	6499.000059546124	2601.9314807424325	0.008260291642625851	12.524449685646605	16.157103690976744	2.2184364908028074
	gen53ind17	836.7561538355457	0.07908460006331933	0.9973184377659876	0.6839498590419119	1.1906714157291831	0.5813011289628665	6465.502621225514	2739.7893006722197	0.006299508459505253	12.511466438734177	16.109265820201816	2.2316057579993593
	gen56ind8	836.82455597089	0.07998565771615011	0.9968306878457214	0.7056149477088202	1.1878419855243147	0.5808978837244518	6493.678994736067	2499.2666448502355	0.008438063012020661	12.528362727339628	16.15415335804724	2.225812040600375
	gen51ind0	836.8649301097266	0.07975446829477799	0.9968056753959902	0.706357295521588	1.1884295569170553	0.5810054880952007	6499.000059546124	2561.766254028964	0.007955359703696202	12.522395504398958	16.16376718463042	2.2457692322133003
	gen53ind16	836.8926261304641	0.07891748206554555	0.9973184377659876	0.6725124196056776	1.1906714157291831	0.5811041298758831	6434.390151417073	2804.697356245797	0.0068633317078814395	12.511466438734177	16.09517543880116	2.2222783400386654
	gen54ind6	836.92456426795	0.07860973981872628	0.9973463987190632	0.6725124196056776	1.1914333209750376	0.5811041298758831	6449.844646439806	2804.697356245797	0.006373136421038298	12.513966036956507	16.09517543880116	2.205438660448888
	gen53ind5	836.9777687785668	0.0796931623940888	0.9967321023327299	0.6864586371063762	1.1893184193217166	0.5807869754957776	6509.642189166239	2731.747591889587	0.0076537085228852095	12.53921101846933	16.164725582273654	2.194852466015014
	gen50ind10	837.0534281605933	0.0799865107568732	0.9968056753959902	0.706357295521588	1.1884295569170553	0.5809968870409923	6499.000059546124	2601.9314807424325	0.007814745880982757	12.530459596618677	16.104221433366412	2.2660191401615606
	gen54ind1	837.1140179675533	0.07911162406420649	0.9973184377659876	0.6924110780208894	1.1906714157291831	0.5814311152406504	6462.090897860793	2837.939660155857	0.006508999832982724	12.504085772322814	16.09517543880116	2.2222783400386654
	gen55ind18	837.295300041401	0.07979495716952989	0.9968337832504813	0.6712462955691005	1.1880741551008938	0.5800793203193311	6452.966842592772	2552.584496693181	0.00981299653332493	12.553569306250676	16.156736046449897	2.175287933587293
	gen55ind7	837.3858250950776	0.0788391080902216	0.9967880242388809	0.6554900853187722	1.1905293679443325	0.5804971500714027	6482.144922485495	2642.574278791193	0.008254011008938309	12.53921101846933	16.127532670963284	2.13879228926703
	gen51ind13	837.6074782486472	0.07952604439631503	0.9967321023327299	0.6864586371063762	1.1910023300777732	0.5805371070109828	6505.771970251097	2808.567418432889	0.008230813278605472	12.53921101846933	16.14019600862511	2.194852466015014
	gen59ind7	837.832415362068	0.07948376456548287	0.9966997285903771	0.6459738112212048	1.1872695071248087	0.5800583262171564	6474.6702500327365	2428.18344578788	0.008968955392423282	12.552569315276443	16.13160116796832	2.1987339225807423
	gen57ind17	837.8453565912272	0.07937149847803678	0.9968056753959902	0.6975285304787685	1.1884295569170553	0.581109177242352	6513.46087205691	2610.3355886901945	0.008349177327323256	12.518198918432462	16.157103690976744	2.194019768367827
	gen55ind3	837.8529928278784	0.07947858027627358	0.9965353137344537	0.6975285304787685	1.1884295569170553	0.5810054880952007	6513.46087205691	2601.9314807424325	0.008349177327323256	12.524449685646605	16.157103690976744	2.2184364908028074
	gen61ind17	837.9724064579619	0.07948358725913487	0.9966997285903771	0.6712745893495946	1.1864675291851636	0.5801243505977666	6496.893208189638	2360.4041836335455	0.009405574689387936	12.544464707625803	16.09964125019932	2.1987339225807423
	gen50ind7	838.0101833062839	0.07952604439631503	0.9967321023327299	0.6864586371063762	1.1896064195895009	0.5805371070109828	6492.5835723426335	2731.747591889587	0.008230813278605472	12.53921101846933	16.169826775285124	2.194852466015014
	gen54ind12	838.0235303555339	0.0797500209435032	0.9967321023327299	0.6864586371063762	1.1890304190539323	0.5810368439805724	6526.700805989845	2731.747591889587	0.007295104092832825	12.537334905766334	16.152830389905326	2.194852466015014
	gen50ind15	838.109671561633	0.07891748206554555	0.9973184377659876	0.6924110780208894	1.1900727162280647	0.5813539983606779	6441.213598146515	2739.7893006722197	0.006655298009070082	12.50709072780885	16.09517543880116	2.2696536895058355
	gen53ind3	838.1373098550605	0.07952604439631503	0.9967321023327299	0.675021197670142	1.1896064195895009	0.5805371070109828	6468.294549263635	2796.6556474631643	0.008230813278605472	12.53921101846933	16.155736393884467	2.1855250480543202
	gen52ind19	838.2132601105556	0.07952604439631503	0.9967321023327299	0.6864586371063762	1.1921720912065363	0.5805371070109828	6501.087832284053	2808.567418432889	0.008230813278605472	12.53921101846933	16.127878339502953	2.194852466015014
	gen54ind18	838.2521276660947	0.07863676381961346	0.9973463987190632	0.6692711635127564	1.1906714157291831	0.5811041298758831	6434.390151417073	2804.697356245797	0.0068633317078814395	12.511466438734177	16.09517543880116	2.2159951981153942
	gen52ind15	838.3193476125563	0.07979632125908437	0.9968424619276204	0.706357295521588	1.1893113177780341	0.5812649543033828	6499.000059546124	2577.5480871857812	0.007955359703696202	12.522395504398958	16.17278945130196	2.2457692322133003
	gen52ind16	838.3201592472296	0.07954547296343575	0.9968897051566323	0.6712462955691005	1.1880741551008938	0.5800793203193311	6452.966842592772	2610.5330411422665	0.009526305231107755	12.553569306250676	16.16544373843589	2.175287933587293
	gen56ind13	838.6013853853079	0.07903679026768712	0.9967880242388809	0.6690774200934254	1.1905293679443325	0.580694206576325	6494.38407532604	2731.747591889587	0.007988564818736998	12.53324379552866	16.15845231185668	2.1589832786206173
	gen54ind8	838.6414964872375	0.07954547296343575	0.9967321023327299	0.7093729906856674	1.18780159553942	0.5802829379990839	6471.706272628356	2586.5090828890725	0.008840492416323523	12.532603057751706	16.117778750081513	2.219985033708099
	gen52ind10	838.7491506925878	0.07941956082713897	0.9967321023327299	0.6665599786911645	1.189174689529536	0.5805024472676856	6464.475866372963	2731.747591889587	0.009338026449332187	12.53921101846933	16.153920380145728	2.1712684412272205
	gen43ind12	838.7916848641078	0.07954547296343575	0.9967321023327299	0.6994236614780615	1.18780159553942	0.5804971500714027	6471.706272628356	2651.4171384626497	0.00871531019834242	12.535102655974036	16.115428584763226	2.219985033708099
	gen53ind6	838.9544123611275	0.07903679026768712	0.9967880242388809	0.6600774665053218	1.191227323188469	0.5804971500714027	6471.706272628356	2731.747591889587	0.007988564818736998	12.53921101846933	16.14232572852469	2.158702157380678
	gen53ind2	839.0054890416498	0.07903679026768712	0.9967880242388809	0.6665599786911645	1.1905293679443325	0.5804971500714027	6482.144922485495	2731.747591889587	0.007988564818736998	12.53921101846933	16.14232572852469	2.158702157380678
	gen51ind12	839.0166437074187	0.07891748206554555	0.9973184377659876	0.6972671582048215	1.1900727162280647	0.5813539983606779	6441.213598146515	2739.7893006722197	0.006655298009070082	12.50709072780885	16.09517543880116	2.2696536895058355
	gen54ind4	839.0802565772527	0.07949067600414515	0.9968337832504813	0.6712462955691005	1.1886066531707349	0.5800793203193311	6452.966842592772	2640.3917968173846	0.009768553690976229	12.553569306250676	16.15199516655516	2.175287933587293
	gen51ind10	839.1528550117139	0.07990280482826043	0.9967321023327299	0.6994236614780615	1.1866660351950977	0.5804865556788367	6474.251101833001	2505.4597588552206	0.00797716808452461	12.541793164846691	16.139059157633667	2.206284806739431
	gen49ind2	839.2796143754911	0.07904650455124748	0.9967321023327299	0.6665599786911645	1.1896269559192922	0.5804971500714027	6471.706272628356	2731.747591889587	0.008230813278605472	12.53921101846933	16.14232572852469	2.1712684412272205
	gen52ind14	839.3441514101319	0.07954547296343575	0.9966202585204279	0.6994236614780615	1.18780159553942	0.5804971500714027	6471.706272628356	2718.515338883614	0.00871531019834242	12.535102655974036	16.115428584763226	2.219985033708099
	gen53ind18	839.4831717256807	0.07954547296343575	0.9971828728732612	0.6742225160263571	1.189310827957903	0.5804556265744396	6452.966842592772	2610.5330411422665	0.008473493388836833	12.539697016383098	16.14822628062778	2.2007928829930155
	gen54ind0	839.5938290180824	0.07897713616661634	0.9967880242388809	0.6665599786911645	1.1905293679443325	0.5804971500714027	6463.486861879854	2731.747591889587	0.007425948263309219	12.53921101846933	16.14232572852469	2.190490248709672
	gen52ind17	839.6576729313516	0.07954547296343575	0.9968897051566323	0.6948383292551183	1.187485723764671	0.5804971500714027	6462.99853292396	2485.3771454984862	0.00871531019834242	12.543525397257454	16.162248460875745	2.245443416807242
	gen55ind17	839.67846425816	0.07868647806983639	0.9973280054532481	0.6725124196056776	1.191332277578287	0.5811536315341533	6444.882010224374	2804.697356245797	0.005535071934383885	12.513966036956507	16.053537455890698	2.205438660448888
	gen46ind2	839.7065125589487	0.0795836199324545	0.9967321023327299	0.7133746452944811	1.1875317989652838	0.5804971500714027	6493.599187794796	2446.7888309348455	0.00871531019834242	12.539256408845253	16.162248460875745	2.27364352509854
	gen54ind2	839.7926217998203	0.07912336651495827	0.9967321023327299	0.6665599786911645	1.1898695127123449	0.580459841729964	6458.059379169472	2839.01101902402	0.008833091980478856	12.53921101846933	16.14232572852469	2.1712684412272205
	gen50ind16	839.8884912049853	0.07971125124091713	0.9968056753959902	0.6886826421817644	1.1884295569170553	0.5810054880952007	6499.000059546124	2605.8015429295247	0.008756185296575188	12.53444807853593	16.18736645587003	2.2184364908028074
	gen53ind11	839.8907660634675	0.07907546986062289	0.9966210006291336	0.6795250030628497	1.1884002950405386	0.5804971500714027	6471.706272628356	2718.515338883614	0.009017485563990218	12.535102655974036	16.115428584763226	2.1799484650568512
	gen52ind18	840.0464954008105	0.07954547296343575	0.9964389346161011	0.6964474410208048	1.18780159553942	0.5801936601691624	6483.540886504555	2614.942256284545	0.00976812204061334	12.546475347619282	16.12505277505732	2.219985033708099
	gen55ind19	840.0978555028206	0.07877408293687846	0.9973508115083405	0.6874364134170865	1.1911884555448564	0.5811041298758831	6449.844646439806	2800.140822420399	0.0060443247036537796	12.513966036956507	16.107648736378245	2.205438660448888
	gen52ind2	840.138827681604	0.07931523978315666	0.9968897051566323	0.6948383292551183	1.1880741551008938	0.5802629595292937	6463.176244674701	2570.367814428798	0.00871531019834242	12.543525397257454	16.15379461969993	2.2081930213142025
	gen53ind15	840.1527197069456	0.07954547296343575	0.9967328444414356	0.6994236614780615	1.1878221318692115	0.5802829379990839	6471.706272628356	2687.3326276511425	0.008537200856453202	12.539983724163069	16.121589695729966	2.1799484650568512
	gen52ind13	840.1530003275251	0.07995041957525506	0.9965819877713862	0.706357295521588	1.1907857992493855	0.5813328095755459	6488.739121439727	2651.4171384626497	0.00733222614488242	12.524449685646605	16.124173656373323	2.248870629074935
	gen55ind4	840.2695122488542	0.07948721492271062	0.9968337832504813	0.6712462955691005	1.1880741551008938	0.5800793203193311	6452.966842592772	2603.9169146392796	0.009278358404133087	12.556068904473006	16.16594612112283	2.175287933587293
	gen52ind1	840.305151406338	0.07965227476132566	0.9967321023327299	0.6665599786911645	1.1883795757865832	0.5804971500714027	6464.882825898913	2731.747591889587	0.008840583958997538	12.539701593019458	16.104216572027525	2.192381516560233
	gen54ind14	840.3093475730873	0.07903679026768712	0.9967880242388809	0.6600774665053218	1.191227323188469	0.5804971500714027	6471.706272628356	2839.01101902402	0.008342896693635714	12.53921101846933	16.14232572852469	2.158702157380678
	gen53ind7	840.3156260594568	0.07929581121603593	0.9966953158010998	0.6864586371063762	1.1896064195895009	0.5803029164688739	6493.627458711598	2835.0655607348153	0.008216074096595282	12.53921101846933	16.169826775285124	2.183060453621118
	gen52ind6	840.4254149130493	0.0799865107568732	0.9966938315836882	0.7100506707923941	1.188964484793041	0.5813860095058336	6492.176612816682	2601.9314807424325	0.007803628484759231	12.521786443064748	16.157103690976744	2.2395495661358193
	gen50ind12	840.5523961856779	0.0778977435775507	0.997104420301266	0.6994236614780615	1.1860911609264015	0.5809060194255258	6553.12913783124	2696.1501061209765	0.008872047465959886	12.520496510162209	16.181288653970068	2.232369437749374
	gen55ind2	840.5875723150239	0.07903679026768712	0.9968248107705111	0.6665599786911645	1.1905292343591396	0.580694149158386	6482.144922485495	2666.83953631601	0.007988564818736998	12.53921101846933	16.156416109925345	2.158702157380678
	gen51ind16	840.6781339226802	0.07976283500378294	0.9965819877713862	0.7137440460632002	1.1894994126690266	0.5810786405636469	6485.3531660872395	2651.4171384626497	0.007453350374816657	12.524449685646605	16.109042273926683	2.260662641468832
	gen51ind2	840.7497790725453	0.07954547296343575	0.9967321023327299	0.6994236614780615	1.18780159553942	0.5804971500714027	6474.251101833001	2570.367814428798	0.008155277426413827	12.543525397257454	16.14106173205814	2.219985033708099
	gen50ind4	840.7650518680335	0.07904650455124748	0.9967321023327299	0.6665599786911645	1.1898995154807657	0.5804971500714027	6471.706272628356	2731.747591889587	0.008587031962383907	12.53921101846933	16.14232572852469	2.165319550887113
	gen51ind14	840.8133984232887	0.07954547296343575	0.9968897051566323	0.6948383292551183	1.1880741551008938	0.5804971500714027	6459.790289322214	2570.367814428798	0.00871531019834242	12.543525397257454	16.162248460875745	2.219985033708099
	gen50ind19	840.9148418972621	0.07990280482826043	0.9967321023327299	0.6994236614780615	1.1866660351950977	0.5804865556788367	6474.251101833001	2570.367814428798	0.00797716808452461	12.546168875772018	16.139059157633667	2.206284806739431
	gen52ind9	840.9361191122232	0.07990280482826043	0.9967321023327299	0.6994236614780615	1.1866660351950977	0.5804865556788367	6474.251101833001	2570.367814428798	0.007754395203703062	12.549173831258054	16.139059157633667	2.206284806739431
	gen52ind4	841.1428909422178	0.07990280482826043	0.9967321023327299	0.7082609881479732	1.1866660351950977	0.5802696950083763	6474.251101833001	2570.367814428798	0.007729221257549941	12.546168875772018	16.123927775187024	2.206284806739431
	gen49ind14	841.1689482013608	0.07954547296343575	0.9967321023327299	0.6994236614780615	1.18780159553942	0.5804971500714027	6474.251101833001	2570.367814428798	0.00797716808452461	12.543525397257454	16.14106173205814	2.219985033708099
	gen51ind3	841.2002291600675	0.07981934724446585	0.9965819877713862	0.7137440460632002	1.1894994126690266	0.5813328095755459	6485.3531660872395	2651.4171384626497	0.00734696532689261	12.51912320048289	16.1359351734044	2.260662641468832
	gen47ind6	841.3369717940226	0.0799865107568732	0.9965819877713862	0.706357295521588	1.189519948998818	0.5813328095755459	6471.706272628356	2651.4171384626497	0.007701297201791325	12.524449685646605	16.124173656373323	2.237078616681038
	gen51ind7	841.7317323325806	0.07954547296343575	0.9967321023327299	0.6994236614780615	1.18780159553942	0.5804971500714027	6474.251101833001	2570.367814428798	0.007754395203703062	12.543525397257454	16.14106173205814	2.219985033708099
	gen53ind10	841.7556262459798	0.07954547296343575	0.997146086341631	0.6627850765901229	1.1889072178243665	0.5801858111345879	6452.966842592772	2711.9159788939487	0.009526305231107755	12.553569306250676	16.141729166741136	2.1809089273658158
	gen55ind9	841.7904370532677	0.07891748206554555	0.9973552242976178	0.6636836545628582	1.191631135448568	0.5814784027537526	6433.983191891122	2840.2389557769748	0.0068633317078814395	12.511466438734177	16.09517543880116	2.2203405058815253
	gen53ind9	842.0733904492737	0.07962221121454588	0.9966202585204279	0.7082524265208809	1.18780159553942	0.5804928495442985	6471.706272628356	2716.216043262496	0.008403651632823467	12.539134702083896	16.08424657606332	2.219985033708099
	gen50ind6	842.0836478002983	0.07904650455124748	0.9961504184835437	0.6665599786911645	1.19052032263714	0.5804885490171943	6471.706272628356	2731.747591889587	0.007785267516962378	12.53921101846933	16.14232572852469	2.1712684412272205
	gen47ind13	842.1202596047913	0.07954547296343575	0.996416896684925	0.7085943259239477	1.187256476416473	0.5802058846599297	6459.790289322214	2177.766376494249	0.00871531019834242	12.543525397257454	16.136817712661127	2.219985033708099
	gen45ind3	842.3014400024219	0.07954547296343575	0.9967321023327299	0.6994236614780615	1.18780159553942	0.5804971500714027	6459.790289322214	2570.367814428798	0.00871531019834242	12.543525397257454	16.162248460875745	2.219985033708099
	gen49ind10	842.6179110494141	0.07903560371943832	0.9969557899573338	0.6994236614780615	1.18780159553942	0.5802731606038266	6459.790289322214	2570.367814428798	0.00942774756589929	12.543525397257454	16.223110423818955	2.2080872530278843
	gen50ind18	842.8214627399213	0.07981934724446585	0.9965819877713862	0.7137440460632002	1.1894994126690266	0.5813328095755459	6485.3531660872395	2651.4171384626497	0.00734696532689261	12.524449685646605	16.13156263759935	2.260662641468832
	gen50ind3	842.9495757826226	0.07902743106673812	0.9967321023327299	0.6606417842850201	1.188470629576638	0.5809255742160403	6472.978687230678	2619.3707883232805	0.00908051014254017	12.53921101846933	16.102101597455874	2.1712684412272205
	gen51ind9	843.0052024200087	0.07902743106673812	0.996657045052058	0.6737201709837338	1.1893195381414414	0.5809255742160403	6471.706272628356	2731.747591889587	0.009325174076201717	12.529673162663906	16.102101597455874	2.1856583547674795
	gen49ind17	843.1547984190071	0.07844202854682812	0.9973934950466594	0.6889442609991261	1.1900727162280647	0.5813539983606779	6441.213598146515	2724.0074675154024	0.007239025970706801	12.516628583614274	16.128178805222266	2.264479070618374
	gen49ind12	843.277609853122	0.07844202854682812	0.9967321023327299	0.7053761023925746	1.1904282289135457	0.5813539983606779	6514.274791108812	2864.271151899203	0.007011516692848517	12.513887747526967	16.102637751844874	2.264479070618374
	gen49ind15	843.4359556424648	0.07902743106673812	0.9967321023327299	0.6665599786911645	1.188470629576638	0.5809255742160403	6471.706272628356	2731.747591889587	0.008968955392423282	12.53921101846933	16.102101597455874	2.1712684412272205
	gen53ind12	843.4516873157717	0.07992339557436788	0.9966938315836882	0.72	1.188964484793041	0.5814059879756237	6492.176612816682	2640.3413940140836	0.007434557427850326	12.524286041287079	16.157103690976744	2.2395495661358193
	gen49ind1	843.4682796993563	0.07954547296343575	0.9967321023327299	0.6897115011101971	1.18780159553942	0.5810447113935668	6453.627843250859	2570.367814428798	0.00871531019834242	12.539314026615745	16.162248460875745	2.2285318251945685
	gen52ind7	843.474432543912	0.07952604439631503	0.9966953158010998	0.6864586371063762	1.1902051190906193	0.5805371070109828	6478.936678883749	2816.7382608198986	0.008368540066060106	12.547618775504517	16.159106047232257	2.1576020705219743
	gen50ind9	843.7468181537208	0.0799790735178468	0.9966570450520581	0.6931783181319604	1.1881155762282378	0.5810447113935668	6473.232728362814	2570.367814428798	0.00871531019834242	12.539314026615745	16.12924509445464	2.2285318251945685
	gen47ind18	843.7476079886331	0.07844202854682812	0.9967321023327299	0.6994236614780615	1.1890676193284109	0.581062732949205	6471.706272628356	2724.0074675154024	0.007239025970706801	12.519214232690683	16.06658789849235	2.287491887164052
	gen53ind19	843.9863659965264	0.0795557131485731	0.9964374503986895	0.7100506707923941	1.188166814384893	0.5813860095058336	6521.069843516487	2601.9314807424325	0.007803628484759231	12.52725097589714	16.157103690976744	2.2395495661358193
	gen52ind5	844.0298553363637	0.0799865107568732	0.9967306181153184	0.706357295521588	1.1884295569170553	0.5814961342001406	6499.000059546124	2659.916613512601	0.007626462547309873	12.524449685646605	16.154385341954715	2.251341578529716
	gen46ind19	844.1849926506444	0.07954547296343575	0.9968056753959902	0.6994236614780615	1.18780159553942	0.5813328095755459	6471.706272628356	2651.4171384626497	0.00871531019834242	12.521915540643404	16.124173656373323	2.237078616681038
	gen51ind4	844.2192676522493	0.07852561030303179	0.9969766401047679	0.6982159101000054	1.1905934165159648	0.5813539983606779	6500.627897649927	2699.2646386552938	0.007695689128573421	12.519214232690683	16.094570725426813	2.2433659952853615
	gen51ind5	844.254792405264	0.07877323185841321	0.9968071596134018	0.7018750388624425	1.1871775935849744	0.5806110764767378	6474.251101833001	2642.2199559781784	0.008003548775774364	12.535429227636183	16.136689196253094	2.2336852606767668
	gen50ind14	844.3634156441759	0.07954547296343575	0.9967321023327299	0.6994236614780615	1.18780159553942	0.5807113621437214	6459.790289322214	2570.367814428798	0.00871531019834242	12.543525397257454	16.162248460875745	2.219985033708099
	gen47ind7	844.4025597007324	0.07701792840706694	0.9978954700311023	0.6042994301391336	1.1860148621037245	0.5805143521798195	6413.9590981409665	2919.702158820941	0.009606401721628608	12.531505575313313	16.26801297609641	2.124819734990593
	gen49ind6	844.4077052593562	0.07844202854682812	0.9972608010869233	0.6994236614780615	1.1888814360591198	0.5813401546489894	6471.706272628356	2724.0074675154024	0.007571039798596396	12.514471394220212	16.103005138800974	2.2423801872600806
	gen50ind8	844.449433024489	0.07902743106673812	0.9967321023327299	0.6665599786911645	1.188470629576638	0.5809255742160403	6471.706272628356	2731.747591889587	0.009325174076201717	12.53921101846933	16.102101597455874	2.165319550887113
	gen51ind6	844.5428115036516	0.07979236875821225	0.9965819877713862	0.6864586371063762	1.189519948998818	0.5813328095755459	6471.706272628356	2651.4171384626497	0.007701297201791325	12.524449685646605	16.124173656373323	2.2134945918932445
	gen49ind13	845.0067922308496	0.07899375075513193	0.9968056753959902	0.7006664734244364	1.18780159553942	0.5817612337201835	6471.706272628356	2651.4171384626497	0.00797716808452461	12.509759958360018	16.083949525304508	2.237078616681038
	gen47ind5	845.3174326403212	0.07844202854682812	0.9968647962924659	0.7019092853708114	1.1905934165159648	0.5813539983606779	6500.627897649927	2724.0074675154024	0.007239025970706801	12.519214232690683	16.081800198738115	2.264479070618374
	gen51ind19	845.3643429384722	0.07955518724699612	0.9967321023327299	0.7104915058868472	1.18780159553942	0.5803315388958761	6474.251101833001	2570.367814428798	0.008219416544393083	12.543525397257454	16.14106173205814	2.219985033708099
	gen49ind9	845.3905432894146	0.07844202854682812	0.996665755352862	0.6994236614780615	1.1879068836153919	0.5811660649619741	6471.706272628356	2759.564444538407	0.007239025970706801	12.519214232690683	16.06658789849235	2.287491887164052
	gen51ind17	845.4404939313383	0.07982906152802621	0.9965819877713862	0.7137440460632002	1.1885970006439863	0.5813328095755459	6485.3531660872395	2570.727249732255	0.007589213786761083	12.526606875040667	16.127773480394662	2.260662641468832
	gen52ind11	845.4599487523436	0.07970866282959949	0.9967321023327299	0.6994236614780615	1.1865502917441524	0.5804865556788367	6460.604208374116	2570.367814428798	0.00797716808452461	12.553549542183381	16.139059157633667	2.1827007819516373
	gen49ind4	845.7550501791791	0.07844202854682812	0.9967321023327299	0.7112600502903501	1.1877267490490453	0.5813970016460436	6485.3531660872395	2795.121421561411	0.008033555804708097	12.508257346404063	16.115428584763226	2.264479070618374
	gen46ind10	845.8212032510676	0.07844202854682812	0.9967321023327299	0.7019092853708114	1.1901142482247282	0.5813539983606779	6500.627897649927	2864.271151899203	0.007239025970706801	12.519214232690683	16.081800198738115	2.264479070618374
	gen44ind15	845.856556818378	0.07844202854682812	0.9967321023327299	0.7019092853708114	1.1905934165159648	0.5813539983606779	6500.627897649927	2724.0074675154024	0.007239025970706801	12.519214232690683	16.081800198738115	2.264479070618374
	gen49ind7	845.8581527603391	0.07891004482651917	0.9967321023327299	0.7019092853708114	1.1932487007664256	0.5815514923000441	6500.627897649927	2670.901166620098	0.00632908635422538	12.519214232690683	16.000393669025836	2.264479070618374
	gen47ind2	846.3599747830442	0.07701792840706694	0.9979720115291858	0.6086897752144864	1.1864250829396035	0.5808056175912925	6413.9590981409665	2919.702158820941	0.009619451779891073	12.527120070870403	16.26801297609641	2.1018069184449146
	gen50ind5	846.4320444926992	0.07877658277108951	0.9969557899573338	0.6994236614780615	1.1881361125580292	0.5804873726761455	6459.790289322214	2610.5330411422665	0.00955457016293972	12.543525397257454	16.21644693016528	2.2080872530278843
	gen46ind12	846.4561232020534	0.078293197162943	0.9971794775819378	0.7133746452944811	1.1867583628090457	0.5812760539519852	6585.708145967304	2696.1501061209765	0.00799326256767241	12.530034365967634	16.13020654721528	2.2271948188619124
	gen43ind7	846.8007396029701	0.07844202854682812	0.9967321023327299	0.6994236614780615	1.1890676193284109	0.5813539983606779	6471.706272628356	2724.0074675154024	0.007239025970706801	12.519214232690683	16.115428584763226	2.264479070618374
	gen46ind5	846.8076024845785	0.07701792840706694	0.9976568058813808	0.6336962959042673	1.1860148621037245	0.5805143521798195	6413.9590981409665	2919.702158820941	0.009266111838423007	12.531505575313313	16.26801297609641	2.124819734990593
	gen48ind1	847.0656906856938	0.07682871488622305	0.9974844887115273	0.6769604297564542	1.1867601949636195	0.5809060194255258	6526.293846463892	2837.267552573303	0.009125692660040749	12.525822995325925	16.181288653970068	2.178478226381034
	gen47ind0	848.207697564348	0.07844202854682812	0.9967321023327299	0.7112600502903501	1.1882719450899266	0.5815606623862162	6471.706272628356	2795.121421561411	0.007754058584290834	12.508257346404063	16.115428584763226	2.264479070618374
	gen48ind2	848.228535137367	0.07846110203133749	0.9967321023327299	0.71823554219856	1.1882719450899266	0.5815606623862162	6471.706272628356	2733.3319298144347	0.007754058584290834	12.508257346404063	16.115428584763226	2.2913083163135948
	gen45ind16	848.2779537104044	0.07742229005883325	0.9971794775819378	0.6994236614780615	1.1860911609264015	0.5809060194255258	6526.293846463892	2696.1501061209765	0.008872047465959886	12.530034365967634	16.181288653970068	2.2271948188619124
	gen48ind16	848.355817260071	0.07701792840706694	0.9978954700311023	0.6042994301391336	1.1860148621037245	0.5805143521798195	6410.444743213401	2919.702158820941	0.009655456164553582	12.541526663390599	16.308237107165226	2.125128566487441
	gen49ind5	848.4895466508729	0.07742229005883325	0.9971794775819378	0.6994236614780615	1.18384003313162	0.5806820299579497	6526.293846463892	2702.4837564322265	0.00968855821358643	12.533338747285255	16.181288653970068	2.2085526929836816
	gen50ind11	848.5032764296409	0.07903560371943832	0.996640584309529	0.7026761315178034	1.186256204759081	0.5802058846599297	6459.790289322214	2159.0205358401727	0.00871531019834242	12.55694805204244	16.136817712661127	2.2080872530278843
	gen51ind8	848.6936090222584	0.07844202854682812	0.9969884835177286	0.7112600502903501	1.1882719450899266	0.5815606623862162	6435.582635673158	2864.0503315263045	0.007754058584290834	12.508257346404063	16.115428584763226	2.290087669969888
	gen48ind8	848.7051601576628	0.07742229005883325	0.9971794775819378	0.6994236614780615	1.1862714017751426	0.5809060194255258	6544.29928779381	2757.629740253258	0.00866390070582054	12.535102655974036	16.203524124624536	2.240683509257945
	gen48ind6	848.8580909961288	0.07844202854682812	0.9967321023327299	0.6994236614780615	1.188309329876147	0.5809060194255258	6471.706272628356	2960.0946609962307	0.008461136422713834	12.535102655974036	16.115428584763226	2.237078616681038
	gen48ind0	848.958900779094	0.07789030633852431	0.9967321023327299	0.7032421475540127	1.1905934165159648	0.5813539983606779	6500.627897649927	2724.0074675154024	0.007239025970706801	12.519214232690683	16.071105634789163	2.2867260890735115
	gen44ind3	849.0421830666347	0.07742229005883325	0.9971794775819378	0.6994236614780615	1.1860911609264015	0.5809060194255258	6526.293846463892	2696.1501061209765	0.008734044981981241	12.535102655974036	16.181288653970068	2.237078616681038
	gen49ind8	849.2297382646673	0.07742229005883325	0.9971794775819378	0.7016476665534497	1.1862714017751426	0.5808954250329598	6544.29928779381	2721.3345757268817	0.008895036321362801	12.537720382451997	16.203524124624536	2.240683509257945
	gen42ind4	849.2551626170887	0.07844202854682812	0.9967321023327299	0.6994236614780615	1.18780159553942	0.5809060194255258	6471.706272628356	2651.4171384626497	0.008941762229739626	12.535102655974036	16.115428584763226	2.237078616681038
	gen47ind19	849.6450134055432	0.07742229005883325	0.9971794775819378	0.7016188340157379	1.1860911609264015	0.5806869873439197	6496.586696712186	2757.629740253258	0.008585532072011806	12.535931006394161	16.181288653970068	2.243928730165372
	gen47ind8	850.0746545030602	0.07742229005883325	0.9971794775819378	0.6994236614780615	1.1868540595201784	0.5809060194255258	6511.047509222972	2757.629740253258	0.008585532072011806	12.535102655974036	16.181288653970068	2.237078616681038
	gen49ind18	850.2760150993455	0.07715991819780815	0.9970308472380057	0.6994236614780615	1.1890676193284109	0.581062732949205	6508.0027802110835	2724.0074675154024	0.007239025970706801	12.524540717854398	16.06658789849235	2.2892943334525055
	gen44ind4	850.3359278593699	0.07789030633852431	0.9967321023327299	0.6994236614780615	1.1890676193284109	0.5813539983606779	6471.706272628356	2724.0074675154024	0.007239025970706801	12.519214232690683	16.115428584763226	2.264479070618374
	gen48ind19	850.4744588613531	0.07766978744180558	0.9968071596134018	0.6996852802954232	1.1901142482247282	0.5813645927532439	6500.627897649927	2864.271151899203	0.007239025970706801	12.519214232690683	16.06061346992051	2.264479070618374
	gen50ind0	850.4987422762185	0.07742229005883325	0.9971794775819378	0.682991820084613	1.1860911609264015	0.5809060194255258	6526.293846463892	2700.0201683080686	0.009737012176818126	12.540032758856958	16.199045503451828	2.1690830958934963
	gen45ind6	850.9652631110498	0.07742229005883325	0.9971794775819378	0.6994236614780615	1.1860911609264015	0.5809060194255258	6496.586696712186	2757.629740253258	0.008585532072011806	12.535102655974036	16.181288653970068	2.237078616681038
	gen47ind9	850.9883694082134	0.07784845337421792	0.9967321023327299	0.708842919414338	1.1914565526688534	0.5813539983606779	6500.627897649927	2724.0074675154024	0.007239025970706801	12.519214232690683	16.081800198738115	2.2730258621048436
	gen50ind13	851.1307406641724	0.07944977570672865	0.9967321023327299	0.7191582246137874	1.1890294792758769	0.5810447113935668	6453.627843250859	2476.390530963121	0.008396587033739756	12.539314026615745	16.079292771555476	2.251756178312882
	gen41ind13	851.2927274644286	0.07748594468675798	0.9976568058813808	0.6406299299477939	1.1877332155631226	0.5806139293077591	6352.877673621532	2897.3356749917775	0.009266111838423007	12.534039720316514	16.23508294149299	2.1297616339001557
	gen48ind12	851.5462036661132	0.07682871488622305	0.9971794775819378	0.7004391011154436	1.1860911609264015	0.5808339796389554	6526.293846463892	2736.6747681379024	0.008872047465959886	12.525822995325925	16.252528873218022	2.1807693400010755
	gen47ind11	851.7864934032762	0.07682871488622305	0.9971794775819378	0.706357295521588	1.1860911609264015	0.5809060194255258	6526.293846463892	2736.6747681379024	0.008872047465959886	12.525822995325925	16.181288653970068	2.2271948188619124
	gen48ind11	852.02629227569	0.07784845337421792	0.9967321023327299	0.7175502507355189	1.1903819079322941	0.5813539983606779	6500.627897649927	2795.859609064783	0.007239025970706801	12.519214232690683	16.119946296571413	2.2867260890735115
	gen47ind4	852.2294764188492	0.07813555271818062	0.9967321023327299	0.6863444607193978	1.1859872476525293	0.5809186533760644	6472.099034993424	2651.4171384626497	0.009913384490302045	12.543525397257454	16.225882530000817	2.1946409294423783
	gen48ind18	852.2476498316034	0.07866634844433125	0.9967321023327299	0.6853632675903845	1.1879987913016925	0.5811426428436405	6459.266060586441	2651.4171384626497	0.009913384490302045	12.543525397257454	16.159324109372285	2.213283055320609
	gen49ind16	852.2929185343536	0.07766978744180558	0.9967321023327299	0.7090360452149618	1.1885690947028817	0.5815606623862162	6471.706272628356	2901.5484282796874	0.007754058584290834	12.508257346404063	16.115428584763226	2.278179297587042
	gen45ind11	852.548441622141	0.07813555271818062	0.9967321023327299	0.6875872726657728	1.1859872476525293	0.5809186533760644	6472.099034993424	2651.4171384626497	0.009913384490302045	12.543525397257454	16.20906833698826	2.1946409294423783
	gen45ind10	852.7160809282892	0.07844202854682812	0.9968236203559309	0.6994236614780615	1.1890676193284109	0.5813539983606779	6384.2126614770405	2818.7932208797097	0.007239025970706801	12.519865135762549	16.115428584763226	2.264479070618374
	gen45ind12	852.8377840378182	0.07844202854682812	0.9967321023327299	0.7019092853708114	1.1927360546233454	0.5824598356894173	6500.627897649927	2808.0398722268183	0.007239025970706801	12.506613141777839	16.026344586955645	2.265917757296293
	gen50ind2	852.9743722691585	0.07742229005883325	0.9971794775819378	0.6994236614780615	1.1865510700705832	0.5809060194255258	6544.29928779381	2761.4998024403503	0.00866390070582054	12.54510104886336	16.241393039640705	2.182571786289529
	gen48ind14	853.9929182423784	0.07835832261821535	0.9967321023327299	0.6891700051882188	1.1915819702760642	0.5813010073042582	6447.465397179503	2651.4171384626497	0.006844021472857698	12.535102655974036	16.039136389096633	2.237078616681038
	gen49ind19	854.0125582247927	0.07556494260803864	0.9974844887115273	0.6769604297564542	1.1867601949636195	0.5809060194255258	6503.3782508732675	3208.235443736649	0.009125692660040749	12.519813084353853	16.246886285687708	2.178478226381034
	gen48ind13	854.0355592911642	0.07722539094485387	0.9977894998411168	0.6465481243539382	1.1889694148387786	0.5811240332575416	6352.877673621532	2933.630839518154	0.00937933785412161	12.521884138033128	16.163842722245036	2.1761871127609926
	gen48ind10	854.0436552564784	0.07552308964373225	0.9977081763361313	0.6769604297564542	1.1860911609264015	0.5809060194255258	6526.293846463892	2736.6747681379024	0.009204061293849482	12.525291527497163	16.24111583233495	2.182083118957941
	gen50ind1	854.117499625067	0.07844202854682812	0.9965377129771973	0.7158453825132932	1.1879993855284532	0.5815606623862162	6465.7482809752855	2795.121421561411	0.007754058584290834	12.51906227471109	16.121750612907128	2.2559322791319043
	gen47ind14	854.4650136639251	0.07785969161402871	0.9967321023327299	0.6875872726657728	1.1859872476525293	0.5809186533760644	6472.099034993424	2651.4171384626497	0.009913384490302045	12.543525397257454	16.20906833698826	2.1946409294423783
	gen48ind5	854.6268444949478	0.07784061812951934	0.9967321023327299	0.6806117807575629	1.1859872476525293	0.5809186533760644	6455.194585757133	2651.4171384626497	0.009913384490302045	12.543525397257454	16.20906833698826	2.1946409294423783
	gen47ind1	855.6741721794644	0.07835832261821535	0.9967321023327299	0.6938453876479882	1.1904212345630452	0.5813010073042582	6433.004584668718	2651.4171384626497	0.006844021472857698	12.535102655974036	16.039136389096633	2.237078616681038
	gen46ind3	855.7607754508635	0.0771838753885491	0.9969737349172747	0.6706941189198126	1.1886220372111782	0.5812320429285012	6419.078280547128	3205.3616634753675	0.009880384442788697	12.526274029317724	16.213109957304976	2.206399048387854
	gen44ind18	856.0727805284416	0.07844202854682812	0.9969974902522019	0.6994236614780615	1.18719362241485	0.5813732783978272	6420.495470566695	2651.4171384626497	0.008941762229739626	12.535102655974036	16.115428584763226	2.237078616681038
	gen46ind14	856.1282141048312	0.07697607544276054	0.9975096597548603	0.6450202750231466	1.1883662274576179	0.5806139293077591	6352.877673621532	3031.8192101423083	0.009266111838423007	12.535696421156763	16.2175927982728	2.1434618608688236
	gen47ind15	856.2217534754644	0.07844202854682812	0.9969974902522019	0.6994236614780615	1.18719362241485	0.5813732783978272	6420.495470566695	2651.4171384626497	0.008941762229739626	12.535102655974036	16.098614391750672	2.237078616681038
	gen48ind3	856.906430804781	0.0772967311659141	0.9967321023327299	0.7055003991377699	1.1914565526688534	0.581928055211052	6521.046701813783	2997.1280130259793	0.006500883856888992	12.519214232690683	16.081800198738115	2.295272880559981
	gen46ind16	857.1725849356708	0.07650805916306949	0.9977333473794643	0.63808664097962	1.1860148621037245	0.5806139293077591	6399.105523265113	3048.630346511236	0.009266111838423007	12.54364063279844	16.25052283287622	2.1297616339001557
	gen44ind12	858.227159120026	0.07562218805631783	0.9967321023327299	0.675750883853484	1.1844693693113546	0.5804718821703254	6470.920747898221	2457.5192581318956	0.00937435234801954	12.529876984228773	16.23839806988059	2.203187720928848
	gen44ind0	858.9819779319714	0.07835832261821535	0.9967321023327299	0.7132909295651146	1.1895278678451975	0.581105173681405	6404.130997425023	2651.4171384626497	0.006844021472857698	12.535102655974036	16.115428584763226	2.237078616681038
	gen46ind18	859.0261556171939	0.07761297440702476	0.9968236203559309	0.6994236614780615	1.1890676193284109	0.5811083761738549	6358.585999575294	2818.7932208797097	0.007239025970706801	12.52413412417475	16.115428584763226	2.264479070618374
	gen48ind7	859.0979447654837	0.07835832261821535	0.9968897051566323	0.6905028673714201	1.1918501204671728	0.5818750641546322	6433.004584668718	2651.4171384626497	0.006844021472857698	12.535102655974036	16.039136389096633	2.2593256351361757
	gen46ind17	859.175261289668	0.07693422247845416	0.9977894998411168	0.6406299299477939	1.1874292290008377	0.5810519934709714	6352.877673621532	2897.3356749917775	0.00937933785412161	12.534039720316514	16.23508294149299	2.1297616339001557
	gen48ind17	859.2678323406578	0.07835832261821535	0.9962034035785365	0.716757746586878	1.1904212345630452	0.5813010073042582	6486.460892519059	2487.93320818116	0.006844021472857698	12.535102655974036	16.00271914878801	2.237078616681038
	gen43ind16	859.6394727504186	0.0764662061987631	0.9973625136283398	0.6494106200984995	1.1877490532558814	0.5810796808943486	6418.881899364595	3205.981378704756	0.009719015901217421	12.536468227101023	16.20010265505261	2.1937269962549935
	gen49ind3	859.9473822767561	0.07693422247845416	0.9976318970172142	0.6406299299477939	1.1874292290008377	0.5810519934709714	6352.877673621532	2701.034956024503	0.00937933785412161	12.534039720316514	16.23508294149299	2.1297616339001557
	gen46ind13	860.2861856598128	0.07595633695476567	0.9974535072932078	0.6494106200984995	1.1886220372111782	0.5810796808943486	6412.366787809781	3351.3071307984833	0.009387132699388682	12.526331647088217	16.213109957304976	2.1690175017071796
	gen44ind2	860.3446355406841	0.07697607544276054	0.9975096597548603	0.6450202750231466	1.1877332155631226	0.5806139293077591	6352.877673621532	2995.5240456159318	0.009266111838423007	12.54364063279844	16.2175927982728	2.1297616339001557
	gen45ind13	860.4495886352685	0.07619034509461119	0.9973625136283398	0.6494106200984995	1.1883311862197776	0.5808626122667484	6359.467599861183	3328.94064696932	0.009421990081278551	12.526331647088217	16.22777482375114	2.1739594006167424
	gen47ind12	860.6962047644131	0.07835832261821535	0.9967321023327299	0.7148726816225965	1.1895874109132225	0.581105173681405	6376.089024640707	2651.4171384626497	0.006844021472857698	12.535102655974036	16.089058749288935	2.2624227209467587
	gen47ind10	860.8661621468046	0.0764662061987631	0.9973625136283398	0.6494106200984995	1.1886220372111782	0.5810796808943486	6365.032829149186	3272.516368820869	0.009421990081278551	12.526331647088217	16.18970001924872	2.1739594006167424
	gen45ind4	860.9910411327485	0.07844202854682812	0.9960877632286684	0.6994236614780615	1.1890752091146939	0.5819408331855483	6404.130997425023	2515.541334744125	0.0058548481443907036	12.518229490617694	16.008941363263265	2.2582848989972084
	gen44ind1	861.1023844856227	0.0764662061987631	0.9973625136283398	0.6494106200984995	1.1886220372111782	0.5810796808943486	6359.467599861183	3328.94064696932	0.009421990081278551	12.526331647088217	16.213109957304976	2.1739594006167424
	gen46ind8	861.1696842901574	0.0764662061987631	0.9973625136283398	0.6494106200984995	1.1886220372111782	0.5810796808943486	6359.074837496115	3231.991706803943	0.009421990081278551	12.526331647088217	16.213109957304976	2.1739594006167424
	gen49ind0	861.3887625869486	0.07574074653586402	0.9971794775819378	0.7172108630849634	1.1849915470256538	0.5809060194255258	6526.293846463892	2749.615842319738	0.008719520122658515	12.525822995325925	16.21188785201999	2.2271948188619124
	gen46ind9	863.0818670026183	0.07562218805631783	0.9967321023327299	0.675750883853484	1.1876825094033703	0.5804926913744493	6515.874234890847	2553.9221980289594	0.00784198223879182	12.551948138540872	16.214988131824327	2.169296825176658
	gen45ind9	863.419809620763	0.07562218805631783	0.9967321023327299	0.675750883853484	1.187049497508875	0.5804926913744493	6515.874234890847	2477.1023714856574	0.008580124352609629	12.551948138540872	16.23839806988059	2.169296825176658
	gen47ind3	863.5755709562554	0.07693422247845416	0.9977894998411168	0.6406299299477939	1.1874292290008377	0.5814718165614006	6352.877673621532	2897.3356749917775	0.00937933785412161	12.527894049005198	16.141976552813844	2.1297616339001557
	gen47ind16	863.7957827819298	0.07688821526998574	0.9976777192761448	0.6494106200984995	1.1886220372111782	0.5810796808943486	6280.871519981283	3619.500931274123	0.009788005997478083	12.526331647088217	16.213109957304976	2.1739594006167424
	gen46ind4	863.8744042794359	0.07665195219465673	0.9967321023327299	0.700757404543265	1.1859872476525293	0.5808191886911144	6471.706272628356	2365.7616851046187	0.009913384490302045	12.551948138540872	16.20906833698826	2.2008564332088056
	gen46ind1	864.0142820823522	0.07670021433860863	0.9978248654026652	0.6450202750231466	1.1877332155631226	0.5807007600421705	6352.877673621532	2898.5751054505545	0.008996595767281755	12.54364063279844	16.2175927982728	2.1297616339001557
	gen43ind1	864.2080751439205	0.07748594468675798	0.9976568058813808	0.6406299299477939	1.1877332155631226	0.5824023498600273	6352.877673621532	2940.7012099116587	0.009195538049881343	12.517266402137174	16.23508294149299	2.1639487998460343
	gen47ind17	865.0025503667297	0.07595633695476567	0.9973625136283398	0.6494106200984995	1.187766819904669	0.5810796808943486	6359.074837496115	3285.0980076992473	0.009421990081278551	12.526331647088217	16.213109957304976	2.1739594006167424
	gen45ind15	865.1711293601202	0.07737041144418283	0.9970473079805349	0.7132909295651146	1.1895278678451975	0.5811920044158164	6404.130997425023	2651.4171384626497	0.007232648308596596	12.535102655974036	16.15776561990792	2.215402806468016
	gen45ind17	865.4814549793622	0.07670021433860863	0.9975096597548603	0.6450202750231466	1.1877332155631226	0.5806139293077591	6352.877673621532	2898.5751054505545	0.008996595767281755	12.54364063279844	16.2175927982728	2.1297616339001557
	gen40ind19	865.6052413871279	0.07748594468675798	0.9976568058813808	0.6406299299477939	1.1877332155631226	0.5822852483160457	6352.877673621532	3009.604637456447	0.009266111838423007	12.517266402137174	16.23508294149299	2.1639487998460343
	gen44ind16	865.631274698995	0.07814196189782616	0.9976568058813808	0.6406299299477939	1.1877332155631226	0.5830919643052872	6293.463374118121	3119.7949594085576	0.008871901723941825	12.500074466064675	16.23508294149299	2.1612747871807225
	gen46ind6	865.8569126897302	0.07748594468675798	0.9976568058813808	0.6406299299477939	1.1877332155631226	0.5822852483160457	6352.877673621532	3009.604637456447	0.009122854141448967	12.519800547140376	16.23508294149299	2.1639487998460343
	gen44ind19	866.3373704058339	0.07611080263533018	0.9974232854151108	0.6618859162727542	1.1877490532558814	0.5801825444472833	6306.283458739434	2904.532881004363	0.009710781421605329	12.543561981176119	16.20010265505261	2.150100437780522
	gen46ind15	866.4285509835564	0.07799581393075541	0.9976568058813808	0.6406299299477939	1.1877332155631226	0.5825092377836217	6352.877673621532	3009.604637456447	0.009266111838423007	12.517266402137174	16.23508294149299	2.1639487998460343
	gen46ind11	866.567131949683	0.07617391026462166	0.9967321023327299	0.675750883853484	1.1859872476525293	0.5809060194255258	6471.706272628356	2651.4171384626497	0.009817099438556704	12.551948138540872	16.20906833698826	2.181968877309518
	gen40ind5	866.9482547818911	0.07617391026462166	0.9967321023327299	0.675750883853484	1.1859872476525293	0.5809060194255258	6471.706272628356	2651.4171384626497	0.009913384490302045	12.551948138540872	16.20906833698826	2.169296825176658
	gen43ind14	867.174289083628	0.07562218805631783	0.9967321023327299	0.675750883853484	1.1859951664989086	0.5804718821703254	6470.920747898221	2457.5192581318956	0.00937435234801954	12.551948138540872	16.23839806988059	2.169296825176658
	gen43ind5	867.3047431500997	0.07748594468675798	0.9973925714911482	0.6525284173411993	1.1863999830910394	0.5822852483160457	6352.877673621532	3091.40461484014	0.009266111838423007	12.517266402137174	16.24831085407091	2.1639487998460343
	gen42ind9	867.649407317925	0.07638250027015034	0.9973625136283398	0.6632778881855528	1.1877490532558814	0.5810796808943486	6351.306624161262	2885.721612849591	0.009719015901217421	12.536404462117769	16.20010265505261	2.1639487998460343
	gen43ind9	867.920765018433	0.07638250027015034	0.9973017418415688	0.6632778881855528	1.1876649008916267	0.5810796808943486	6351.306624161262	2885.721612849591	0.009719015901217421	12.536205402190886	16.209494170055994	2.1639487998460343
	gen45ind18	868.4494476290537	0.07655406637153792	0.9971944541070554	0.6406299299477939	1.1877332155631226	0.5822142247473288	6411.899210759877	3009.604637456447	0.009266111838423007	12.526220611249354	16.23674050568679	2.1639487998460343
	gen43ind18	868.5453496381367	0.07748594468675798	0.9981041811305886	0.6406299299477939	1.1854331601209238	0.5838354840860512	6352.877673621532	3318.250341169426	0.008294489577860588	12.500420919570338	16.2073032584748	2.2317305913504146
	gen44ind17	868.696355102204	0.07617391026462166	0.9967321023327299	0.675750883853484	1.1865768684817095	0.5809060194255258	6450.515073818809	2651.4171384626497	0.009913384490302045	12.551948138540872	16.20906833698826	2.169296825176658
	gen41ind19	868.7027682779238	0.0798858863532478	0.9967720296171779	0.6446338072725	1.1870681600095931	0.5839112882685596	6313.775486575068	2720.313299273358	0.004722319498381063	12.507100662202628	16.028086306724273	2.1990498989792977
	gen44ind11	869.1729002702573	0.07788248407428533	0.9973625136283398	0.6494106200984995	1.1886220372111782	0.5829199589187022	6418.881899364595	3466.124452235507	0.00914598511332126	12.536468227101023	16.20010265505261	2.1937269962549935
	gen42ind19	869.6279591946021	0.07638250027015034	0.9974598420265273	0.6632778881855528	1.1877648909486402	0.581140222513489	6318.69877344419	2809.8997260546003	0.009492563869820215	12.533840025962508	16.2175927982728	2.146855216873095
	gen45ind1	869.670037467929	0.07861688282217676	0.9962766096500568	0.6982155127328484	1.19028044271367	0.5825967260933929	6301.140246516223	2309.188797130556	0.0030922836677251637	12.504678894046739	16.006197846825614	2.203733806564644
	gen46ind0	870.0648556760457	0.07670021433860863	0.9975096597548603	0.6450202750231466	1.1877332155631226	0.5806139293077591	6296.758337237946	3237.33685970389	0.008996595767281755	12.53925512835553	16.266433484543676	2.1297616339001557
	gen42ind18	870.8178868982905	0.07654552803145372	0.997260571113195	0.6632778881855528	1.1886537125966958	0.5817875989574999	6388.833762309078	2487.8171836952642	0.008476102842724802	12.532070236170538	16.18261251183242	2.117373290657824
	gen41ind4	871.0352077974374	0.07748594468675798	0.9971413345981317	0.6851129693073525	1.1901371979778599	0.5822852483160457	6277.098900976449	3009.604637456447	0.007278028550765175	12.50620588379065	16.23508294149299	2.1851550821622046
	gen46ind7	871.8121287224545	0.07741226440848924	0.9968236203559309	0.6994236614780615	1.1890334293402622	0.5822480474829994	6324.798361973629	2997.8869703766086	0.007514426790747095	12.519865135762549	16.115428584763226	2.264479070618374
	gen42ind12	872.1991357327736	0.07748594468675798	0.9976568058813808	0.6406299299477939	1.1877332155631226	0.5838354840860512	6352.877673621532	3273.5173735110993	0.008294489577860588	12.500420919570338	16.141443189267957	2.2317305913504146
	gen45ind2	872.2498643956293	0.07927290003324491	0.9965008216329938	0.685045380855356	1.19028044271367	0.5826835568278043	6192.121722184038	2625.584067554728	0.0030922836677251637	12.50029338960383	16.024711377619447	2.1721741985324963
	gen44ind14	875.3089822071498	0.07598816426872804	0.9978248654026654	0.6200137543333657	1.1877490532558814	0.5818278461115993	6359.467599861183	3350.6234144292603	0.009719015901217421	12.536468227101023	16.20010265505261	2.1571620878374915
	gen41ind3	875.3396678273498	0.0752790558535427	0.9972628781716737	0.6272079215067174	1.1865856492902798	0.5814316680160054	6369.284668505035	2722.4637771174225	0.009719015901217421	12.534660977028565	16.20010265505261	2.1639487998460343
	gen42ind2	875.5452983782625	0.07617391026462166	0.9967321023327299	0.6870748629723635	1.1859872476525293	0.5814323126312557	6471.706272628356	2651.4171384626497	0.009860163478300748	12.554312880342128	16.20906833698826	2.169296825176658
	gen42ind15	875.7437100184684	0.07823897242557427	0.9965727438059588	0.6683644661219004	1.1921918529482731	0.5826835568278043	6217.727123214869	2739.245058892719	0.002694412767146854	12.50029338960383	16.02210849849307	2.1721741985324963
	gen44ind5	875.7676777560167	0.07617391026462166	0.9967321023327299	0.6870748629723635	1.18597932880615	0.5814323126312557	6450.620143062965	2634.2780918723474	0.00935770647894625	12.554312880342128	16.17973860409593	2.1882986227243686
	gen40ind3	876.5059947821045	0.07942162122193054	0.9966258633148826	0.7195820884628396	1.190795212482004	0.5829851484426203	6217.727123214869	2739.245058892719	0.005289945263107345	12.50029338960383	16.028086306724273	2.1721741985324963
	gen44ind10	876.752792858685	0.07813884089214168	0.9963681276732579	0.6732089920430674	1.19028044271367	0.5826835568278043	6217.727123214869	2625.584067554728	0.0030922836677251637	12.50029338960383	16.02210849849307	2.1721741985324963
	gen39ind14	876.9362965445092	0.07935704158330048	0.9971413345981317	0.7060655488566426	1.189817986968115	0.5834607886133494	6369.284668505035	2684.8412408078784	0.008827481961526622	12.533441906108742	16.126818573846656	2.1639487998460343
	gen45ind0	877.3153776314904	0.0764662061987631	0.9974236457581553	0.6288752099002226	1.1886220372111782	0.5831831055215673	6359.467599861183	3328.94064696932	0.009412018541542142	12.508990778886368	16.213109957304976	2.1712853879514307
	gen43ind15	877.4675188230169	0.07492508657053368	0.9970263945857709	0.6707439237514483	1.185098426004474	0.5810520644844092	6471.706272628356	2651.4171384626497	0.008870348476475661	12.559527567166839	16.22655848020845	2.165480396027115
	gen42ind7	877.5144795278628	0.0752790558535427	0.9976149737766625	0.6632778881855528	1.1871101998897857	0.5816665157192189	6389.194010764615	2513.610283373073	0.009719015901217421	12.538769203919022	16.207734233113477	2.1639487998460343
	gen40ind14	877.6318344568435	0.07263775062099104	0.9991348625183716	0.5717325622536583	1.1859872476525293	0.5809060194255258	6455.1982365076765	2843.1435925602964	0.009266111838423007	12.546798618033337	16.23508294149299	2.1297616339001557
	gen43ind8	878.0995579956959	0.0790064660156661	0.9973017418415688	0.6583528410815077	1.1877332155631226	0.585112868679963	6376.709640233814	3171.7032855241514	0.008714101902508424	12.500420919570338	16.141443189267957	2.2317305913504146
	gen43ind6	878.4413622618426	0.07917123269988445	0.9971413345981317	0.717964036250048	1.1884847544960317	0.5832831454502273	6410.720923664674	2684.8412408078784	0.008827481961526622	12.544563228194537	16.140046486424573	2.1639487998460343
	gen43ind11	878.5257771875459	0.07896590297277377	0.9976568058813808	0.6431732189159677	1.1902740420923663	0.5843440046403439	6267.144229846659	3273.5173735110993	0.008294489577860588	12.500420919570338	16.048630321957752	2.2317305913504146
	gen45ind14	879.0035684930452	0.07563471175418789	0.9973625136283398	0.6244040994087185	1.1877490532558814	0.5822910853179983	6418.881899364595	3613.3350355911844	0.009934353358706842	12.536468227101023	16.20010265505261	2.1937269962549935
	gen43ind3	879.3791323208782	0.07654552803145372	0.9968131958639872	0.6632778881855528	1.1909537680388946	0.5824135433633992	6313.054989663995	2443.0842160369375	0.0061519100544456685	12.51488644245817	16.18261251183242	2.117373290657824
	gen43ind4	879.5186615851561	0.07889498963664243	0.9965727438059588	0.6508039891690554	1.1930648369035697	0.5826835568278043	6158.312823711457	2862.204327157283	0.002694412767146854	12.50866081950835	16.02210849849307	2.1524066028942452
	gen45ind8	879.6807571441252	0.07833973825530924	0.9974565402459367	0.692957515560267	1.1884847544960317	0.5832831454502273	6410.720923664674	3092.1948976943067	0.008827481961526622	12.545246013758032	16.182383521569264	2.1639487998460343
	gen42ind1	880.0379379940227	0.07748594468675798	0.9971413345981317	0.6851129693073525	1.191179583680356	0.5828730184646975	6277.098900976449	3009.604637456447	0.007278028550765175	12.514293635776433	16.23508294149299	2.1851550821622046
	gen42ind5	880.3982135751355	0.07942162122193054	0.9972554725065798	0.7091317152268557	1.190795212482004	0.5837157776030255	6234.282228346406	2746.528843259127	0.005620105547854802	12.512711962383648	16.053739737265964	2.2323231317377914
	gen45ind7	880.4736158568663	0.07864871013613912	0.9963681276732579	0.6732089920430674	1.1902725238672907	0.5826835568278043	6184.725010343338	2527.3956969305736	0.0028658316363279566	12.509307522878096	16.03959864171326	2.157285100328017
	gen41ind7	880.5558454222398	0.07942162122193054	0.9974828053957523	0.7094497934521079	1.190795212482004	0.5844572383706935	6268.461128523748	2629.1348747422953	0.005491581967470717	12.50029338960383	16.028086306724273	2.2323231317377914
	gen48ind15	880.5623828411888	0.07701792840706694	0.9978954700311023	0.6105553840759335	1.1838498252854026	0.5803168582404533	6413.9590981409665	2919.702158820941	0.009379585281820299	12.531505575313313	16.33908910853313	2.124819734990593
	gen40ind1	880.6540698827561	0.0752790558535427	0.9974575349680486	0.6632778881855528	1.1877648909486402	0.5817875989574999	6388.833762309078	2570.8200035274403	0.008476102842724802	12.538769203919022	16.20010265505261	2.1303541742875325
	gen45ind19	881.1315182438178	0.07917123269988445	0.9975301133091969	0.717964036250048	1.1884847544960317	0.582913110923768	6351.306624161262	2820.599529858143	0.009841024895384725	12.544563228194537	16.140046486424573	2.096590081486925
	gen38ind11	881.3796236239763	0.0752790558535427	0.9972628781716737	0.6632778881855528	1.1877648909486402	0.5816665157192189	6369.284668505035	2722.4637771174225	0.009719015901217421	12.538769203919022	16.20010265505261	2.1639487998460343
	gen40ind8	881.3843419814439	0.0752790558535427	0.9972628781716737	0.6632778881855528	1.1877648909486402	0.5816665157192189	6369.284668505035	2722.4637771174225	0.009719015901217421	12.538311683597657	16.20010265505261	2.1639487998460343
	gen44ind7	881.667723963264	0.07562218805631783	0.9964743666911053	0.675750883853484	1.1863709359653631	0.5818064902415595	6470.920747898221	2457.5192581318956	0.00937435234801954	12.551948138540872	16.19087984234638	2.169296825176658
	gen38ind1	882.5205340749909	0.07391705994372244	0.9976568058813808	0.6406299299477939	1.1859872476525293	0.5809060194255258	6352.877673621532	3009.604637456447	0.009266111838423007	12.546798618033337	16.23508294149299	2.1639487998460343
	gen45ind5	882.8241802634493	0.07813884089214168	0.9960529220254529	0.6732089920430674	1.19028044271367	0.5826835568278043	6217.727123214869	2189.8733731360157	0.0030922836677251637	12.513101635330157	16.034752554780873	2.1721741985324963
	gen40ind17	882.9981475704558	0.0752790558535427	0.9972628781716737	0.6632778881855528	1.1877648909486402	0.5816665157192189	6326.902270885941	2722.4637771174225	0.009719015901217421	12.533840025962508	16.20010265505261	2.1639487998460343
	gen42ind0	883.3122077591768	0.07731853282953245	0.996368127673258	0.6683644661219004	1.1911857601746774	0.5826835568278043	6217.727123214869	2632.9978418007695	0.0050706303246591524	12.50029338960383	16.068382516638927	2.1721741985324963
	gen44ind6	883.4518057758859	0.07934964976781969	0.9981236129655362	0.6381674063957714	1.1854331601209238	0.5855586605664234	6352.877673621532	3542.8700953727903	0.008294489577860588	12.516288633625747	16.2073032584748	2.265621487102605
	gen44ind8	883.7965235249503	0.07979900316177667	0.9964552951992023	0.717964036250048	1.18966897220528	0.5832831454502273	6410.720923664674	2351.4246394544903	0.009037892271767538	12.561904096396386	16.140046486424573	2.1580760210248764
	gen42ind10	884.8406500145645	0.075822451123183	0.9971413345981317	0.66606183201115	1.189817986968115	0.5834607886133494	6416.9486017295985	2684.8412408078784	0.00857861054686292	12.51952498784581	16.23794846929188	2.1916455239770585
	gen42ind14	884.8581272190937	0.075822451123183	0.9971413345981317	0.66606183201115	1.189817986968115	0.5834607886133494	6510.705418718455	2684.8412408078784	0.009572652190691835	12.533441906108742	16.22045832607169	2.1639487998460343
	gen44ind13	885.2270593322124	0.0752790558535427	0.9972628781716737	0.6571034889327039	1.1868577170051948	0.5819296623220839	6326.902270885941	2722.4637771174225	0.009719015901217421	12.533840025962508	16.20010265505261	2.1639487998460343
	gen42ind13	886.079636155373	0.0752790558535427	0.9972021063849027	0.628599893419516	1.1865856492902798	0.5823288044630707	6369.284668505035	2722.4637771174225	0.009645834045954628	12.534461917101682	16.219025562172245	2.1639487998460343
	gen40ind0	886.2237783954763	0.07274611149772069	0.9976568058813808	0.6306160097437223	1.1859872476525293	0.5809060194255258	6369.284668505035	2888.4694167817747	0.009266111838423007	12.547237961459476	16.23508294149299	2.189910567105451
	gen43ind10	886.4807744535093	0.07787743397143893	0.9965727438059588	0.6683644661219004	1.1927739901339827	0.583520151655729	6231.784542925128	2739.245058892719	0.002694412767146854	12.50029338960383	16.0497764772228	2.1721741985324963
	gen41ind10	887.5420599889388	0.0763829843812612	0.9966258633148826	0.6683644661219004	1.1901433744721812	0.5826835568278043	6217.727123214869	2739.245058892719	0.005289945263107345	12.50029338960383	16.068382516638927	2.1721741985324963
	gen41ind14	888.3915540602901	0.0752790558535427	0.997380791934048	0.6581525532768568	1.186729685773705	0.5816585315722272	6326.902270885941	2722.4637771174225	0.009753349461874575	12.549963698252984	16.19716543700538	2.1639487998460343
	gen42ind6	888.8634396972628	0.07278140846536676	0.9978514626777557	0.6306160097437223	1.1859872476525293	0.5809060194255258	6369.284668505035	2888.4694167817747	0.007739385897567248	12.549198577568447	16.23508294149299	2.156315941546949
	gen42ind17	889.5883256370549	0.07268784621841284	0.9986637248907098	0.6182967636785792	1.186224231290762	0.5817875989574999	6394.2614084433935	2734.28185776301	0.008011553996921321	12.538769203919022	16.20010265505261	2.1303541742875325
	gen41ind2	889.6474512874385	0.075822451123183	0.9971413345981317	0.66606183201115	1.189817986968115	0.5834607886133494	6454.837988052141	2684.8412408078784	0.009572652190691835	12.533441906108742	16.23794846929188	2.1639487998460343
	gen41ind0	890.4439474265534	0.07059425357964498	0.9978195502549818	0.5625884048929456	1.1836287643358085	0.580436324019099	6473.894778043333	2160.834017238256	0.0089101572299187	12.539936548321291	16.22747677513462	2.066685082126383
	gen44ind9	890.4779563678372	0.0752790558535427	0.9972628781716737	0.6632778881855528	1.1877648909486402	0.582383082832231	6326.902270885941	2722.4637771174225	0.009719015901217421	12.533840025962508	16.20010265505261	2.1639487998460343
	gen40ind13	890.5236451292529	0.07059425357964498	0.9978926334061295	0.5584760763860518	1.1836287643358085	0.580436324019099	6473.894778043333	2160.834017238256	0.0089101572299187	12.539936548321291	16.22747677513462	2.066685082126383
	gen41ind8	890.636188830775	0.07059425357964498	0.9987602002943675	0.5584760763860518	1.1836287643358085	0.580436324019099	6473.894778043333	1979.9241010157798	0.0089101572299187	12.563480998636614	16.338606670579843	2.066685082126383
	gen37ind5	891.2735003041425	0.07263775062099104	0.9976568058813808	0.6306160097437223	1.1859872476525293	0.5809060194255258	6369.284668505035	2843.1435925602964	0.009266111838423007	12.546798618033337	16.23508294149299	2.1639487998460343
	gen39ind5	891.4279614909929	0.07458014989011558	0.9983281022913343	0.6198407418540758	1.1845652318979472	0.5827485936682082	6409.8238499352665	2563.4289414974337	0.008130860308970443	12.549285059379109	16.226444439131686	2.184562541774828
	gen42ind3	891.8749563625689	0.07963322742929597	0.996752021005382	0.7079202824356813	1.189224969693968	0.5845678330033508	6178.628935606783	3385.469038508591	0.009763854667750413	12.501172076456108	16.10828432698985	2.299512382854795
	gen40ind11	891.9276527364466	0.0798858863532478	0.9976167012085452	0.6874459582484347	1.1909044403284956	0.5855826072768462	6237.996713929984	2953.2620771809025	0.004722319498381063	12.510015346013063	16.031834295573724	2.2323231317377914
	gen42ind16	892.0499673710248	0.0770997469302097	0.9972628781716737	0.6793625874766513	1.1899862916966244	0.583596999636071	6326.902270885941	2722.4637771174225	0.009719015901217421	12.533840025962508	16.10803554383989	2.229056578685103
	gen42ind8	892.3596224746618	0.0752790558535427	0.9972628781716737	0.6584333622643858	1.1877648909486402	0.5829439003131307	6369.284668505035	2739.175828290037	0.009548649751412317	12.529516087702957	16.20010265505261	2.1612747871807225
	gen43ind17	893.8696599236434	0.07793149371199719	0.9972628781716737	0.6888881561247526	1.1899862916966244	0.583596999636071	6256.977420509366	2884.845475441707	0.009068724903168549	12.53122434992782	16.106602779940445	2.225811357777676
	gen38ind12	894.2142426121918	0.07981529241795564	0.9962365497221328	0.7079202824356813	1.1904300491484974	0.58476698725923	6178.628935606783	3250.289249226727	0.007775771380092582	12.501172076456108	16.024934114562818	2.299512382854795
	gen40ind9	894.8025717982564	0.07981529241795564	0.9959216721049049	0.7106234434347076	1.191393586722422	0.58476698725923	6198.178029410826	3250.289249226727	0.007775771380092582	12.500149060828834	16.012823150602543	2.299512382854795
	gen39ind11	894.8229979791577	0.0798858863532478	0.9966258633148826	0.6874459582484347	1.1900842046047129	0.5855826072768462	6237.996713929984	2852.2061948656083	0.004722319498381063	12.50029338960383	16.014337217468128	2.2341509981125607
	gen41ind12	894.8778959404166	0.07758896176148516	0.9976036863724571	0.7060655488566426	1.1892059247877325	0.5838410367601959	6318.073866443376	2684.8412408078784	0.008503845635587103	12.533441906108742	16.126818573846656	2.1639487998460343
	gen41ind5	895.0452139423154	0.0798858863532478	0.9966258633148826	0.6874459582484347	1.1900842046047129	0.5855826072768462	6247.771260832005	2832.582261738028	0.004722319498381063	12.505093308674049	16.028086306724273	2.2323231317377914
	gen38ind16	896.008459142884	0.0798858863532478	0.9966258633148826	0.6874459582484347	1.1900842046047129	0.5855826072768462	6237.996713929984	2832.582261738028	0.004722319498381063	12.505093308674049	16.028086306724273	2.2323231317377914
	gen39ind7	896.0489279355276	0.07942162122193054	0.9966258633148826	0.7195820884628396	1.190795212482004	0.585009153735792	6217.727123214869	2947.001702046762	0.005289945263107345	12.50029338960383	16.028086306724273	2.2323231317377914
	gen43ind0	896.4619309857048	0.07324006298866381	0.9972628781716737	0.6632778881855528	1.1877648909486402	0.5816665157192189	6369.284668505035	2741.275045272195	0.009719015901217421	12.53851074352454	16.20010265505261	2.1639487998460343
	gen40ind2	896.495019745012	0.0798858863532478	0.9967720296171779	0.6792213012346471	1.1900842046047129	0.5855826072768462	6237.996713929984	2832.582261738028	0.004722319498381063	12.507100662202628	16.028086306724273	2.2332370649251763
	gen43ind2	896.513762277398	0.07324006298866381	0.9973236499584447	0.6632778881855528	1.186738342938903	0.5816665157192189	6369.284668505035	2741.275045272195	0.00983521712893718	12.540975332502796	16.20010265505261	2.1639487998460343
	gen39ind8	896.6777238371071	0.07981529241795564	0.9959216721049049	0.7106234434347076	1.1912110050556686	0.58476698725923	6178.628935606783	3250.289249226727	0.007775771380092582	12.500588404254973	16.011247054521814	2.299512382854795
	gen40ind15	896.901717803241	0.07009663658328297	0.9996752580169961	0.5733156391716057	1.1846835716328838	0.5803028361958937	6380.139960773666	3049.387485588562	0.008789918209610458	12.555343114338996	16.28966075681757	2.1065416662028924
	gen43ind19	897.5652574665337	0.0752790558535427	0.9972628781716737	0.6632778881855528	1.1877648909486402	0.583089945372014	6326.902270885941	2722.4637771174225	0.009375265255437377	12.526582659727156	16.201535418952055	2.1639487998460343
	gen39ind19	898.8352309862718	0.07009663658328297	0.9996752580169961	0.558065945718639	1.1843445209327177	0.5803028361958937	6380.139960773666	2824.2153180082123	0.008789918209610458	12.555343114338996	16.286358106544277	2.1227213159884473
	gen38ind8	898.9492416006658	0.0757329737171721	0.9976568058813808	0.7055194768910011	1.187769508492023	0.5834607886133494	6369.284668505035	2690.1219062190125	0.008827481961526622	12.533441906108742	16.126818573846656	2.1639487998460343
	gen43ind13	899.7044916752325	0.0760059864007422	0.9981779208667327	0.6406299299477939	1.185192389033879	0.5822852483160457	6438.6111173964055	2896.787249696624	0.009266111838423007	12.53650430929477	16.327895808803195	2.1598361005028033
	gen36ind18	899.8088497963389	0.07263775062099104	0.9976568058813808	0.6504071005385452	1.1847631232917644	0.5816665157192189	6369.284668505035	2722.4637771174225	0.009266111838423007	12.546798618033337	16.23508294149299	2.1639487998460343
	gen40ind10	900.0263827372461	0.07059425357964498	0.9993706900431203	0.6203653399263306	1.1862029791342978	0.5811814175858487	6454.34568423929	2373.870982847513	0.009669385247149751	12.567461410688875	16.22747677513462	2.1208934496136784
	gen42ind11	900.1295349161769	0.07981529241795564	0.9959484450461893	0.7034452718892533	1.1904300491484974	0.5844523166415821	6098.357151665147	3511.253647913071	0.007775771380092582	12.501172076456108	16.0680776883247	2.299512382854795
	gen35ind0	900.7416362603316	0.07228385173585944	0.999581976588864	0.5814739598689593	1.186474043782901	0.5820529265076341	6380.139960773666	2824.2153180082123	0.008130860308970443	12.555343114338996	16.252786223210762	2.1639487998460343
	gen41ind16	902.3511960099958	0.07981529241795564	0.9954062008216558	0.7106234434347076	1.1929245851818626	0.5851169373225173	6198.178029410826	3250.289249226727	0.007775771380092582	12.500149060828834	16.012823150602543	2.299512382854795
	gen41ind11	903.3809320721263	0.07059425357964498	0.9985031260290874	0.5584760763860518	1.18229618523588	0.5810533701317661	6473.894778043333	2160.834017238256	0.0089101572299187	12.558735112052748	16.22747677513462	2.066685082126383
	gen41ind9	904.426348214435	0.06832613529743851	0.9984057976309	0.5584760763860518	1.1836287643358085	0.580436324019099	6473.894778043333	2160.834017238256	0.0089101572299187	12.539936548321291	16.22747677513462	2.066685082126383
	gen40ind16	905.3351527823513	0.07263775062099104	0.9976568058813808	0.6504071005385452	1.1847631232917644	0.5831446293332978	6369.284668505035	2722.4637771174225	0.007756665663365381	12.518159305540705	16.23508294149299	2.198135965791913
	gen39ind2	905.864438218027	0.07228385173585944	0.9998743091934548	0.565024645841384	1.1873032766608174	0.5822506959547521	6380.139960773666	2824.2153180082123	0.007924950259746016	12.559357821396153	16.236704483097437	2.1657766662208036
	gen41ind1	907.6216999333103	0.07446272571502424	0.9967083178822111	0.6278440779572219	1.1878710636658352	0.5829145895513415	6432.214822725405	2407.2168056803657	0.009461968740449252	12.560671681003521	16.12150688630694	2.1334173666496943
	gen40ind12	907.7040339613278	0.07009663658328297	0.9996752580169961	0.558065945718639	1.1821795586721984	0.5803028361958937	6380.139960773666	2611.178352398955	0.008927893388896673	12.578227878677154	16.286358106544277	2.1227213159884473
	gen39ind13	908.2403070283732	0.0712527657713477	0.999581976588864	0.5696790632683066	1.1845652318979472	0.5820529265076341	6409.8238499352665	2622.1400641816326	0.008308837613222597	12.557572014589095	16.256589306389948	2.1639487998460343
	gen38ind14	908.6072884828307	0.0712527657713477	0.999581976588864	0.5646721031662709	1.1845652318979472	0.5820529265076341	6409.8238499352665	2614.304711942829	0.008130860308970443	12.557572014589095	16.252786223210762	2.1639487998460343
	gen38ind19	908.9625565039299	0.06862428761600695	0.9997706267667332	0.5529406108099431	1.1860625754586898	0.5802751813980708	6380.139960773666	2824.2153180082123	0.008789918209610458	12.555343114338996	16.252786223210762	2.1227213159884473
	gen39ind16	909.4558906361402	0.07690459125346595	0.9993729325589169	0.6730197328570622	1.190055403522458	0.5859449725459377	6363.008469540711	2955.4748203923227	0.009844828337825774	12.539804735005339	16.118784668010214	2.167604532595573
	gen39ind17	910.0990670681718	0.07313798825780538	0.9977175439500188	0.6278440779572219	1.1878710636658352	0.5829145895513415	6437.64246885972	2487.6758400837593	0.009688420771846458	12.556656973946364	16.148795793969228	2.1334173666496943
	gen41ind17	910.2794491278937	0.07151413277915093	0.9977175439500188	0.6278440779572219	1.1878710636658352	0.5829145895513415	6564.632043566464	2443.7618798687245	0.008226311645953398	12.560671681003521	16.148795793969228	2.1334173666496943
	gen39ind9	911.0447916528072	0.06862428761600695	0.9997706267667332	0.5529406108099431	1.1860625754586898	0.5803205728975727	6380.139960773666	2824.2153180082123	0.009331687900447399	12.555343114338996	16.252786223210762	2.1227213159884473
	gen38ind18	911.3721864549777	0.07210690229329364	0.999581976588864	0.5766940257264006	1.186474043782901	0.5833868763423814	6451.635860610511	2824.2153180082123	0.008344168930366394	12.555343114338996	16.252786223210762	2.1639487998460343
	gen38ind13	912.1708402518478	0.07313798825780538	0.997976820618339	0.6278440779572219	1.1860015157222006	0.5838682912392422	6512.276468178727	2417.87179508628	0.00969272908121491	12.556656973946364	16.182052866671746	2.1334173666496943
	gen40ind6	912.339068481434	0.07313798825780538	0.9977175439500188	0.6278440779572219	1.1878710636658352	0.5829145895513415	6437.64246885972	2487.6758400837593	0.009461968740449252	12.560671681003521	16.148795793969228	2.1334173666496943
	gen38ind9	912.3789558122407	0.07690459125346595	0.999056732189	0.663982973535779	1.1894804289831593	0.5859449725459377	6297.364492253186	3026.7049981518303	0.008410755097447157	12.527543948478083	16.069418534449024	2.2017916985414514
	gen37ind6	913.0220265942163	0.07963834297538984	0.9962365497221328	0.7079202824356813	1.1894493228529184	0.5861009370939774	6178.628935606783	3037.653350489719	0.007989080001488534	12.501172076456108	16.039835178913187	2.284246666256625
	gen38ind4	913.0725248478736	0.07228385173585944	0.9978926334061295	0.6303792601304021	1.185662805213252	0.5822692800220624	6356.732270576388	2582.855687122464	0.009334778959737314	12.549513746718127	16.22920850539853	2.1208934496136784
	gen39ind10	913.4757072084585	0.06862428761600695	0.9998262277156409	0.5576021701458416	1.1868810805346302	0.5802186161572352	6299.229762490335	2824.2153180082123	0.008051721738665012	12.546357932931292	16.234082075681208	2.1227213159884473
	gen37ind16	914.2848491932442	0.07647875907129353	0.9990427013166859	0.6874459582484347	1.1900070969416232	0.5855826072768462	6237.996713929984	2880.638459535227	0.0065291842779223175	12.52226403259807	16.06686058358172	2.2323231317377914
	gen37ind19	914.6904007464441	0.07228385173585944	0.9977814315083141	0.621056141458605	1.184025795061371	0.5835739190950204	6512.276468178727	2417.87179508628	0.00969272908121491	12.556656973946364	16.264885070193728	2.1334173666496943
	gen36ind17	914.8614771827589	0.07228385173585944	0.9977814315083141	0.621056141458605	1.184025795061371	0.5835739190950204	6518.55266714305	2582.855687122464	0.009727632519954328	12.556656973946364	16.266616800457644	2.1334173666496943
	gen35ind18	915.4306552783827	0.07829149024887541	0.9969843478549849	0.6874459582484347	1.1894804289831593	0.5856175448325815	6237.996713929984	2832.582261738028	0.007989080001488534	12.525144346858994	16.039835178913187	2.2213559334891757
	gen38ind5	915.9330304656024	0.07494297078633536	0.9970244051415471	0.6968541866816365	1.1831964869351492	0.5842527348474214	6248.127509849163	2630.017667017939	0.005959335480769389	12.511051789537888	16.096626417707498	2.219483192956437
	gen36ind11	916.1839185980091	0.0743460236648829	0.9980475841014307	0.663982973535779	1.1894804289831593	0.584049532901793	6297.364492253186	3002.676899253231	0.008125830698870693	12.53422881063076	16.069418534449024	2.2017916985414514
	gen37ind9	916.2367006692488	0.07690459125346595	0.9980475841014307	0.663982973535779	1.1894804289831593	0.5859449725459377	6297.364492253186	3002.676899253231	0.008125830698870693	12.520872098706164	16.069418534449024	2.2017916985414514
	gen31ind11	916.8223575480216	0.07228385173585944	0.9997670162291004	0.6068664349839255	1.187476172182987	0.5834607886133494	6356.732270576388	2824.2153180082123	0.008130860308970443	12.555343114338996	16.23508294149299	2.1639487998460343
	gen39ind15	916.9338225850727	0.07313798825780538	0.997976820618339	0.6278440779572219	1.1853116627436497	0.5845453876955709	6536.886960503982	2107.840320020617	0.00969272908121491	12.556656973946364	16.182052866671746	2.1334173666496943
	gen34ind17	917.0277981387037	0.07158166988344447	0.9976568058813808	0.6303792601304021	1.1894233567044734	0.5822552600076625	6356.732270576388	2582.855687122464	0.009307195802768566	12.546798618033337	16.16793917482596	2.1639487998460343
	gen35ind15	917.1343959358388	0.07701889055057115	0.9970244051415471	0.6874459582484347	1.1866195594134257	0.5855826072768462	6237.996713929984	2832.582261738028	0.005959335480769389	12.508920333054231	16.028086306724273	2.2323231317377914
	gen38ind0	917.3851283139182	0.07718913036870981	0.9965527500920497	0.6874459582484347	1.1897186615939832	0.5850172566949983	6260.6799077778105	2763.476875623361	0.008496516131668321	12.529200350310184	16.039835178913187	2.2500595003107464
	gen36ind4	917.6246225958769	0.07829149024887541	0.9965527500920497	0.6874459582484347	1.1902462933528954	0.5856175448325815	6237.996713929984	2860.1338755220327	0.007989080001488534	12.525144346858994	16.039835178913187	2.2500595003107464
	gen38ind17	917.6312636722186	0.07847429792822155	0.9969843478549849	0.6916987125738713	1.1909550854439457	0.5857932224209165	6237.996713929984	2759.5315762113923	0.006740201743279951	12.528629690489806	16.019676964652632	2.2250116662387143
	gen39ind18	917.9253004981491	0.0748173941819146	0.9976568058813808	0.6727282976636095	1.1847631232917644	0.5816665157192189	6273.956802055909	2880.058563803571	0.008401143888558563	12.546798618033337	16.23508294149299	2.2240977330513294
	gen35ind19	918.0093112217849	0.07228385173585944	0.9976568058813808	0.6303792601304021	1.184025795061371	0.5834607886133494	6470.464457503482	2582.855687122464	0.009727632519954328	12.556656973946364	16.23508294149299	2.1334173666496943
	gen36ind16	918.0550756139089	0.07701889055057115	0.9970244051415471	0.6821787071416663	1.1858822311830326	0.5857989607912744	6237.996713929984	2832.582261738028	0.005959335480769389	12.508920333054231	16.10979575179395	2.2323231317377914
	gen35ind5	918.1094061382604	0.07647875907129353	0.9987078945045672	0.6874459582484347	1.1900070969416232	0.5855826072768462	6237.996713929984	2880.638459535227	0.007099033075075247	12.52226403259807	16.036257487918096	2.2323231317377914
	gen37ind4	918.1982462279421	0.07604533066650096	0.9970244051415471	0.6821787071416663	1.1858822311830326	0.58490958822584	6231.72051496566	2832.582261738028	0.0065193946762444836	12.5159809674944	16.175871276700235	2.2323231317377914
	gen34ind12	918.2797365187777	0.07847429792822155	0.9969843478549849	0.6916987125738713	1.1909550854439457	0.5858438057959235	6237.996713929984	2759.5315762113923	0.0072536005551776745	12.528629690489806	16.036257487918096	2.2250116662387143
	gen36ind14	918.5161971454057	0.07345832828795715	0.9976568058813808	0.6504071005385452	1.183527193853336	0.5838627271650264	6369.284668505035	2807.511095875024	0.007948276534712475	12.544298743652666	16.23854640202082	2.1639487998460343
	gen41ind18	918.5642095663885	0.07654813149114287	0.9972875009004271	0.6347382618750885	1.1900842046047129	0.5855826072768462	6237.996713929984	2803.316119105534	0.006710402786038894	12.507100662202628	16.131584624108633	2.2332370649251763
	gen37ind2	918.6159935606262	0.07097236200917041	0.9978475433808552	0.6303792601304021	1.1894233567044734	0.582062054613455	6356.732270576388	2653.5525781979886	0.009307195802768566	12.546798618033337	16.16793917482596	2.167604532595573
	gen39ind1	919.1064826209054	0.06819721935503398	0.9997706267667332	0.5542082018965332	1.1858932202042154	0.5800714300851244	6302.367861972496	2824.2153180082123	0.00806917345803472	12.555343114338996	16.276364042574155	2.1227213159884473
	gen37ind13	919.9526564014683	0.07345832828795715	0.9976568058813808	0.6504071005385452	1.1839101260382041	0.5838627271650264	6369.284668505035	2736.2395840094246	0.008393299997919119	12.544298743652666	16.240335247518367	2.1728169841325116
	gen34ind11	920.121054252726	0.0761366787734821	0.9976058666245636	0.680052329978948	1.1894804289831593	0.5862963277226076	6345.876978307759	2959.7279403049356	0.00665446064921391	12.515078091032326	16.036257487918096	2.225598835571422
	gen37ind8	920.262464098472	0.0743557325102865	0.9970244051415471	0.6821787071416663	1.1834457875391666	0.5841083308124183	6248.127509849163	2630.017667017939	0.005959335480769389	12.517230904684737	16.10979575179395	2.219483192956437
	gen35ind6	920.2982140956302	0.07097236200917041	0.9978475433808552	0.6303792601304021	1.1894233567044734	0.5822552600076625	6356.732270576388	2704.4283486433833	0.009307195802768566	12.546798618033337	16.16793917482596	2.167604532595573
	gen35ind14	920.7102877631446	0.073339932473406	0.9976568058813808	0.6504071005385452	1.1820967590684692	0.5838627271650264	6369.284668505035	2722.4637771174225	0.007948276534712475	12.544298743652666	16.234460811423908	2.1639487998460343
	gen37ind10	920.9462318091507	0.07228385173585944	0.9978926334061295	0.6303792601304021	1.185662805213252	0.5834607886133494	6356.732270576388	2582.855687122464	0.008251239578063434	12.538686611130956	16.22920850539853	2.155080615559557
	gen39ind0	921.0288492266814	0.07228385173585944	0.9978926334061295	0.6303792601304021	1.185662805213252	0.5834607886133494	6356.732270576388	2666.0862095705397	0.008251239578063434	12.538686611130956	16.22920850539853	2.155080615559557
	gen34ind1	921.2739915736352	0.07263775062099104	0.9976568058813808	0.6504071005385452	1.1855289876615005	0.5834607886133494	6369.284668505035	2722.4637771174225	0.009266111838423007	12.546798618033337	16.23508294149299	2.1639487998460343
	gen37ind15	922.0593066956612	0.07007913197552823	0.9976568058813808	0.6303792601304021	1.1846075416954274	0.5822602123381829	6402.098658272042	2449.4351720075356	0.008677944091523945	12.546798618033337	16.23508294149299	2.1639487998460343
	gen34ind7	922.3575107403245	0.07007913197552823	0.9976568058813808	0.6303792601304021	1.1846075416954274	0.5822602123381829	6402.098658272042	2389.541687325121	0.009266111838423007	12.546798618033337	16.23508294149299	2.1639487998460343
	gen36ind6	922.5493843140338	0.07712268067150568	0.9973173768710512	0.6512861609112276	1.1889793647831164	0.58627651282478	6309.916890181834	2833.7727007412473	0.006828158143762285	12.529416595011822	16.208528018916336	2.2323231317377914
	gen37ind0	922.645751755886	0.07768911058446601	0.9973658228539337	0.6874459582484347	1.1914549181479848	0.5858438057959235	6231.72051496566	2837.693007217047	0.007099033075075247	12.531427411962664	16.036257487918096	2.2323231317377914
	gen38ind3	923.35644339599	0.07059425357964498	0.9978926334061295	0.6203653399263306	1.1862029791342978	0.5826595311999276	6373.139265459891	2373.870982847513	0.0089101572299187	12.539936548321291	16.22747677513462	2.155080615559557
	gen34ind19	924.1321229800826	0.07647875907129353	0.9976754123235828	0.6874459582484347	1.1866195594134257	0.5855826072768462	6237.996713929984	2832.582261738028	0.007099033075075247	12.52226403259807	16.036257487918096	2.2323231317377914
	gen33ind13	924.3672984744176	0.07883991328691384	0.9963547915173097	0.6959514668993079	1.192429741904732	0.5858438057959235	6166.076537678135	2832.582261738028	0.007099033075075247	12.52204877829395	16.048589560466702	2.2323231317377914
	gen34ind13	924.396387392199	0.07360090632351696	0.9976568058813808	0.6303792601304021	1.1874397114248934	0.5834607886133494	6299.551093964207	2669.7034502296683	0.00834412835431294	12.546798618033337	16.16355731137268	2.198716055767396
	gen39ind6	924.446794694187	0.06691977528823799	0.9996125265817748	0.5740984079863687	1.1845652318979472	0.5800334852673729	6409.8238499352665	2422.2543257969637	0.008789918209610458	12.580385285377709	16.252786223210762	2.105627733015508
	gen34ind3	924.4970548344102	0.07725568217967343	0.9973658228539337	0.6874459582484347	1.1894804289831593	0.5858438057959235	6237.996713929984	3002.676899253231	0.007099033075075247	12.525144346858994	16.036257487918096	2.2323231317377914
	gen35ind17	924.7468760295747	0.07743263162223923	0.9973658228539337	0.7092162910257446	1.1894804289831593	0.5858438057959235	6237.996713929984	3002.676899253231	0.007099033075075247	12.525144346858994	16.036257487918096	2.2323231317377914
	gen37ind12	924.8236840843558	0.07345832828795715	0.9976568058813808	0.6789404495975615	1.183527193853336	0.5838627271650264	6309.916890181834	2885.3638593143487	0.007948276534712475	12.544298743652666	16.23854640202082	2.2051762837036213
	gen38ind15	924.8534974937745	0.07829734848565575	0.9970466606684516	0.6916987125738713	1.190586421328749	0.5867975074838243	6312.630713248991	2689.727531213913	0.007484360895943335	12.53355886844632	16.052024417400425	2.2250116662387143
	gen38ind7	924.9115647949222	0.07329349548433556	0.997679350894018	0.6504071005385452	1.1855289876615005	0.5841601556132966	6369.284668505035	2722.4637771174225	0.009266111838423007	12.546798618033337	16.265717606779276	2.1639487998460343
	gen30ind9	925.5287391255175	0.07228385173585944	0.9976568058813808	0.6303792601304021	1.187476172182987	0.5834607886133494	6356.732270576388	2582.855687122464	0.009266111838423007	12.546798618033337	16.23508294149299	2.1639487998460343
	gen33ind9	925.5702773931303	0.07642611473693896	0.9989970388974763	0.6874459582484347	1.1931172622841584	0.5863749001890906	6237.996713929984	3162.8919415465975	0.007099033075075247	12.525144346858994	16.128007242245147	2.2323231317377914
	gen37ind17	926.052486025793	0.07228385173585944	0.9975614371316437	0.6303792601304021	1.187476172182987	0.5834607886133494	6356.732270576388	2582.855687122464	0.009166290603225723	12.546798618033337	16.23508294149299	2.162120933471265
	gen36ind19	926.1180522309143	0.07228385173585944	0.9973205768681829	0.6303792601304021	1.191168007140332	0.5834607886133494	6356.732270576388	2582.855687122464	0.009286513571811036	12.537221419636502	16.13777012523763	2.1639487998460343
	gen29ind11	926.1671772877563	0.0743251850975423	0.9976568058813808	0.6412300587671731	1.187476172182987	0.5847308696711193	6356.732270576388	2582.855687122464	0.009094495511562821	12.546798618033337	16.23508294149299	2.1639487998460343
	gen38ind6	926.2976256116414	0.07631499624075624	0.9968287640393825	0.6891776116911847	1.1874222464813338	0.5847808628536634	6280.233001020233	2722.4637771174225	0.009266111838423007	12.546798618033337	16.23508294149299	2.1639487998460343
	gen31ind18	927.5762200860872	0.07712268067150568	0.9969843478549849	0.6874459582484347	1.1894804289831593	0.5858438057959235	6237.996713929984	2832.582261738028	0.007099033075075247	12.525144346858994	16.036257487918096	2.2323231317377914
	gen32ind3	927.5786137776754	0.07642611473693896	0.9976058666245636	0.6874459582484347	1.1894804289831593	0.5857398596602056	6237.996713929984	2832.582261738028	0.007099033075075247	12.525144346858994	16.036257487918096	2.2323231317377914
	gen35ind13	928.0151928522704	0.07883991328691384	0.9963588103013581	0.7012187180060763	1.1931670701351251	0.5854011913181534	6105.860206524923	2832.582261738028	0.007466321760885369	12.526308014066025	16.038549363834797	2.2213559334891757
	gen37ind18	928.0370238075852	0.07114936250861595	0.9976568058813808	0.6504071005385452	1.1815514731925068	0.5826712185737393	6369.284668505035	2807.511095875024	0.007948276534712475	12.555125879239839	16.23854640202082	2.1639487998460343
	gen32ind4	928.3505639801058	0.07712268067150568	0.9963547915173095	0.6811642103603345	1.1894804289831593	0.58627651282478	6309.916890181834	2833.7727007412473	0.006828158143762285	12.530177474772326	16.19967637805745	2.2323231317377914
	gen34ind5	928.6293816353108	0.0761366787734821	0.9976058666245636	0.7018394412665924	1.188094215874212	0.5862963277226076	6237.996713929984	2789.5531048588646	0.0054735067023511	12.508133428532213	16.02910210592791	2.246946062735946
	gen35ind7	928.7002192300047	0.07672764181090015	0.9973658228539337	0.6874459582484347	1.1894804289831593	0.5858438057959235	6231.72051496566	2932.872854255752	0.007119575057248026	12.525144346858994	16.00268560458458	2.2323231317377914
	gen35ind1	928.813340061414	0.0761366787734821	0.9977606613593882	0.7107647679593133	1.189528531117992	0.5862963277226076	6237.996713929984	2789.5531048588646	0.0054735067023511	12.508133428532213	16.001852070822263	2.246946062735946
	gen35ind4	928.9178586481042	0.07298603358827441	0.9963547915173095	0.6811642103603345	1.1894804289831593	0.5842336101901797	6381.8370664336835	2794.6708767653	0.006828158143762285	12.530177474772326	16.124098633926025	2.1896286774087432
	gen34ind0	929.0105117632626	0.0743251850975423	0.99796639535103	0.648229913515844	1.187476172182987	0.5848321762684827	6348.063580018779	2099.3624538686536	0.008374905244627355	12.55366903253338	16.17317458799264	2.1639487998460343
	gen27ind3	929.1866123033604	0.0743251850975423	0.9976407307451877	0.6470013803547163	1.1926549067333791	0.5847308696711193	6331.627474719093	2661.0593350743584	0.009094495511562821	12.546798618033337	16.23508294149299	2.1617857047535645
	gen37ind11	929.3086964131843	0.07740098691302555	0.9962932833863869	0.6773052295557136	1.190526779059165	0.5858438057959235	6178.628935606783	3073.5253914516097	0.0072536005551776745	12.509690548000254	16.001881235620253	2.259198832184593
	gen34ind16	929.7655335115353	0.07883991328691384	0.9960440321325204	0.6959514668993079	1.192429741904732	0.5856175448325815	6141.820294650848	2832.582261738028	0.0072536005551776745	12.527081906207284	16.038549363834797	2.2250116662387143
	gen36ind1	929.8471578261191	0.07972105354962619	0.9969542537342797	0.715979307307451	1.1894804289831593	0.5875074794305154	6237.996713929984	3002.676899253231	0.005425102914075658	12.525144346858994	16.03366894613275	2.2323231317377914
	gen35ind3	929.848485739624	0.07883991328691384	0.9960440321325204	0.6959514668993079	1.1934033341654753	0.5856175448325815	6141.820294650848	2832.582261738028	0.0072536005551776745	12.527081906207284	16.038549363834797	2.2250116662387143
	gen33ind10	930.0376051072736	0.07540544805609753	0.9963547915173095	0.6811642103603345	1.1894804289831593	0.585641472295895	6381.8370664336835	2794.6708767653	0.006828158143762285	12.530177474772326	16.106395352208253	2.1896286774087432
	gen37ind7	930.0697847191543	0.07740098691302555	0.9971396796784475	0.6773052295557136	1.1909550854439457	0.5858438057959235	6195.760426839735	3052.665115387793	0.0072536005551776745	12.528629690489806	16.101617081764104	2.2310931768050684
	gen41ind15	930.2030422169801	0.07942162122193054	0.9966258633148826	0.7124462050126132	1.190795212482004	0.5869066578954651	6142.308599025322	2947.001702046762	0.003413053590935475	12.515540881254367	16.057921867439894	2.2837645770566133
	gen38ind2	930.2427244295152	0.07647875907129353	0.9990427013166859	0.7181056844701692	1.1900070969416232	0.5867741158681332	6237.996713929984	2880.638459535227	0.0065291842779223175	12.52226403259807	16.029614925158498	2.26728865707737
	gen30ind7	930.4625679066776	0.07712268067150568	0.9963547915173095	0.6811642103603345	1.1894804289831593	0.5858438057959235	6237.996713929984	2871.684085713975	0.007099033075075247	12.525144346858994	16.129538513767294	2.2323231317377914
	gen30ind17	930.7098884669799	0.07571831696667575	0.9963976932060302	0.6473902774321485	1.1933747980261322	0.5839667622107697	6212.891918072689	2553.3660817481114	0.009649303194999924	12.546798618033337	16.094807212912677	2.2493377085041306
	gen36ind12	930.8676349092384	0.07024470937722495	0.9976568058813808	0.6079909617435724	1.1820967590684692	0.5826712185737393	6369.284668505035	2754.8056480158325	0.007948276534712475	12.544298743652666	16.234460811423908	2.1639487998460343
	gen35ind2	930.9194762775747	0.07740098691302555	0.9962932833863869	0.6773052295557136	1.1909550854439457	0.5858438057959235	6237.996713929984	2948.6621041438275	0.0072536005551776745	12.528629690489806	16.101617081764104	2.2250116662387143
	gen32ind7	931.057299808033	0.0762646511154253	0.995591841519412	0.6741643556116634	1.1807010971265917	0.5858438057959235	6354.711468580006	2454.481601734894	0.008266519724620534	12.531302104837089	16.065675856107383	2.2486849252307426
	gen33ind19	931.162151762522	0.0761366787734821	0.9976058666245636	0.6874459582484347	1.1894804289831593	0.5862963277226076	6237.996713929984	2978.6836327912997	0.006789898114870391	12.515078091032326	16.036257487918096	2.246946062735946
	gen31ind8	931.7233822410933	0.0743251850975423	0.9976568058813808	0.6412300587671731	1.187476172182987	0.5848321762684827	6356.732270576388	2477.543311802656	0.009107553332374	12.556864873860004	16.23508294149299	2.1639487998460343
	gen36ind15	932.8653124878143	0.07722403747045975	0.9962932833863869	0.667291309351642	1.191928677704689	0.5858438057959235	6231.72051496566	2948.6621041438275	0.0072536005551776745	12.528629690489806	16.101617081764104	2.2250116662387143
	gen35ind8	933.145065471481	0.07416045908349238	0.9973658228539337	0.6567862320267002	1.18774097235268	0.5846522972046364	6237.996713929984	2914.3389547087672	0.008105288716697913	12.525144346858994	16.13567021470554	2.2323231317377914
	gen36ind13	933.2740638906264	0.07820361343776171	0.9960440321325204	0.6959514668993079	1.1909993071198652	0.5856175448325815	6141.820294650848	2832.582261738028	0.006238728294818102	12.527081906207284	16.032674927740338	2.2250116662387143
	gen37ind14	933.4108957595196	0.07969404980885977	0.9965501806273346	0.7027394033979247	1.1947883947504296	0.5870353143872106	6166.076537678135	2832.582261738028	0.007099033075075247	12.52204877829395	16.048589560466702	2.2512445810855
	gen37ind3	933.4453806138798	0.0743251850975423	0.9979916126934996	0.6417373071578389	1.187476172182987	0.5849109205161724	6284.8120943245385	2477.543311802656	0.008673142000877553	12.546236303000956	16.23508294149299	2.1639487998460343
	gen35ind11	933.476788891286	0.07883991328691384	0.9960440321325204	0.6656467756495983	1.1921207200591195	0.5856175448325815	6201.18807297405	2676.5773652099238	0.0072536005551776745	12.55144762887118	16.038549363834797	2.2250116662387143
	gen33ind0	936.3205986265066	0.07669329125652184	0.9949726625801137	0.6671645008629925	1.193234208379623	0.5858619411636823	6335.733069725909	3210.8433176028984	0.009731815900113827	12.53305778903325	16.189492563108082	2.21762328514677
	gen33ind17	936.6840632865506	0.07569488401955439	0.9969843478549849	0.6874459582484347	1.1928679665113568	0.5858438057959235	6257.165004912833	2896.769304431813	0.007099033075075247	12.525144346858994	16.1209610306109	2.2323231317377914
	gen38ind10	936.8813508346486	0.07963834297538984	0.9959956894586721	0.7035463685053024	1.1894493228529184	0.5879918126852117	6178.628935606783	3212.21551101734	0.007989080001488534	12.501172076456108	16.026005664540747	2.3166059658277343
	gen33ind1	937.2861613082836	0.07571831696667575	0.9963976932060302	0.6473902774321485	1.1963448861692219	0.5849387619425552	6210.705316361667	2553.3660817481114	0.00959926621683983	12.530144095620336	16.037501748056258	2.262176239853831
	gen33ind15	937.5707046305688	0.07571831696667575	0.9963976932060302	0.6375031657167265	1.1933747980261322	0.5838654556134062	6149.434542496184	2553.3660817481114	0.00968154286137914	12.546037738272833	16.065388844723394	2.2493377085041306
	gen33ind16	937.6219134737837	0.07642049881909072	0.9969843478549849	0.6705589917843418	1.1894804289831593	0.5858438057959235	6189.484227875411	2832.582261738028	0.007099033075075247	12.525144346858994	16.01617709465429	2.2323231317377914
	gen34ind10	937.6654410853774	0.07642049881909072	0.9969843478549849	0.6705589917843418	1.1928679665113568	0.5858438057959235	6208.65251885826	2844.113116771909	0.00751954987895198	12.525144346858994	16.01617709465429	2.2323231317377914
	gen36ind3	938.2533198090217	0.07883991328691384	0.9960440321325204	0.7194144516119636	1.1958943870960193	0.5868090534238686	6141.820294650848	2832.582261738028	0.0072536005551776745	12.513068264479006	16.028183566029647	2.2708088160332243
	gen34ind6	938.3078522583934	0.07571831696667575	0.9963976932060302	0.6473902774321485	1.1963448861692219	0.5850399286925695	6210.705316361667	2553.3660817481114	0.00973470368249631	12.530144095620336	16.037501748056258	2.2835234670183553
	gen35ind16	938.400526070431	0.07571831696667575	0.9960974069574821	0.6571111880830218	1.1933747980261322	0.5843712703771267	6149.434542496184	3005.0233044404004	0.00968154286137914	12.531775395435641	16.065388844723394	2.283524874450009
	gen33ind7	938.8442758773656	0.07436252193138213	0.996440277051359	0.6787755668547315	1.174405330616798	0.5858438057959235	6358.595175951045	2863.4811123664913	0.008175854160335495	12.526666106380002	16.026081554817033	2.2785863853637482
	gen36ind0	939.7234389835346	0.07483626771185031	0.9980168300359693	0.6874459582484347	1.188478300583073	0.5858438057959235	6261.404404127261	2877.2183924438395	0.008318009922405608	12.5334549184895	16.036257487918096	2.198135965791913
	gen31ind5	939.7948976610746	0.07747021436490176	0.9942257877184094	0.6671645008629925	1.1999517216637212	0.5861133748690679	6339.806669225699	2658.88673552362	0.009325388378619192	12.535938103294175	16.179308748158714	2.179793219174424
	gen30ind11	940.3082568229576	0.07669329125652184	0.9948571329148983	0.6601687015117812	1.19873312223029	0.58574281686596	6309.189069505641	3197.6695767968977	0.00971476838081111	12.535938103294175	16.182505648048082	2.206153525765213
	gen31ind13	940.8791051730785	0.07571831696667575	0.9963976932060302	0.6473902774321485	1.1933747980261322	0.5849387619425552	6212.891918072689	2553.3660817481114	0.00968154286137914	12.540607480903251	16.065388844723394	2.2493377085041306
	gen41ind6	941.04552103548	0.07228385173585944	0.9978395138972058	0.6303792601304021	1.185662805213252	0.5843208471771955	6356.732270576388	2730.6479689145203	0.007023059346139964	12.549513746718127	16.138717490266536	2.1524066028942452
	gen31ind12	942.1706935057613	0.07513944503976203	0.995591841519412	0.6811642103603345	1.1807010971265917	0.5858438057959235	6318.395688610692	2454.481601734894	0.008266519724620534	12.526666106380002	16.065675856107383	2.2785863853637482
	gen34ind15	942.2845413126445	0.07747021436490176	0.9942257877184094	0.6741643556116634	1.1999517216637212	0.5861133748690679	6290.938491327736	2489.307119579158	0.008008996966099902	12.531981382207046	16.14933172348832	2.187143142469935
	gen37ind1	942.3878491309014	0.07345832828795715	0.9976568058813808	0.6504071005385452	1.1850303864534653	0.5857581668091711	6369.284668505035	2807.511095875024	0.007432362917764876	12.544298743652666	16.23854640202082	2.1639487998460343
	gen34ind2	942.4248567574422	0.07513944503976203	0.995591841519412	0.6811642103603345	1.1807010971265917	0.5858438057959235	6318.395688610692	2381.430916208258	0.008421087204722962	12.526666106380002	16.071841892381684	2.2712749198646707
	gen28ind14	942.4258239278794	0.07669329125652184	0.9949726625801137	0.6671645008629925	1.1952021681226266	0.5861638693340496	6335.733069725909	3210.8433176028984	0.009731815900113827	12.535938103294175	16.179308748158714	2.21762328514677
	gen35ind10	942.8676512338122	0.07569488401955439	0.9984423788721537	0.6811642103603345	1.1894804289831593	0.585085004233493	6309.916890181834	3055.1649016412243	0.006828158143762285	12.544515978751823	16.281296902613104	2.178660071728473
	gen33ind4	943.8886152458233	0.07747021436490176	0.9942257877184094	0.6671645008629925	1.1999517216637212	0.5861133748690679	6339.806669225699	2519.2786455286614	0.009325388378619192	12.546765238881346	16.208583610656007	2.1883005075575936
	gen29ind12	943.9119554686116	0.07669329125652184	0.9948410577787052	0.6753844681462681	1.1937718435157012	0.58574281686596	6271.2487087868585	3197.6695767968977	0.009471262810335513	12.535938103294175	16.182505648048082	2.21762328514677
	gen40ind18	944.2749380946665	0.06862428761600695	0.9991372417211097	0.5529406108099431	1.1860625754586898	0.5819772365249646	6320.772182450464	2824.2153180082123	0.009331687900447399	12.555343114338996	16.252786223210762	2.1227213159884473
	gen33ind5	945.5795853976982	0.07579085339347091	0.995273208714046	0.6833074493881486	1.1785930601841428	0.58627651282478	6309.916890181834	2125.2821629986756	0.007451338640240234	12.530177474772326	16.051110177704736	2.2323231317377914
	gen35ind9	945.710220616825	0.07669329125652184	0.9946578844112761	0.6671645008629925	1.1952021681226266	0.5861638693340496	6299.772981599985	3210.8433176028984	0.009731815900113827	12.532647647196246	16.18547478443302	2.2212790178963084
	gen33ind2	945.9756435562076	0.07228385173585944	0.9997670162291004	0.6293216689404284	1.187496947404504	0.5834607886133494	6426.465845117216	2824.2153180082123	0.007761588899928564	12.555343114338996	16.29204289321065	2.1639487998460343
	gen30ind13	946.1977310137271	0.07669329125652184	0.9942257877184094	0.6671645008629925	1.1934163484691664	0.5861638693340496	6335.733069725909	2658.88673552362	0.008589639321483513	12.535938103294175	16.179308748158714	2.21762328514677
	gen36ind5	946.5681280726762	0.07228385173585944	0.999581976588864	0.5814739598689593	1.186474043782901	0.5815471117439137	6380.139960773666	2824.2153180082123	0.008130860308970443	12.555343114338996	16.35219894999821	2.1297616339001557
	gen32ind11	947.4687024602489	0.07513944503976203	0.995389001419194	0.6811642103603345	1.1807629562880857	0.5863620874807192	6375.576865222873	2454.481601734894	0.009060459530450805	12.531302104837089	16.09056097330309	2.2785863853637482
	gen34ind14	947.6199930963749	0.07669329125652184	0.9949726625801137	0.6745581291324791	1.1952021681226266	0.5861638693340496	6263.81289347406	3210.8433176028984	0.009731815900113827	12.531873755054987	16.179308748158714	2.21762328514677
	gen39ind3	947.7209249067524	0.06881397244833798	0.9982088337760464	0.6018459110713859	1.185662805213252	0.5834607886133494	6356.732270576388	2361.335399916011	0.008251239578063434	12.538686611130956	16.22920850539853	2.1208934496136784
	gen32ind10	948.044305423841	0.07436252193138213	0.9959600902510757	0.6755959428679246	1.1807010971265917	0.5858438057959235	6318.395688610692	2863.4811123664913	0.007746399506663629	12.526666106380002	16.026081554817033	2.2785863853637482
	gen40ind4	948.8640628445812	0.06537411025721471	0.9997706267667332	0.5529406108099431	1.1860625754586898	0.5803205728975727	6380.139960773666	2824.2153180082123	0.00981864171437364	12.583085563084124	16.252786223210762	2.0473066661849817
	gen39ind4	948.9204687940011	0.07240837113141582	0.9978524469835455	0.6436684869937593	1.184506024406326	0.5855826072768462	6237.996713929984	2832.582261738028	0.006526528405682448	12.508920333054231	16.028086306724273	2.1601072480901724
	gen36ind7	948.9275036179704	0.07412295613749835	0.9962932833863869	0.6445191261712607	1.1909550854439457	0.5846522972046364	6237.996713929984	2823.7988168360453	0.008337139936851555	12.5410046103595	16.101617081764104	2.1908245002928357
	gen35ind12	948.9538210195097	0.07425306842561018	0.9963976932060302	0.6375031657167265	1.192372669626046	0.5838654556134062	6204.467975540581	2553.3660817481114	0.00968154286137914	12.560300081110025	16.065388844723394	2.215150542558252
	gen36ind2	949.5300526012213	0.07298603358827441	0.9970057986993452	0.6811642103603345	1.1867531120222652	0.585641472295895	6381.8370664336835	2794.6708767653	0.006828158143762285	12.543417224359345	16.124098633926025	2.1401757948646947
	gen36ind9	950.4069276751299	0.06769433123364321	0.9986539302552855	0.5975931567459493	1.185221383282793	0.5822552600076625	6356.732270576388	2579.565061335601	0.009307195802768566	12.561586151902876	16.16793917482596	2.167604532595573
	gen31ind16	950.7517707497931	0.07513944503976203	0.9949622851817368	0.6811642103603345	1.1721956286624524	0.5858438057959235	6263.10150978728	3476.8857567868145	0.007902759607381571	12.526666106380002	16.10012014557801	2.277426205412781
	gen36ind8	951.2840630859278	0.07228385173585944	0.999581976588864	0.5783330859249092	1.186474043782901	0.5820529265076341	6416.100048899591	2824.810537509822	0.007550399380107318	12.557859678295662	16.332706822782896	2.1639487998460343
	gen33ind14	952.1602314706416	0.07613106285563385	0.9949622851817368	0.6811642103603345	1.1850907630548755	0.5858438057959235	6207.807330963868	3477.936899694623	0.00773300966750778	12.526666106380002	16.129538513767294	2.2932834170914616
	gen32ind12	952.2433006654365	0.07479923557759907	0.9945769555462597	0.6811642103603345	1.1807010971265917	0.5850487334979755	6207.807330963868	2769.4463619520516	0.00773300966750778	12.526666106380002	16.129538513767294	2.3006333403869723
	gen33ind3	953.2688128117308	0.07542888100321889	0.9963976932060302	0.6473902774321485	1.1933747980261322	0.5854952300049574	6212.891918072689	2553.3660817481114	0.00968154286137914	12.540607480903251	16.065388844723394	2.2493377085041306
	gen32ind9	953.3197892394427	0.07513944503976203	0.9946314679188455	0.6801367588978345	1.1932926301461786	0.5853255241111279	6193.367935246451	2871.684085713975	0.0073551204316348396	12.522030107922916	16.129538513767294	2.3304123477734535
	gen29ind4	953.5151172584639	0.07513944503976203	0.9949622851817368	0.6811642103603345	1.1807010971265917	0.5858438057959235	6263.10150978728	2871.684085713975	0.007999764696064157	12.526666106380002	16.129538513767294	2.2932834170914616
	gen34ind9	953.7122487083842	0.07571831696667575	0.9963976932060302	0.6473902774321485	1.1943977016477354	0.585927937033814	6210.705316361667	2553.3660817481114	0.00959926621683983	12.530144095620336	16.037501748056258	2.262176239853831
	gen40ind7	953.8770230604421	0.06777161127415861	0.9993192671770936	0.6278440779572219	1.1838432095269074	0.5845453876955709	6536.886960503982	2107.840320020617	0.00969272908121491	12.56311498735764	16.235684617589023	2.1128036247209008
	gen33ind6	954.2962903664554	0.07448857149619065	0.9942257877184094	0.6621517124056208	1.1895533504993465	0.5855288288051647	6352.359067154346	2658.88673552362	0.00894300004329538	12.535938103294175	16.179308748158714	2.162788619895067
	gen31ind17	954.577347168014	0.07675138898646103	0.9977449535558522	0.6535465768403301	1.2031078686381211	0.5849723607427626	6246.143912929563	3417.260655080626	0.009365775352489676	12.546004359120843	16.362808256812816	2.193342863301461
	gen33ind18	954.6797287674367	0.07669329125652184	0.9949726625801137	0.6671645008629925	1.1952021681226266	0.5871879657825656	6333.546468014889	3210.8433176028984	0.009649539255574517	12.52547471801126	16.151421651491574	2.21762328514677
	gen32ind17	954.9662289340175	0.07747021436490176	0.9933426750748171	0.6671645008629925	1.1999106377237445	0.5866698429314701	6352.359067154346	2658.88673552362	0.008990008425593355	12.535938103294175	16.03325550844667	2.179793219174424
	gen31ind0	956.0131270837903	0.07669329125652184	0.9942257877184094	0.6923007453451543	1.1934163484691664	0.5868803691655148	6352.359067154346	2658.88673552362	0.00894300004329538	12.535938103294175	16.179308748158714	2.189625862545435
	gen30ind10	956.9367956006095	0.07513944503976203	0.9946314679188455	0.6857050263902444	1.1932926301461786	0.5858438057959235	6237.996713929984	2871.684085713975	0.0073551204316348396	12.526666106380002	16.129538513767294	2.27858357050044
	gen30ind5	958.560254660341	0.07482291963561048	0.9949622851817368	0.6902846429394113	1.1724182956993205	0.5861045829460092	6266.375350311166	2930.3368216778954	0.008494920154613823	12.526666106380002	16.051271508911405	2.331295756594227
	gen31ind2	958.9531615451101	0.07513944503976203	0.9949622851817368	0.6811642103603345	1.1807010971265917	0.5858438057959235	6207.807330963868	3288.886569693056	0.00773300966750778	12.526666106380002	16.129538513767294	2.2932834170914616
	gen32ind6	959.7720691030854	0.07513944503976203	0.9946314679188455	0.6748049623867207	1.1932926301461786	0.5858438057959235	6237.996713929984	2953.262077180902	0.007407610417276804	12.526666106380002	16.036257487918096	2.27858357050044
	gen29ind17	961.2326939511869	0.07571831696667575	0.9963976932060302	0.6286665629909728	1.1807168096702048	0.5834607886133494	6212.891918072689	2661.0593350743584	0.00939034796965786	12.546798618033337	16.421644993191386	2.2493377085041306
	gen36ind10	963.6395690805226	0.0743251850975423	0.9976875599468422	0.6431595491694835	1.1867388439525937	0.5848321762684827	6392.692358702313	2420.098610101366	0.009107553332374	12.556864873860004	16.284112589639662	2.1639487998460343
	gen30ind14	964.6603569627508	0.07623485297656839	0.9963976932060302	0.6286665629909728	1.1807168096702048	0.5841772884448145	6229.5179155011265	3064.1650158644616	0.009743708691469729	12.541368360663757	16.421644993191386	2.2213402859027958
	gen34ind8	965.2404096612167	0.07056661912045128	0.9997670162291004	0.5983609263330523	1.187476172182987	0.5827218019487465	6429.745747683748	2824.2153180082123	0.008130860308970443	12.563670375545495	16.333873538211357	2.1639487998460343
	gen33ind11	965.4160083079115	0.07780309959583158	0.9977550071259391	0.6838775870533771	1.1885977882239906	0.5874339503918196	6232.896129067649	3719.5378121483654	0.006308844346045826	12.534416343773167	16.362808256812816	2.2664397782659487
	gen30ind4	966.7372050647974	0.07980098369004146	0.9992442095413487	0.6518024518451258	1.2076134143444497	0.5855077292774555	6130.463515587353	2898.8617060516826	0.00474709503765817	12.576224049949715	16.992715218317276	2.1401898743937338
	gen27ind5	966.7611760639088	0.07669329125652184	0.9963976932060302	0.6753844681462681	1.1937718435157012	0.5861638693340496	6271.2487087868585	3417.260655080626	0.009471262810335513	12.535938103294175	16.362808256812816	2.21762328514677
	gen29ind13	966.7667287006212	0.07513944503976203	0.9949622851817368	0.6846721581670232	1.2004119383053373	0.5858438057959235	6212.891918072689	3382.5266401283056	0.009866693123853163	12.538856028908395	16.074558176162427	2.21762328514677
	gen31ind19	967.4636326190471	0.07780309959583158	0.9977550071259391	0.6768777323047062	1.202475834724625	0.5874339503918196	6271.2487087868585	3871.462677220037	0.007020158731664636	12.534416343773167	16.362808256812816	2.21762328514677
	gen34ind4	968.0395119178274	0.07228385173585944	0.9976568058813808	0.620238531437681	1.1903370417527206	0.5836208203824125	6405.600448474351	2771.9862150548993	0.009266111838423007	12.552195496250928	16.3066085716133	2.1565988765505235
	gen29ind0	969.1655133056521	0.07675138898646103	0.9963976932060302	0.6789390519552964	1.1997203311099236	0.5861638693340496	6246.143912929563	3417.260655080626	0.008732601781310252	12.535938103294175	16.362808256812816	2.193342863301461
	gen32ind15	969.253232588151	0.07531118699556588	0.9979023246192014	0.6286665629909728	1.1930559363197326	0.5841744016087171	6212.891918072689	2555.74695975455	0.008895567877650506	12.556864873860004	16.421644993191386	2.190938775630693
	gen32ind16	969.6781451830391	0.07494750629192898	0.9976407307451877	0.6470013803547163	1.2013381227207858	0.5847308696711193	6241.2751147075405	2662.1456348497277	0.009094495511562821	12.546798618033337	16.356251064009328	2.1617857047535645
	gen28ind3	970.7178642125247	0.07980098369004146	0.9992442095413487	0.6681528118423365	1.2076134143444497	0.5863766349152119	6133.970781221466	3569.4633793531807	0.00474709503765817	12.562781463149813	16.843050325336478	2.0645297424490416
	gen32ind2	971.2813530062061	0.0785800227042115	0.9970719802254377	0.6768777323047062	1.202475834724625	0.5879522320766152	6271.2487087868585	3973.6652441144	0.00735839889100206	12.534416343773167	16.362808256812816	2.1731430237376133
	gen32ind8	971.5614540647248	0.07738985719108857	0.9942257877184094	0.6671645008629925	1.192116270418134	0.5862986538706219	6386.638047373766	2633.8817147366503	0.008589639321483513	12.541334981511765	16.272589774007912	2.1913583288650864
	gen30ind16	971.8131807028209	0.07669329125652184	0.9977550071259391	0.6862352667830389	1.1937718435157012	0.5874339503918196	6271.2487087868585	3871.462677220037	0.00783187016032134	12.534416343773167	16.362808256812816	2.21762328514677
	gen32ind13	972.1060775213846	0.07634746587651065	0.9942257877184094	0.6430589162061258	1.192116270418134	0.5848123289736995	6335.733069725909	2633.8817147366503	0.008589639321483513	12.54212924042426	16.302008142197195	2.21762328514677
	gen31ind15	974.9262470835528	0.07738985719108857	0.9942257877184094	0.6671645008629925	1.192116270418134	0.5861638693340496	6335.733069725909	2633.8817147366503	0.008589639321483513	12.535938103294175	16.272589774007912	2.21762328514677
	gen34ind18	975.3470179277866	0.07228385173585944	0.9980769767760233	0.5942193120625185	1.187476172182987	0.5830770391546278	6413.913447188569	2824.2153180082123	0.009207411273182938	12.56577312046992	16.3066085716133	2.1639487998460343
	gen26ind11	975.9678018070473	0.07669329125652184	0.9963976932060302	0.6835647461055392	1.2004119383053373	0.5860925369675725	6212.891918072689	3517.2807382285037	0.009471262810335513	12.538856028908395	16.311244652058768	2.21762328514677
	gen33ind8	976.1347613976018	0.07571831696667575	0.9963976932060302	0.6412346852320536	1.1933747980261322	0.5847308696711193	6219.168117037012	2661.0593350743584	0.008025880337686515	12.546798618033337	16.421644993191386	2.2493377085041306
	gen23ind14	976.3293844820703	0.07571831696667575	0.9963976932060302	0.6470013803547163	1.1817013884888494	0.5847308696711193	6212.891918072689	2661.0593350743584	0.008567384961186057	12.546798618033337	16.314051711112256	2.30568231515651
	gen30ind3	977.4798462689023	0.07669329125652184	0.9963976932060302	0.6661710325148229	1.201184641984896	0.5862093375958108	6271.2487087868585	3417.260655080626	0.009471262810335513	12.549649785343576	16.362808256812816	2.205751513201347
	gen24ind12	977.953693786214	0.07571831696667575	0.9958585820429221	0.6470013803547163	1.1979805155479288	0.5847308696711193	6212.891918072689	2661.0593350743584	0.008567384961186057	12.546798618033337	16.393020480731515	2.30568231515651
	gen26ind5	978.1957878246353	0.0743251850975423	0.9958585820429221	0.6470013803547163	1.1785363531658335	0.5847308696711193	6336.265783268825	2661.0593350743584	0.009094495511562821	12.546798618033337	16.23508294149299	2.30568231515651
	gen31ind14	978.324079608929	0.07839811853298614	0.9963976932060302	0.6267953691368436	1.1900547506313142	0.5847308696711193	6212.891918072689	2611.0492935004195	0.008025880337686515	12.545276858512327	16.722194126747638	2.231931765174701
	gen30ind15	979.0740007024374	0.07571831696667575	0.9981770862908584	0.6286665629909728	1.1933747980261322	0.5854899509282484	6212.891918072689	3201.343612269078	0.006493562273079466	12.546798618033337	16.421644993191386	2.151704722265773
	gen31ind7	979.4609749974505	0.07571831696667575	0.9963976932060302	0.6286665629909728	1.1937555188940259	0.5847308696711193	6212.891918072689	2659.973035298989	0.007773452242646861	12.546798618033337	16.421644993191386	2.2772564987007335
	gen28ind19	980.268700891673	0.07968478823016308	0.9991827058771757	0.643258992646458	1.2076134143444497	0.5872710317866592	6162.682326358098	3413.056083449392	0.006224417095708694	12.54375509899132	16.836181208605495	2.1269738180947044
	gen28ind7	980.4751164025548	0.07973974140533992	0.9991505556047895	0.6654455425866272	1.217970883445234	0.5872710317866592	6112.4727346435075	3569.4633793531807	0.003926952126251568	12.54375509899132	16.772928224742913	2.1217609885055926
	gen31ind3	980.5121901819082	0.07669329125652184	0.99421150144103	0.669107043000423	1.1937718435157012	0.58574281686596	6271.2487087868585	3197.6695767968977	0.00893695522339736	12.535938103294175	16.27578667389728	2.260317739475818
	gen29ind18	982.0439784857479	0.07968478823016308	0.9991827058771757	0.6379370392639168	1.2076134143444497	0.5872710317866592	6162.682326358098	3413.056083449392	0.006224417095708694	12.54375509899132	16.836181208605495	2.1274171377967903
	gen28ind2	982.1671279947838	0.07571831696667575	0.9963976932060302	0.6286665629909728	1.1900547506313142	0.5847308696711193	6212.891918072689	2611.0492935004195	0.008025880337686515	12.546798618033337	16.421644993191386	2.2493377085041306
	gen27ind1	982.253693873342	0.07571831696667575	0.9963976932060302	0.6286665629909728	1.1933747980261322	0.5847308696711193	6212.891918072689	2661.0593350743584	0.008025880337686515	12.546798618033337	16.421644993191386	2.2493377085041306
	gen26ind19	982.65290494662	0.07980098369004146	0.9991505556047895	0.6503681602645146	1.2076134143444497	0.5872710317866592	6112.4727346435075	3569.4633793531807	0.00474709503765817	12.54375509899132	16.836181208605495	2.122647627909765
	gen28ind9	982.8225403373087	0.07980098369004146	0.9991123210458479	0.6503681602645146	1.2195103895328943	0.5872710317866592	6112.4727346435075	3569.4633793531807	0.00474709503765817	12.54375509899132	16.836181208605495	2.078412974404087
	gen29ind16	983.7743551537941	0.07916793288173837	0.9991505556047895	0.6700433170032793	1.1910478114899075	0.587344832897158	6086.801604920534	3686.768851281022	0.005737405954757501	12.535879268170355	16.836181208605495	2.1405544214545733
	gen27ind4	983.9571697759202	0.0795775586593442	0.9991505556047895	0.6548016358215446	1.217970883445234	0.5872710317866592	6112.4727346435075	3569.4633793531807	0.003926952126251568	12.54375509899132	16.836181208605495	2.122647627909765
	gen28ind11	983.964781473949	0.07901633044459047	0.9998794943872082	0.6547641538445317	1.2072205916032481	0.5870571566975995	6163.814994089453	3569.4633793531807	0.004268534715883773	12.56282327689398	16.782384567565934	2.1823623041727203
	gen28ind10	984.2332084576332	0.07917256184768708	0.9991505556047895	0.6683685725328905	1.1976908569152722	0.587344832897158	6086.801604920534	3686.768851281022	0.005737405954757501	12.535879268170355	16.836181208605495	2.1503566565599033
	gen31ind9	984.2591825141731	0.07968478823016308	0.9982995932335834	0.6717782243460939	1.207572330404473	0.5878274998490614	6175.234724286745	3518.3684587692005	0.005889037142682857	12.54375509899132	16.836181208605495	2.1269738180947044
	gen27ind10	984.5516878606285	0.07917256184768708	0.9991505556047895	0.6683685725328905	1.1976908569152722	0.587344832897158	6112.4727346435075	3569.4633793531807	0.005737405954757501	12.545413357121685	16.836181208605495	2.180213994691381
	gen28ind1	984.9455972394022	0.07922927569206084	0.9991505556047895	0.6548016358215446	1.2145810521385232	0.5871187259603623	6112.4727346435075	3569.4633793531807	0.004239925312320482	12.538324841621737	16.719741257500672	2.138504839588445
	gen30ind1	986.6285678527555	0.07847599591312035	0.9997801119424647	0.6746503204209906	1.1947415439936995	0.587344832897158	6086.801604920534	3647.667027305075	0.005737405954757501	12.535879268170355	16.742900182756298	2.107662202230855
	gen28ind13	987.6109355185322	0.07788303986657534	0.999820673800905	0.6548016358215446	1.217970883445234	0.5872710317866592	6157.56574374225	3569.4633793531807	0.005344943814875915	12.54375509899132	16.836181208605495	2.122647627909765
	gen29ind6	987.6308428536111	0.07793793364529522	0.9963976932060302	0.628675208475483	1.2107827804439797	0.5860464189906505	6171.654347131242	2661.0593350743584	0.008025880337686515	12.546798618033337	16.421644993191386	2.2493377085041306
	gen31ind10	988.5550013298662	0.07980098369004146	0.9992442095413487	0.6518024518451258	1.2076134143444497	0.5868232785969868	6080.253923872762	3569.4633793531807	0.004619051359378373	12.575463170189211	16.992715218317276	2.0645297424490416
	gen27ind17	988.6004362015668	0.07798837185970817	0.9999437949319807	0.6291773873225119	1.2026813841507487	0.586616083207641	6212.891918072689	3100.241491641815	0.008845316438197685	12.546798618033337	16.627119730535814	2.185908861789409
	gen27ind8	989.4947990361919	0.07980098369004146	0.9992442095413487	0.6518024518451258	1.2076134143444497	0.5868232785969868	6080.253923872762	3569.4633793531807	0.00474709503765817	12.576224049949715	16.992715218317276	2.0645297424490416
	gen29ind8	989.9226200865234	0.07980098369004146	0.9992442095413487	0.6518024518451258	1.211576296802757	0.5868232785969868	6080.253923872762	3594.46840014015	0.00474709503765817	12.576224049949715	16.97840296208734	2.0927020457752312
	gen30ind18	990.2591728894307	0.07958401669173697	0.9993793592592717	0.6518024518451258	1.2076134143444497	0.5868232785969868	6080.253923872762	3569.4633793531807	0.0036028578461936626	12.576224049949715	16.992715218317276	2.010138098924263
	gen27ind7	990.3513728204226	0.07738985719108857	0.9999437949319807	0.6306408244361741	1.200551506129123	0.5864684809866434	6212.891918072689	3100.241491641815	0.008845316438197685	12.546798618033337	16.595688159022462	2.185908861789409
	gen28ind4	990.3567277956521	0.07738985719108857	0.9991651307168865	0.6306408244361741	1.197888701721848	0.5864684809866434	6272.259696395891	3100.241491641815	0.009108871713386067	12.546798618033337	16.595688159022462	2.185908861789409
	gen30ind12	990.4029284785106	0.07827702296291641	0.9991505556047895	0.6654455425866272	1.217970883445234	0.5872710317866592	6112.4727346435075	3569.4633793531807	0.003926952126251568	12.54375509899132	16.772928224742913	2.1217609885055926
	gen29ind14	990.4329226302585	0.07746546027612936	0.9991651307168865	0.6291773873225119	1.2026813841507487	0.586616083207641	6281.231717169034	3100.241491641815	0.00936245657605491	12.546798618033337	16.627119730535814	2.185908861789409
	gen31ind6	990.6881585085189	0.07997422419361994	0.9991827058771757	0.6116882155792359	1.2076134143444497	0.586714563724257	6137.577530500803	3307.743708129584	0.006224417095708694	12.553821354817988	16.836181208605495	2.105444283503125
	gen28ind8	990.9037642852877	0.07669329125652184	0.9963733934927619	0.6470013803547163	1.2067123875492363	0.585055735195919	6096.17833664435	2846.079635798159	0.009805040024858828	12.552634469261776	16.413592179895105	2.280968325443953
	gen25ind11	992.3781967785983	0.07948662106268836	0.9989662904415255	0.6448591596722872	1.2171082570764793	0.5872710317866592	6112.4727346435075	3413.056083449392	0.00474709503765817	12.559506760633246	16.896237292578714	2.098017444614747
	gen29ind19	992.4073547192622	0.07833063774832585	0.9992034576142768	0.6654455425866272	1.2279660673938868	0.5872710317866592	6062.263142928917	3976.3345985074084	0.001606735708784324	12.54375509899132	16.994508588679903	2.1217609885055926
	gen27ind11	992.4996444621961	0.07762224811084534	0.9998794943872082	0.6459302700135018	1.2104563597439286	0.5871820962416703	6112.4727346435075	3413.056083449392	0.006727716871856831	12.56282327689398	16.42886829972889	2.1770513429187215
	gen30ind8	993.0474694836257	0.07896281829696	0.9984328515926428	0.6654455425866272	1.2114355102506793	0.5871110000175961	6108.399135143718	3569.4633793531807	0.003926952126251568	12.54375509899132	16.65629335322015	2.1217609885055926
	gen28ind12	994.3785784699436	0.0795775586593442	0.9991085438046214	0.6343611368446982	1.2213752100941895	0.5877533416516727	6087.93427265189	3569.4633793531807	0.003926952126251568	12.54375509899132	16.98837209603668	2.10501713742274
	gen31ind4	994.9348210667838	0.07245964347345163	0.9941993351838394	0.680149743420692	1.1706324760458604	0.5845737247381536	6263.10150978728	2871.684085713975	0.00943480390399122	12.52818786590101	16.17101061978896	2.3117709079671265
	gen29ind5	995.1653312682039	0.07799396075391606	0.9995109640606803	0.6558683314687763	1.2323900679880768	0.5855729746072986	6177.003834980118	3222.0780099856756	0.00783097698752231	12.61173651995013	16.782250210720854	2.1013875142253235
	gen39ind12	995.5031493257659	0.06375620739479324	0.9995192451536428	0.5858299003426966	1.1860625754586898	0.5802751813980708	6380.139960773666	2824.2153180082123	0.008789918209610458	12.555343114338996	16.35786063667585	2.1227213159884473
	gen28ind18	995.9281170524852	0.07513944503976203	0.9949622851817368	0.6811642103603345	1.2004119383053373	0.5858438057959235	6212.891918072689	3517.2807382285037	0.007999764696064157	12.538856028908395	16.311244652058768	2.21762328514677
	gen32ind19	996.1251970038596	0.07600775293013261	0.9963976932060302	0.6211414537474677	1.1933747980261322	0.5849387619425552	6212.891918072689	2448.053706428303	0.00969460068219032	12.55067373672992	16.21144208443544	2.2493377085041306
	gen30ind0	996.3981905997499	0.07603252788785295	0.9964445201743098	0.6203835026470904	1.1807168096702048	0.5832000114632638	6212.891918072689	2661.0593350743584	0.008895192511108194	12.566971008923018	16.499911998047274	2.2493377085041306
	gen33ind12	996.5167779003392	0.07571831696667575	0.9957466860239945	0.6286665629909728	1.1943769264262185	0.585453037949268	6212.891918072689	2661.0593350743584	0.006886182743380657	12.546798618033337	16.403941711473614	2.2493377085041306
	gen29ind7	996.6436112464885	0.07571831696667575	0.9980436799869639	0.6378886441069282	1.1900547506313142	0.5860009507288892	6212.891918072689	2611.0492935004195	0.005959248782888114	12.52904238303313	16.611598865197085	2.2493377085041306
	gen28ind0	998.0857912095718	0.0753710082646999	0.9958585820429221	0.6470013803547163	1.1979805155479288	0.5847308696711193	6194.947876526403	2661.0593350743584	0.00806021523584837	12.579267568991733	16.393020480731515	2.30568231515651
	gen29ind1	998.5042017408895	0.07772902918600783	0.9972350132423018	0.6470013803547163	1.2119385819548887	0.5860009507288892	6162.682326358098	3140.2663780007388	0.006517920855468583	12.545276858512327	16.56866209650728	2.2418939551572405
	gen26ind16	998.7104236969712	0.07729375445575648	0.9995109640606803	0.6558683314687763	1.2262102770673073	0.5855729746072986	6177.003834980118	3100.241491641815	0.00783097698752231	12.61173651995013	16.782250210720854	2.1013875142253235
	gen29ind3	998.739870978921	0.07735185218569568	0.9995417158927669	0.6558683314687763	1.2262102770673073	0.5855729746072986	6177.003834980118	3100.241491641815	0.007092315958497048	12.61173651995013	16.782250210720854	2.1013875142253235
	gen27ind9	999.1831133819697	0.07993685512495613	0.9994228794474532	0.6006780571762643	1.22621762268302	0.5879032996784347	6203.615300973226	3632.647161733121	0.004670434219150701	12.547835058176371	16.775912850878807	2.041997632332931
	gen26ind17	999.2909443521786	0.07669329125652184	0.9999437949319807	0.6306408244361741	1.200551506129123	0.5864684809866434	6212.891918072689	3100.241491641815	0.008845316438197685	12.546798618033337	16.5167193894032	2.185908861789409
	gen27ind14	999.5768279090232	0.07926283672143183	0.9998871514756433	0.6386813488893246	1.2287183339138381	0.5866738923022905	5857.29499264958	3978.605804776729	0.008078743017985005	12.510348771691218	16.779443151667365	2.121086349411341
	gen26ind2	1000.0260847663444	0.07605083915452779	0.9998719399047553	0.6470013803547163	1.2054953388657386	0.5869373625077706	6212.891918072689	3100.241491641815	0.009471262810335513	12.546798618033337	16.653561031797175	2.217213008145154
	gen32ind1	1000.0813115016512	0.07571831696667575	0.9955145805624379	0.6286665629909728	1.1933337140861555	0.5856693914636962	6225.444316001336	2820.2183370572902	0.008025880337686515	12.546798618033337	16.439010643618694	2.2639606395022853
	gen26ind7	1000.4084084545611	0.07928345246289449	0.9995256735576861	0.6364232848527355	1.2393120656124426	0.5870344940206726	6112.4727346435075	3813.136416040902	0.004935128566850059	12.57117846309012	16.785057269774338	2.0401046976548316
	gen27ind13	1000.7035296148434	0.07792247971046266	0.9998794943872082	0.6426837481518464	1.2072205916032481	0.5870571566975995	6163.814994089453	3334.852435497498	0.006727716871856831	12.56282327689398	16.662138042774416	2.1823623041727203
	gen29ind10	1001.1953316205064	0.07981024162193887	0.9973695392579967	0.655930667839839	1.2327964803836235	0.5864193615419209	6112.4727346435075	3732.6615618196865	0.004935128566850059	12.57117846309012	16.589038875252925	2.0859558660968247
	gen30ind6	1001.5621564955327	0.07973974140533992	0.9994569380596379	0.6700807807230993	1.217970883445234	0.5891761533733141	6112.4727346435075	3945.461753540698	0.0023439866892769855	12.54375509899132	16.772928224742913	2.0608007031519224
	gen32ind0	1001.7882263061538	0.07513944503976203	0.9918608536635001	0.711577818429141	1.1962627182892684	0.5875535960720062	6237.996713929984	2789.019794471679	0.0073551204316348396	12.526666106380002	16.129538513767294	2.2914221018501406
	gen29ind9	1002.564638450332	0.07513944503976203	0.994627226083679	0.6811642103603345	1.2004119383053373	0.5858438057959235	6190.345413523318	3517.2807382285037	0.007999764696064157	12.538856028908395	16.279618160127477	2.217179965444684
	gen22ind11	1002.8525696721542	0.07792247971046266	0.9994370639004972	0.6448591596722872	1.2171082570764793	0.5870344940206726	6112.4727346435075	3413.056083449392	0.00474709503765817	12.559506760633246	16.785057269774338	2.098017444614747
	gen25ind17	1004.1703175573508	0.07729375445575648	0.9995109640606803	0.652912681097423	1.2262102770673073	0.5861610786196676	6188.966529344309	2943.8341957380267	0.009711023260262883	12.594326600177835	16.62431267148233	2.179239852120964
	gen28ind15	1004.1913501094959	0.07981024162193887	0.9985210713513932	0.6470186713237368	1.2327964803836235	0.5873619683101817	6112.4727346435075	3952.252640103415	0.004935128566850059	12.57117846309012	16.785057269774338	2.098017444614747
	gen25ind6	1004.3018414271344	0.07928345246289449	0.9989176910149888	0.6364232848527355	1.230330465286773	0.5870344940206726	6112.4727346435075	3813.136416040902	0.004935128566850059	12.57117846309012	16.785057269774338	2.098017444614747
	gen26ind6	1004.7107582718218	0.07739930041488818	0.9989176910149888	0.6364232848527355	1.230330465286773	0.5857644129629027	6162.682326358098	3437.1380418533854	0.006845273528614002	12.57117846309012	16.49396447904111	2.2018498798856285
	gen30ind2	1005.6280463194113	0.07821578067821489	0.9993632841230786	0.6518024518451258	1.2076134143444497	0.5868232785969868	6055.149128015467	3945.461753540698	0.00474709503765817	12.574702290428707	16.992715218317276	2.0645297424490416
	gen24ind4	1006.262170008644	0.07792247971046266	0.9998794943872082	0.6448591596722872	1.2072205916032481	0.5870344940206726	6112.4727346435075	3413.056083449392	0.006727716871856831	12.56282327689398	16.662138042774416	2.1506478808153595
	gen29ind2	1006.4640081558432	0.07981024162193887	0.9985210713513932	0.6470186713237368	1.2372083356677237	0.5886320493679517	6112.4727346435075	3593.545337757174	0.0035774928563638312	12.553422228089914	16.99336236628867	2.0065001009913743
	gen27ind6	1006.6702238238593	0.07879596531797145	0.9989176910149888	0.6364232848527355	1.230330465286773	0.5870344940206726	6112.4727346435075	3813.136416040902	0.004935128566850059	12.5682605374759	16.785057269774338	2.098017444614747
	gen27ind15	1008.1633406993896	0.07771422268308001	0.9963004943529565	0.6519286379663395	1.200551506129123	0.5868228198701353	6241.441456521608	3156.6287043977263	0.006258512134314128	12.546798618033337	16.469182191297293	2.1841355829810647
	gen21ind4	1008.4659094331964	0.07669329125652184	0.9963004943529565	0.652999748307554	1.200551506129123	0.5864684809866434	6274.063263065043	3100.241491641815	0.009471262810335513	12.546798618033337	16.469182191297293	2.21762328514677
	gen24ind15	1008.5216701766805	0.0770996284561096	0.9963004943529565	0.652999748307554	1.200551506129123	0.5864684809866434	6241.441456521608	3100.241491641815	0.0077971737108151265	12.546798618033337	16.469182191297293	2.21762328514677
	gen22ind3	1008.6858355144749	0.07926283672143183	0.9998845410544792	0.6206809366209487	1.2382517414096703	0.5870344940206726	5857.29499264958	3978.605804776729	0.007112396459973224	12.502854662332414	16.779443151667365	2.04150522512729
	gen32ind14	1009.8298407346466	0.07723575179288025	0.9964191440503906	0.6024263847908021	1.2127299649654661	0.5860464189906505	6159.1019492025935	2661.0593350743584	0.008489303968992149	12.546798618033337	16.421644993191386	2.2493377085041306
	gen26ind9	1011.4343213148788	0.07669329125652184	0.9992826695577164	0.6573505713484358	1.2149049223351045	0.5864231556327897	6138.756937629718	3256.6487875456037	0.008195405706972308	12.572220867235952	16.56425658750911	2.154194438432048
	gen26ind10	1011.4734155390729	0.07887909179555411	0.9994228794474532	0.6088583351355354	1.22621762268302	0.5879032996784347	6203.615300973226	3413.056083449392	0.004795023755833269	12.547835058176371	16.635094626923703	2.017889094350619
	gen26ind18	1011.5068405221235	0.07669329125652184	0.9963733934927619	0.6470013803547163	1.213831695708395	0.586325816253689	6096.17833664435	3300.2816579375703	0.009805040024858828	12.552634469261776	16.413592179895105	2.21762328514677
	gen24ind3	1011.9866938707873	0.07669329125652184	0.9947879012322449	0.6470013803547163	1.1842708673107492	0.5861732765446481	6308.494665050833	2777.189992581473	0.009471262810335513	12.546798618033337	16.469182191297293	2.21762328514677
	gen28ind6	1012.8750011249892	0.07771422268308001	0.9963004943529565	0.6519286379663395	1.200551506129123	0.5872705730598077	6259.385498067893	3156.6287043977263	0.006765681859651816	12.546798618033337	16.469182191297293	2.2263962567631075
	gen27ind0	1013.4241595262614	0.07762224811084534	0.9998794943872082	0.6448591596722872	1.2046788913230475	0.5869476554811066	6112.4727346435075	3413.056083449392	0.005890672322096638	12.56282327689398	16.460951810918605	2.1772564814195294
	gen27ind19	1013.6728487244844	0.07578176567022298	0.9997610673703998	0.6321577685329334	1.2054953388657386	0.5868190936247774	6212.891918072689	3304.8127043535897	0.00934608647850696	12.546798618033337	16.653561031797175	2.1766418067539166
	gen26ind15	1013.9512275203629	0.07778619152603797	0.9994228794474532	0.6279298577451259	1.2137737143394167	0.5869880252696444	6120.10372537273	3256.6487875456037	0.00474709503765817	12.559506760633246	16.627119730535817	2.061918609355489
	gen27ind2	1014.8707909255921	0.07887909179555411	0.9994228794474532	0.6088583351355354	1.2260212113124191	0.5879032996784347	6203.615300973226	3334.852435497498	0.004795023755833269	12.557369147127702	16.635094626923703	2.0318892208034165
	gen25ind16	1015.1669683592942	0.07746496547504095	0.9994228794474532	0.6279298577451259	1.2162456307077245	0.5870344940206726	6120.10372537273	3256.6487875456037	0.00474709503765817	12.559506760633246	16.671070187916477	2.061918609355489
	gen26ind13	1015.4997196155401	0.07762224811084534	0.9998794943872082	0.6448591596722872	1.2071508076913553	0.5871820962416703	6112.4727346435075	3413.056083449392	0.006727716871856831	12.56282327689398	16.553141231168546	2.1770513429187215
	gen26ind12	1015.8718726913506	0.07948662106268836	0.9977842443553697	0.6270351666400827	1.2319977366553043	0.5876469758057301	6112.4727346435075	3847.7071936008297	0.0024790279159154424	12.571696683161637	16.896237292578714	2.038214524348735
	gen26ind14	1016.5119961158516	0.07618989105711065	0.9940239954626412	0.6720712709171445	1.200551506129123	0.5861289047990429	6274.063263065043	2865.6305477861324	0.009571812414940609	12.546798618033337	16.469182191297293	2.198431568633867
	gen28ind16	1016.7804257093063	0.07810973525576839	0.9998794943872082	0.6448591596722872	1.2126044814032806	0.5869476554811066	6054.115943929338	3413.056083449392	0.005890672322096638	12.5657412025082	16.4712376605004	2.1332269664146595
	gen27ind16	1017.7883895597629	0.07887909179555411	0.999452506386204	0.6088583351355354	1.2073675050427464	0.5876202931614201	6203.615300973226	3413.056083449392	0.0056614837449454995	12.569807036026834	16.635094626923703	2.0900909126816787
	gen24ind0	1017.789787515964	0.07887909179555411	0.9994228794474532	0.6088583351355354	1.2269959225497105	0.5870344940206726	6027.315532672772	3413.056083449392	0.00474709503765817	12.559506760633246	16.785057269774338	2.061918609355489
	gen20ind17	1017.789787515964	0.07887909179555411	0.9994228794474532	0.6088583351355354	1.2269959225497105	0.5870344940206726	6027.315532672772	3413.056083449392	0.00474709503765817	12.559506760633246	16.785057269774338	2.061918609355489
	gen20ind9	1017.8639927323026	0.07669329125652184	0.9963976932060302	0.6470013803547163	1.200551506129123	0.5864684809866434	6212.891918072689	3100.241491641815	0.009471262810335513	12.546798618033337	16.469182191297293	2.21762328514677
	gen32ind18	1017.9849127856535	0.07622070102988707	0.9970272495437056	0.6201696998246098	1.207833467522407	0.5860464189906505	6243.574523383091	2661.0593350743584	0.007834284659398057	12.546798618033337	16.491782857481542	2.2066432541750824
	gen30ind19	1018.595822176512	0.07523082982175269	0.9971760109196928	0.6053076104133251	1.1898562278865297	0.5847308696711193	6183.713522715604	2342.74417263915	0.008025880337686515	12.546798618033337	16.541214665763036	2.2493377085041306
	gen25ind12	1020.4313251587826	0.07729375445575648	0.9963976932060302	0.6470013803547163	1.200551506129123	0.5868990897246557	6212.891918072689	2822.2153272506894	0.009471262810335513	12.556329724983268	16.587635345726184	2.1894465442350635
	gen25ind4	1020.4908132999462	0.07887909179555411	0.9990204851252218	0.6088583351355354	1.2397555241069098	0.5870222960956921	6027.315532672772	3413.056083449392	0.00474709503765817	12.559506760633246	16.785057269774338	2.017889094350619
	gen32ind5	1020.4961257898084	0.07863449957986195	0.9957681368683549	0.6223934605873829	1.2137320933655524	0.5860464189906505	6099.734170879392	2752.8173467102097	0.007485043840342772	12.541765490120003	16.514926019040583	2.2493377085041306
	gen26ind4	1020.8678659650267	0.0770996284561096	0.9963004943529565	0.6491741376702258	1.200551506129123	0.5865574165316323	6183.084665807439	3178.4451395937094	0.0077971737108151265	12.546798618033337	16.47276893202254	2.1861140002902166
	gen21ind15	1021.366270257748	0.07792247971046266	0.9994370639004972	0.6448591596722872	1.2269959225497105	0.5870344940206726	5967.933880477655	3413.056083449392	0.00474709503765817	12.559506760633246	16.785057269774338	2.098017444614747
	gen29ind15	1021.8834175353899	0.0753710082646999	0.9958585820429221	0.6470013803547163	1.2067598474044967	0.5847308696711193	6169.843080669108	2661.0593350743584	0.007159483614859459	12.579267568991733	16.60028858843857	2.2445003699517967
	gen27ind18	1022.0885017314343	0.07669329125652184	0.9992826695577164	0.6379977781318098	1.2149049223351045	0.5864231556327897	6138.756937629718	3256.6487875456037	0.006823632737732967	12.584204491228745	16.56425658750911	2.1207067362663428
	gen25ind9	1022.2639099271241	0.07777701042366064	0.9994228794474532	0.6088583351355354	1.2269959225497105	0.5870344940206726	6077.525124387363	3413.056083449392	0.0056669290823227825	12.559506760633246	16.785057269774338	2.061918609355489
	gen24ind13	1023.0685016968201	0.07729375445575648	0.9995109640606803	0.6338411584878325	1.2262102770673073	0.5864440851366822	6096.17833664435	3100.241491641815	0.009711023260262883	12.594326600177835	16.782250210720854	2.1013875142253235
	gen25ind15	1024.6088175925347	0.07669329125652184	0.9957029159624238	0.6620926636109731	1.2088298816028011	0.5864684809866434	6023.026227289496	3100.241491641815	0.009426612640699801	12.546798618033337	16.35213256639514	2.33950513804728
	gen28ind17	1024.8708328676394	0.07804381716731187	0.997529109958975	0.6364232848527355	1.230330465286773	0.5865249856989381	6112.4727346435075	3678.5455553330967	0.004935128566850059	12.574789019160166	16.573762755419143	2.098017444614747
	gen25ind8	1026.10978714523	0.07669329125652184	0.9995109640606803	0.6393501590800599	1.2260707092435217	0.5867392895786774	6096.17833664435	3256.6487875456037	0.008219370066059857	12.572220867235952	16.56425658750911	2.154194438432048
	gen23ind5	1027.3643328266721	0.07605083915452779	0.9963976932060302	0.6470013803547163	1.2054953388657386	0.5865614184886997	6212.891918072689	3100.241491641815	0.009471262810335513	12.546798618033337	16.557083106058613	2.217213008145154
	gen31ind1	1027.6642793184549	0.07793793364529522	0.9963976932060302	0.628675208475483	1.2107827804439797	0.586376123622119	6088.709352602841	2737.1606972106356	0.006033126965860474	12.566941591361108	16.736598473943616	2.184931148077921
	gen28ind5	1027.77084930301	0.07898322086327716	0.9973489057310296	0.6364232848527355	1.224141174607317	0.5874109148438678	6072.059985475624	3813.136416040902	0.005922160085518317	12.57117846309012	16.785057269774338	2.15613533007547
	gen23ind8	1028.912483396357	0.07669329125652184	0.9995109640606803	0.6338411584878325	1.2260707092435217	0.5864440851366822	6096.17833664435	3100.241491641815	0.009711023260262883	12.58797252887788	16.62431267148233	2.12956425513703
	gen14ind14	1029.3558038378255	0.0778942176549911	0.9996172771536007	0.6088583351355354	1.2269959225497105	0.5870344940206726	5967.933880477655	3413.056083449392	0.00474709503765817	12.559506760633246	16.785057269774338	2.061918609355489
	gen26ind3	1029.7268168309138	0.07605083915452779	0.9944732923374151	0.6470013803547163	1.1986951298303627	0.5865614184886997	6212.891918072689	3100.241491641815	0.007758189944565146	12.538856028908395	16.557083106058613	2.217213008145154
	gen23ind18	1030.339703819086	0.0760928280572872	0.9924187606087793	0.6720712709171445	1.200551506129123	0.5862826059825308	6274.063263065043	2943.8341957380267	0.009471262810335513	12.546798618033337	16.469182191297293	2.21762328514677
	gen25ind1	1030.5036707638105	0.07605083915452779	0.9944732923374151	0.6470013803547163	1.2040702757513557	0.5865614184886997	6212.891918072689	3100.241491641815	0.009471262810335513	12.538856028908395	16.557083106058613	2.217213008145154
	gen23ind16	1031.2356457424878	0.07669329125652184	0.9974850646646893	0.6430211410013826	1.2088298816028011	0.5864684809866434	6023.026227289496	3100.241491641815	0.008663242397536255	12.546798618033337	16.548150960916555	2.21762328514677
	gen24ind1	1031.2841958540946	0.07870689205416662	0.9985465963429236	0.5777900766202695	1.213938115536994	0.5870344940206726	6094.838533471255	3746.3444897625	0.0035200012469183755	12.559506760633246	16.785057269774338	2.1133246939038175
	gen25ind10	1031.372945496009	0.07887909179555411	0.9994228794474532	0.6088583351355354	1.2394398308933137	0.5879032996784347	6027.315532672772	3413.056083449392	0.004795023755833269	12.559506760633246	16.785057269774338	2.017889094350619
	gen26ind1	1032.461482576922	0.07887909179555411	0.9990204851252218	0.6118139855068887	1.2269959225497105	0.5877495984949468	6027.315532672772	3413.056083449392	0.005318914187196583	12.559506760633246	16.785057269774338	2.001302622162284
	gen23ind1	1033.588435445018	0.07933999373802922	0.9955128322326082	0.5922663117035376	1.2269959225497105	0.5870344940206726	6110.453857675764	2417.8215980996847	0.005749779591865561	12.540165585511872	16.715020645297134	2.1123624127455445
	gen18ind7	1034.281088358057	0.07669329125652184	0.9963976932060302	0.6470013803547163	1.2072205916032481	0.5864440851366822	6096.17833664435	3100.241491641815	0.009711023260262883	12.546798618033337	16.469182191297293	2.21762328514677
	gen23ind7	1034.5356842584333	0.07990200990049826	0.9983613846037453	0.6331015231053049	1.2171082570764793	0.58684861901656	5971.671763368628	3977.3926060626277	0.008749515796678133	12.585480968276084	16.6092554402517	2.0087426483507835
	gen24ind10	1034.6661578324308	0.07982157396097325	0.9995909845219846	0.6361279986684505	1.2269959225497105	0.5869415565186163	5829.706708975602	3900.4021568248345	0.008173240769198904	12.570142022947088	16.691542236906045	2.019513461392945
	gen25ind2	1035.9094504889204	0.07999117049372102	0.9976015182233591	0.6486629439496645	1.2269959225497105	0.5869415565186163	5860.29238147178	3900.4021568248345	0.008173240769198904	12.570142022947088	16.769107476998563	2.019513461392945
	gen22ind16	1036.4338680106887	0.0791791218589792	0.9995909845219846	0.6397524592305391	1.2171082570764793	0.58684861901656	5921.232734840127	3822.1985088729407	0.008749515796678133	12.585480968276084	16.6092554402517	2.0087426483507835
	gen25ind18	1036.4505197995404	0.07740178058470959	0.9999356912500299	0.5989445394154987	1.2008306417766943	0.5870344940206726	6012.795056760298	2109.75570256465	0.0072165474238106535	12.56434205441359	16.785057269774338	2.161269803323357
	gen23ind15	1036.6442746204489	0.0778942176549911	0.9996172771536007	0.602870834687879	1.1944376684315516	0.5870344940206726	5970.216455774931	2544.189162859564	0.007235136817218958	12.557606559561005	16.785057269774338	2.161269803323357
	gen23ind12	1037.6220857677406	0.07982157396097325	0.9995909845219846	0.6361279986684505	1.2269959225497105	0.5869415565186163	5897.882162021362	3816.822982511497	0.006990590058041377	12.598468072097504	16.691542236906045	2.0087426483507835
	gen23ind19	1038.4606804342984	0.07788008662725532	0.9997073837801524	0.5989445394154987	1.2008306417766943	0.5870344940206726	5970.216455774931	2109.75570256465	0.006226236506711323	12.562683796283224	16.785057269774338	2.161269803323357
	gen22ind7	1038.8221120145986	0.0791791218589792	0.9990391685475899	0.6206809366209487	1.2269959225497105	0.5884890988191821	5921.232734840127	3978.605804776729	0.00907390108237198	12.527318200784674	16.779443151667365	2.0087426483507835
	gen23ind4	1038.9221412589127	0.07870689205416662	0.9996172771536007	0.5777900766202695	1.2397818692399958	0.5870344940206726	5904.972842688062	3970.8806495738318	0.003567661862477025	12.531180711482829	16.782250210720854	2.0087426483507835
	gen21ind0	1039.20262043956	0.0778942176549911	0.9996172771536007	0.5989445394154987	1.2008306417766943	0.5870344940206726	5970.216455774931	2544.189162859564	0.005733189350360272	12.559506760633246	16.785057269774338	2.161269803323357
	gen21ind12	1039.3125690702163	0.0791791218589792	0.9995909845219846	0.6206809366209487	1.2269959225497105	0.5870344940206726	5921.232734840127	3978.605804776729	0.006990590058041377	12.585480968276084	16.779443151667365	2.0087426483507835
	gen24ind9	1039.6257211775992	0.0778942176549911	0.9995686777270638	0.6019437233919176	1.2008306417766943	0.5869880252696444	5970.216455774931	2544.189162859564	0.005733189350360272	12.559506760633246	16.741106812393678	2.161474941824165
	gen23ind0	1039.6746787082714	0.07790834868272689	0.999527170527049	0.5989445394154987	1.2008306417766943	0.5870344940206726	5970.216455774931	2544.189162859564	0.004228127081606503	12.559506760633246	16.785057269774338	2.206317478456955
	gen18ind1	1041.6508439724876	0.07870689205416662	0.9996172771536007	0.5968615992298599	1.2269959225497105	0.5870344940206726	5904.972842688062	3589.9371938587115	0.00474709503765817	12.559506760633246	16.785057269774338	2.0087426483507835
	gen22ind12	1042.3913652488923	0.07669329125652184	0.9953093235664565	0.654648172838318	1.200551506129123	0.5864684809866434	6274.063263065043	3661.0041324032345	0.006253375497706576	12.614752405711336	16.56949257892603	2.21762328514677
	gen26ind8	1042.8058065659561	0.077579855027638	0.9997073837801524	0.5921632784068172	1.2007608578648015	0.5873235995001775	5970.216455774931	2109.75570256465	0.00548040990960981	12.551630929812283	16.785057269774338	2.161269803323357
	gen25ind0	1043.500789980737	0.07849404493157464	0.9974850646646893	0.6189927205317738	1.2206351212884843	0.5867050187526299	5901.688496140618	2934.3852145288256	0.008663242397536255	12.54375521823305	16.662138042774416	2.1236074102285665
	gen25ind5	1043.9591125288523	0.07729375445575648	0.999414584370873	0.5992355066206091	1.2376713594086204	0.5875958973114589	6096.17833664435	3100.241491641815	0.009711023260262883	12.594326600177835	16.982247009948104	2.0052087035989774
	gen25ind7	1044.2580616164068	0.0762818656293453	0.9946081931889044	0.6470013803547163	1.2072205916032481	0.5864440851366822	6096.17833664435	2943.8341957380267	0.00975424832025797	12.538786288603017	16.469182191297293	2.21762328514677
	gen25ind3	1045.0328348681965	0.07848054982648994	0.9992976242051819	0.5989445394154987	1.202579499600033	0.5870344940206726	5914.5019530590325	1831.7295381735246	0.006226236506711323	12.572214903233156	16.785057269774338	2.161269803323357
	gen22ind5	1045.0411046266984	0.0778942176549911	0.9996172771536007	0.5989445394154987	1.2107183072499255	0.5873296984626679	5970.216455774931	2544.189162859564	0.005733189350360272	12.5658608319332	16.785057269774338	2.161269803323357
	gen24ind17	1045.1128884687146	0.07933999373802922	0.9954546326035243	0.5922663117035376	1.2399214370637814	0.5869880252696444	6074.28671079898	2417.8215980996847	0.005749779591865561	12.558057723419012	16.715020645297134	2.0360988352592577
	gen23ind9	1045.531093338183	0.07833319333920682	0.9971580773171222	0.6202483190322536	1.2269959225497105	0.5870344940206726	5934.038593563306	2455.748607654905	0.008328873766842961	12.555052890405532	16.785057269774338	2.0079220943475513
	gen24ind14	1046.844923719595	0.07916075061614943	0.9994339909410704	0.5886582752229945	1.2397818692399958	0.5870344940206726	5904.972842688062	3996.1758066919256	0.0018836688742158024	12.572977750338413	16.82007558201294	2.016479253344244
	gen24ind18	1049.37473615567	0.07982157396097325	0.9995909845219846	0.6087604643428611	1.230356810419859	0.5869415565186163	5897.882162021362	3695.20411402416	0.006990590058041377	12.598468072097504	16.691542236906045	2.0087426483507835
	gen27ind12	1049.4194127427481	0.07605083915452779	0.9944732923374151	0.6500005643311352	1.2040702757513557	0.5874302241464617	6165.479754699081	3100.241491641815	0.009471262810335513	12.538856028908395	16.557083106058613	2.217213008145154
	gen24ind11	1050.174741552679	0.07985719998802973	0.9998653297486859	0.6341378789917836	1.2269959225497105	0.5869415565186163	5802.949316629765	3816.822982511497	0.006990590058041377	12.598468072097504	16.687076164335018	2.0089477868515915
	gen21ind10	1050.7984219530747	0.07870689205416662	0.9996172771536007	0.5777900766202695	1.2397818692399958	0.5870344940206726	5904.972842688062	3746.3444897625	0.002385011151319498	12.559506760633246	16.785057269774338	2.0087426483507835
	gen24ind7	1051.2989968538138	0.07870689205416662	0.9996172771536007	0.5777900766202695	1.237309952871688	0.5869880252696444	5904.972842688062	3746.3444897625	0.002385011151319498	12.559506760633246	16.741106812393678	2.0089477868515915
	gen20ind15	1052.1631726277283	0.07669329125652184	0.9918538096652463	0.6863207011367701	1.2072205916032481	0.5868391132711215	6252.407341733936	2759.6217152791364	0.007184036354224613	12.587723548578152	16.469182191297293	2.313383901351383
	gen23ind6	1052.1693421893578	0.0778942176549911	0.9983876772353615	0.5989445394154987	1.2107183072499255	0.5873296984626679	5984.749331212553	2544.189162859564	0.005733189350360272	12.5658608319332	16.785057269774338	2.161269803323357
	gen26ind0	1052.4771875524839	0.07788008662725532	0.9997073837801524	0.5989445394154987	1.2157201213555193	0.5874104380397436	5889.421191564163	2109.75570256465	0.003958169384968595	12.574873718811617	16.94299480901286	2.1014668830573457
	gen22ind10	1054.2969257964091	0.07827607523687793	0.9968219166871679	0.6178089149402881	1.2171082570764793	0.5850778294107327	5908.509101102019	3329.9193398014795	0.006166696154374752	12.611341229335913	16.705195519995257	2.1131829667487767
	gen22ind6	1054.8714045021743	0.07933999373802922	0.9971580773171222	0.5856426671650302	1.2269959225497105	0.5870344940206726	5934.038593563306	2778.8001067152472	0.0053889060850368705	12.559506760633246	16.785057269774338	2.0079220943475513
	gen21ind16	1055.009853339226	0.07887909179555411	0.9994228794474532	0.6088583351355354	1.228526050380036	0.5893199740945189	6027.315532672772	3180.8715370219124	0.008315495219400674	12.559506760633246	16.785057269774338	2.061918609355489
	gen24ind8	1055.0752687027361	0.07932148628113703	0.9988144380726289	0.5737197823026361	1.2397818692399958	0.5870344940206726	5904.972842688062	3902.7517856662885	2.2927264980826187e-05	12.5658608319332	16.785057269774338	2.0510602719152278
	gen25ind14	1055.5326847080132	0.07605083915452779	0.9963976932060302	0.6229729598851075	1.2056349066895242	0.5868444250057143	6091.5541869238095	3100.241491641815	0.009471262810335513	12.546798618033337	16.557083106058613	2.1890362672334476
	gen17ind8	1056.298542529664	0.0778942176549911	0.9996172771536007	0.5989445394154987	1.2269959225497105	0.5870344940206726	5833.160536506303	2468.4119123358732	0.007757219575165708	12.559506760633246	16.785057269774338	2.0079220943475513
	gen25ind19	1056.9925126528963	0.07982157396097325	0.9968998638321565	0.6225219430460218	1.2269959225497105	0.5869415565186163	5851.0885552351665	3864.986899319483	0.0058111568828602325	12.570142022947088	16.691542236906045	2.019513461392945
	gen23ind13	1057.3603736583987	0.07939120158738698	0.9974789673336479	0.5886582752229945	1.2397818692399958	0.5870344940206726	5904.972842688062	3498.558564017072	0.002385011151319498	12.563307162777726	16.785057269774338	2.0087426483507835
	gen22ind8	1060.3159779374917	0.0778942176549911	0.9965910957287738	0.5989445394154987	1.2107183072499255	0.587121686122251	5970.216455774931	2544.189162859564	0.005733189350360272	12.559506760633246	16.785057269774338	2.0535865749550393
	gen22ind15	1060.6189391732528	0.07870689205416662	0.9996172771536007	0.5777900766202695	1.2397818692399958	0.5870344940206726	5903.204713481084	3753.929491236892	0.0023739377018763925	12.577530943062229	16.746019375044618	2.0087426483507835
	gen24ind2	1060.6746061906338	0.07427857927714974	0.9946542692818057	0.6470013803547163	1.177220162405328	0.5865614184886997	6212.891918072689	2441.4682567906298	0.00980124293905807	12.568770595883798	16.557083106058613	2.349301553159764
	gen21ind11	1063.672466680377	0.07669329125652184	0.9918538096652463	0.6890510596006356	1.2072205916032481	0.5868601098175159	6194.050551019766	2759.6217152791364	0.007303916579188298	12.59489374104517	16.469182191297293	2.313383901351383
	gen24ind5	1066.320085736419	0.07939120158738698	0.9974789673336479	0.5886582752229945	1.2307930719398674	0.5879032996784347	5904.972842688062	3718.1496423008	0.002836950075894226	12.563307162777726	16.862622509866856	2.0087426483507835
	gen23ind17	1067.3495072043436	0.0778942176549911	0.9996172771536007	0.5989445394154987	1.2269959225497105	0.5870344940206726	5825.013337506724	2312.0046164320847	0.009516145313802463	12.559506760633246	16.61486955835867	2.139140795164569
	gen23ind11	1068.1408417945315	0.07930735525340124	0.9973453353832087	0.5777900766202695	1.235134730199603	0.5870344940206726	5846.950560956994	3468.318325371374	0.0005159744213318771	12.572838269727658	16.94299480901286	2.0087426483507835
	gen22ind13	1069.4776799183937	0.07870689205416662	0.9973453353832087	0.5777900766202695	1.2397818692399958	0.5870344940206726	5904.972842688062	3746.3444897625	0.002385011151319498	12.563307162777726	16.785057269774338	2.0087426483507835
	gen21ind13	1071.382245619085	0.07415985227836942	0.9901366956749744	0.6508136727516834	1.1916216898114422	0.5865104740794324	6060.27218355347	3100.241491641815	0.00707108942710818	12.506814784710631	16.368871803668554	2.301130290419535
	gen24ind19	1072.6275746743308	0.07819444925460842	0.9985390548273845	0.5844194744576179	1.2333888958948531	0.5887721053361967	5892.35798138147	2546.6155602877675	0.006297404769988302	12.545038136055316	16.982479193822492	2.096518224050442
	gen22ind17	1073.771062351425	0.07669329125652184	0.9918538096652463	0.6470013803547163	1.224347848751211	0.5866627440124474	6096.17833664435	3062.35286637997	0.009905276777737582	12.580682539504888	16.344371459314267	2.28378099176088
	gen24ind16	1075.2394775654557	0.07830055485457886	0.9985390548273845	0.5989445394154987	1.2271354903734961	0.5887721053361967	5833.160536506303	2468.4119123358732	0.006297404769988302	12.545038136055316	16.94299480901286	2.096518224050442
	gen17ind19	1075.525187027661	0.07669329125652184	0.9918538096652463	0.6470013803547163	1.2072205916032481	0.5866627440124474	6096.17833664435	3100.241491641815	0.008264946514931681	12.554399422322298	16.444681846943006	2.3604548462487824
	gen22ind1	1075.9084112529654	0.07718317496736181	0.9963976932060302	0.6389417249758786	1.2072205916032481	0.5864440851366822	6036.7751208589725	3181.097045372083	0.009711023260262883	12.623011340464942	16.508220086027016	2.191035304644417
	gen22ind9	1076.121603923259	0.07669329125652184	0.9963976932060302	0.6470013803547163	1.210155371931763	0.5841376085164416	6197.056393701352	3100.241491641815	0.007342709770134046	12.755717141463732	16.736497791920904	2.1216773375904676
	gen23ind2	1078.6154187165243	0.0778942176549911	0.9985390548273845	0.5989445394154987	1.2333888958948531	0.5887721053361967	5833.160536506303	2468.4119123358732	0.006297404769988302	12.545038136055316	16.94299480901286	2.096518224050442
	gen23ind3	1078.7062667809532	0.07669329125652184	0.9963976932060302	0.6338411584878325	1.2072205916032481	0.5864440851366822	5918.379873932796	3539.423648209272	0.00938509889058766	12.58797252887788	16.62431267148233	2.21762328514677
	gen17ind15	1081.541240754525	0.0778942176549911	0.9996172771536007	0.6405969349933646	1.2269959225497105	0.5905994240713023	5967.933880477655	2844.711334459084	0.002704938024145153	12.567107564922207	16.732044009627856	2.061918609355489
	gen23ind10	1082.3927359590639	0.07869276102643083	0.9973453353832087	0.5548327664918753	1.2365868943267189	0.5870344940206726	5904.972842688062	3746.3444897625	0.002878058307670549	12.566484198427702	16.785057269774338	2.0403688277050884
	gen25ind13	1084.5473810277133	0.07528537967597212	0.9946542692818057	0.6123957284874929	1.1839134671092635	0.5868444250057143	6153.865225771971	2441.4682567906298	0.00980124293905807	12.575124667183752	16.557083106058613	2.349301553159764
	gen21ind6	1087.2539505163145	0.07985885921723404	0.9974405378744532	0.59273902437786	1.2269959225497105	0.5850778294107327	5908.509101102019	3574.7671909099276	0.0026002221496004086	12.711932205496456	16.863133059233782	2.0087426483507835
	gen20ind7	1088.5924483864842	0.0778942176549911	0.9996172771536007	0.5821056652877632	1.2269959225497105	0.5894657329419002	5935.37590165712	2316.3803238559467	0.008167313623472925	12.559506760633246	16.785057269774338	2.0079220943475513
	gen24ind6	1088.6281921527388	0.0789010180538135	0.9983876772353615	0.5613397035718565	1.2303334888053619	0.5873296984626679	5800.204121024062	2544.189162859564	0.005733189350360272	12.572214903233155	16.94299480901286	2.161269803323357
	gen19ind19	1090.405069658812	0.07545066222554032	0.9996172771536007	0.6405969349933646	1.2269959225497105	0.5905994240713023	5897.128189870192	2943.8598720017653	0.002704938024145153	12.527563212731309	16.799195425781047	2.0544688122027455
	gen22ind18	1090.8659543033718	0.07680131738547497	0.9958327422624973	0.6390409016480488	1.2171082570764793	0.5869473019190943	5833.160536506303	2468.4119123358732	0.009035630345930771	12.577200250839208	16.627119730535817	2.0079220943475513
	gen22ind4	1090.9611712222522	0.07921640711524	0.9974536841902613	0.581870825775135	1.2269959225497105	0.5850778294107327	5908.509101102019	2819.6702446894997	0.0026002221496004086	12.698945101675037	16.86594011828727	2.0083323713491676
	gen21ind3	1092.2202219388878	0.07969142949232878	0.9965859867335283	0.6242099282507464	1.197491250468472	0.581897520838951	6262.028297667475	3721.0178804005627	0.0023344624468505043	12.92465183157142	16.903503004915777	2.1092383953069307
	gen17ind9	1094.4253388729592	0.07889963286572349	0.9973331902514175	0.6305393474853311	1.1746653610036781	0.5862784816997471	6072.355518329151	3346.7089019174873	0.0029511126574993905	12.726443159877128	16.797297166448146	2.3686140273071006
	gen21ind2	1096.1495844498631	0.07731288814173966	0.9936579993451791	0.6470013803547163	1.200551506129123	0.5835592713896245	6212.891918072689	3100.241491641815	0.00530464076167431	12.77239695615485	16.469182191297293	2.21762328514677
	gen20ind4	1096.40820206032	0.07593714096828945	0.9901366956749744	0.6524620972824474	1.1875770730499875	0.5865104740794324	6096.17833664435	3100.241491641815	0.009711023260262883	12.56113900296737	16.469182191297293	2.301130290419535
	gen22ind19	1097.5212266006067	0.07985885921723404	0.9979092780127854	0.59273902437786	1.2353169610811554	0.5853398393813529	5862.3399495641115	3731.174486813716	0.0026002221496004086	12.711932205496456	16.863133059233782	2.092813774551611
	gen20ind6	1098.0781738534054	0.07969142949232878	0.9950733936128168	0.6432814508603368	1.197491250468472	0.581897520838951	6262.028297667475	3564.610584496774	0.0023344624468505043	12.918297760271466	16.745565465677252	2.187090733202571
	gen16ind3	1099.8066975080665	0.07669329125652184	0.9873099261244623	0.6470013803547163	1.1761010726515044	0.5866627440124474	6096.17833664435	2896.1844942520806	0.008264946514931681	12.554399422322298	16.420181502588715	2.3604548462487824
	gen20ind18	1104.3352836669342	0.07985885921723404	0.9976349355806007	0.5968615992298599	1.2269959225497105	0.5847891301035577	5904.972842688062	3589.9371938587115	0.0025780752507141977	12.747980570354423	16.785057269774338	2.0087426483507835
	gen21ind18	1105.480399246319	0.0797727593465403	0.9976349355806007	0.5908632312770221	1.2269959225497105	0.5847891301035577	5904.972842688062	3678.377749063371	0.0025780752507141977	12.747980570354423	16.785057269774338	2.0178453321515692
	gen16ind14	1107.4607595415696	0.07919071403296658	0.9996172771536007	0.5807554827684321	1.2228882461133785	0.5812467975994617	6078.547235255766	3748.4146418200507	0.006730653190308781	12.931065476851028	16.962204974552858	2.0829509051030755
	gen20ind5	1107.464014778196	0.07630428183739399	0.9996172771536007	0.593564750168332	1.23508515607262	0.5870344940206726	5833.160536506303	2468.4119123358732	0.009013849875972074	12.612072994998424	16.58443649451686	2.0079220943475513
	gen21ind7	1107.9499474757827	0.07574883164689668	0.990270333016417	0.6138914354460099	1.175893385118349	0.5886505192134719	6235.631328323256	1896.7077125500182	0.0026970463134581976	12.535775133292475	16.480410427511234	2.2289326199010198
	gen22ind0	1111.4979043810324	0.07962274431482774	0.9976349355806007	0.5849519305343156	1.2269959225497105	0.5847891301035577	5896.84289661203	3589.9371938587115	0.001456327740522594	12.747980570354423	16.787864328827823	2.0087426483507835
	gen19ind18	1111.7913088159503	0.07669329125652184	0.9918538096652463	0.6470013803547163	1.2067211095676509	0.5866627440124474	6096.17833664435	3100.241491641815	0.0073908468718440964	12.629705148956008	16.501707678527392	2.3604548462487824
	gen16ind9	1117.4485590704867	0.0778942176549911	0.9996172771536007	0.6480366515883471	1.2133062086199402	0.5934375464198698	5967.933880477655	2847.39165706557	0.004675692345414737	12.559506760633246	16.785057269774338	2.0831667073831723
	gen22ind14	1128.3042710636432	0.07835979009933057	0.9976349355806007	0.5968615992298599	1.2269959225497105	0.5847891301035577	5822.0478621765	3589.9371938587115	0.0025780752507141977	12.747980570354423	16.785057269774338	2.0087426483507835
	gen15ind9	1129.5235421658933	0.07728528101355321	0.9996172771536007	0.5798042511446786	1.2223876464778407	0.5812467975994617	6056.341361572353	3748.4146418200507	0.006730653190308781	12.931065476851028	16.962204974552858	2.0829509051030755
	gen21ind1	1132.2414943621275	0.07628974662921029	0.9996172771536007	0.6231469925426452	1.2398867182360478	0.5887630339613403	5833.160536506303	2297.155498906398	0.007757219575165708	12.645629112215858	16.785057269774338	2.0079220943475513
	gen21ind5	1133.4238049357962	0.07669329125652184	0.9828632414367522	0.664212938217117	1.1499357918784883	0.5866627440124474	6096.17833664435	2896.1844942520806	0.006240916290126245	12.554399422322298	16.420181502588715	2.3604548462487824
	gen20ind16	1134.8317293582493	0.07574883164689668	0.990270333016417	0.6386820263545927	1.1792327764265713	0.5908717776633545	6219.887557429807	1896.7077125500182	0.0026970463134581976	12.535775133292475	16.480410427511234	2.2289326199010198
	gen20ind19	1135.9970240566781	0.0778942176549911	0.9996172771536007	0.5989445394154987	1.2335078821513985	0.589974604602473	5828.653609555064	2481.0752170168416	0.009781249799971144	12.617432144722962	16.82517611045288	2.0883776725307386
	gen19ind3	1136.6050357221488	0.07669329125652184	0.9992960832998388	0.6580010455715246	1.218828404394933	0.595700868944438	6223.055937710069	3100.241491641815	0.00715521624796177	12.546798618033337	16.469182191297293	2.21762328514677
	gen16ind4	1149.8825193254083	0.07588061685734633	0.9904971221811815	0.6197797689909976	1.187708885443189	0.5871672719061729	5972.499031072206	2005.6585538396616	0.006440167542656469	12.588187530501312	16.434171638495787	2.2289326199010198
	gen21ind19	1151.034450983949	0.07566273177620293	0.990270333016417	0.632683658401755	1.1792327764265713	0.5908717776633545	6158.716212437452	1985.1482677546778	0.0026970463134581976	12.535775133292475	16.480410427511234	2.202344639398667
	gen14ind17	1151.5410203481238	0.07809089704422548	0.9996172771536007	0.5798042511446786	1.2369043989071655	0.5807657468054641	5804.031872613279	3972.7245792762433	0.00474709503765817	12.916145433186731	16.77006581003154	2.0829509051030755
	gen20ind0	1152.1587677995817	0.07953574240333103	0.9905295100720328	0.6296706451784775	1.1746653610036781	0.5812030645569946	6200.188644881404	3071.794536240519	0.0014220729607128985	12.925898564560427	16.696752005818055	2.2971982467560945
	gen13ind14	1152.3624211143585	0.07809089704422548	0.9996172771536007	0.5798042511446786	1.2269959225497105	0.5807657468054641	5801.872098493732	3972.7245792762433	0.00474709503765817	12.916145433186731	16.771746120734722	2.0829509051030755
	gen19ind4	1158.371141576246	0.07669329125652184	0.9963976932060302	0.6470013803547163	1.2195974956405762	0.5864440851366822	5820.706481060466	3100.241491641815	0.007351567485343637	12.709174318031602	16.445440928520185	2.21762328514677
	gen18ind6	1158.8577388614494	0.07989320180598455	0.9905295100720328	0.6432814508603368	1.1880035319519282	0.5811542728570721	6028.601134810797	3564.610584496774	0.0006990345880472973	12.913384571345661	16.70481958841725	2.2013421821073633
	gen19ind8	1161.8492643003979	0.07511789064710844	0.9866214610028998	0.6470013803547163	1.2072205916032481	0.5889593919942512	6169.944356194677	3100.241491641815	0.008264946514931681	12.554399422322298	16.263119082966824	2.3604548462487824
	gen19ind6	1163.3610654431818	0.07574883164689668	0.9868684929267246	0.6577517677808744	1.187154924320769	0.5908717776633545	6219.887557429807	2005.6585538396616	0.001211690181626536	12.55769557244179	16.360900274005694	2.2289326199010198
	gen22ind2	1165.9893369562249	0.0766140802800029	0.9996172771536007	0.593564750168332	1.23508515607262	0.5870344940206726	5833.160536506303	2468.4119123358732	0.009013849875972074	12.724872164059182	16.58443649451686	2.0079220943475513
	gen19ind5	1166.7888561050477	0.07638191707852632	0.9870952820914891	0.6197797689909976	1.187708885443189	0.5871672719061729	5972.499031072206	2114.609395129305	0.006440167542656469	12.588187530501312	16.396055615933193	2.2289326199010198
	gen20ind13	1168.6015822383965	0.07588061685734633	0.9904971221811815	0.5804604482089438	1.2071479552945354	0.5867722437717335	5972.499031072206	2005.6585538396616	0.008967154448694739	12.588187530501312	16.434171638495787	2.2289326199010198
	gen19ind11	1168.886045242216	0.07749322641726705	0.9996172771536007	0.5592771533183698	1.220317139933266	0.5825919771209074	5999.421422264551	3783.374094863444	0.0064317529750170166	12.916145433186731	16.77006581003154	2.0168767738522915
	gen16ind13	1169.7339943968557	0.07574883164689668	0.9868684929267246	0.6450530780420956	1.1792327764265713	0.5908717776633545	6219.887557429807	2005.6585538396616	0.0026970463134581976	12.55769557244179	16.434171638495787	2.2289326199010198
	gen17ind7	1169.8341866708074	0.07809089704422548	0.9996172771536007	0.5798042511446786	1.2369043989071655	0.5819718677178563	5804.031872613279	3390.889862769872	0.003882985700246968	12.916145433186731	16.82291839830642	2.0829509051030755
	gen17ind13	1171.7569951891996	0.0781567896494503	0.9985684082191708	0.5671675966191296	1.2388575465845255	0.5810865060731266	5804.031872613279	3972.7245792762433	0.00474709503765817	12.916145433186731	16.77006581003154	2.0829509051030755
	gen18ind17	1175.8282262873727	0.07809089704422548	0.9980236791252411	0.5798042511446786	1.2369043989071655	0.5819718677178563	5865.8715253993505	3836.1528329760813	0.004795375186384574	12.916145433186731	16.82291839830642	2.0829509051030755
	gen20ind8	1177.9718766979531	0.07574883164689668	0.9868684929267246	0.6450530780420956	1.1792327764265713	0.5912497838238173	6219.887557429807	2005.6585538396616	0.0026970463134581976	12.55769557244179	16.42805169015888	2.2289326199010198
	gen12ind1	1179.0093017866507	0.07573332810191666	0.9996172771536007	0.5798042511446786	1.2087846602176358	0.5807657468054641	5834.828909548685	3972.7245792762433	0.004557034330719771	12.931065476851028	16.771746120734722	2.0829509051030755
	gen19ind16	1180.8310309916637	0.07956178871372054	0.9973493841968433	0.6305393474853311	1.1715304183973703	0.5821720161782176	6242.04571901491	3894.000370818564	0.003926906941043737	12.931347041764653	16.797297166448146	2.3686140273071006
	gen15ind16	1181.8101368135658	0.07420244805000639	0.9914123764675085	0.5834609556579777	1.211151626761315	0.5846967159684066	6100.434337799983	3545.00597700285	0.007717807301321493	12.742005486457622	16.93159999875453	2.1358391841906315
	gen20ind1	1182.101404660992	0.07943871921078274	0.9928055006560593	0.6527078032077502	1.1715304183973703	0.5807680944035827	6242.04571901491	3894.000370818564	0.003926906941043737	12.931347041764653	16.7571783257696	2.4653240711870064
	gen21ind8	1186.9551869587665	0.0768023909649607	0.9996172771536007	0.6092414508715931	1.2269959225497105	0.5921575498810276	5981.319595165814	2810.342668655358	0.00474709503765817	12.671603319858697	16.785057269774338	2.07218591617524
	gen20ind3	1187.3847796592108	0.07669329125652184	0.9901366956749744	0.6352505394200467	1.2132428717874064	0.5896448476870366	6096.17833664435	2375.2408969580806	0.009443699419747079	12.629705148956008	16.33920292583251	2.3604548462487824
	gen14ind18	1188.4611836596864	0.07588061685734633	0.9874202844238968	0.6580010455715246	1.187708885443189	0.5908717776633545	6056.21317933922	2005.6585538396616	0.006440167542656469	12.55769557244179	16.434171638495787	2.2289326199010198
	gen18ind18	1188.6993812979117	0.07420244805000639	0.9914123764675085	0.5730433408702282	1.211151626761315	0.5846967159684066	6030.765090517032	3776.3826562509557	0.007717807301321493	12.727665101523588	16.93159999875453	2.025333921413897
	gen21ind17	1189.1271764011005	0.07793093438536741	0.9881279797738329	0.6409817386074648	1.1655361239827278	0.5812030645569946	6242.04571901491	3564.610584496774	0.000880326521351144	12.931347041764653	16.58848760223995	2.389534970656325
	gen13ind17	1193.6048782051248	0.07588061685734633	0.9873099261244623	0.6580010455715246	1.187708885443189	0.5908717776633545	6056.21317933922	2586.2536534215315	0.006440167542656469	12.554399422322298	16.55865545693201	2.2289326199010198
	gen17ind16	1193.7679084552246	0.07588061685734633	0.9874202844238968	0.6483877182783854	1.187708885443189	0.5908717776633545	6056.21317933922	2399.4006870445464	0.004676247521712349	12.55769557244179	16.434171638495787	2.1439525617486996
	gen19ind12	1196.9190643016543	0.07793248502695747	0.9909183054843278	0.6379157948824774	1.1814390002305732	0.5806256659426445	6193.116128053491	3102.1345421380865	0.0013777791629404762	12.997995294276361	16.540600426899168	2.208398006261518
	gen17ind3	1203.5975873434586	0.07889963286572349	0.9957947713727753	0.6587179987213345	1.1746653610036781	0.5843858624415537	6283.902793148417	3894.9468960666995	0.00041991846764139395	12.916101062734892	16.850511560649835	2.3686140273071006
	gen14ind9	1204.9354465578908	0.07588061685734633	0.9868684929267245	0.6515476396944462	1.187708885443189	0.5908717776633545	6051.73383547597	2924.5512816003325	0.004737680424859175	12.554399422322298	16.55865545693201	2.2289326199010198
	gen18ind16	1209.2065002722734	0.07669329125652184	0.9918538096652463	0.6470013803547163	1.2214973681844672	0.5942791725088725	6096.17833664435	3100.241491641815	0.008264946514931681	12.554399422322298	16.643365263441524	2.3604548462487824
	gen13ind3	1209.7020103741716	0.07039158201117965	0.9914123764675085	0.5815584924104706	1.2085514370091885	0.58851051630584	6223.055937710069	3953.8206206355408	0.007717807301321493	12.618679488560835	16.93159999875453	2.295623450511071
	gen15ind5	1209.8218401666481	0.07827688450973244	0.9991419570602948	0.659915125316094	1.2046546258139426	0.6018956010052975	6565.634634575163	2482.272860476988	0.007645300146491171	12.59543170147123	16.817548335585755	2.474965949316512
	gen17ind12	1210.6157106003513	0.07496013630347151	0.9981107810760075	0.5509918100473804	1.2087846602176358	0.5807657468054641	5834.828909548685	3257.6017091421627	0.0070674148246514185	12.931065476851028	16.979539699135906	2.0364041872478813
	gen19ind0	1212.8632583948445	0.07969142949232878	0.9905295100720328	0.6432814508603368	1.1746653610036781	0.5812030645569946	6262.028297667475	3564.610584496774	0.0023344624468505043	12.925898564560427	16.72106512132296	2.3629593599299756
	gen15ind10	1215.2322963917477	0.07990223330808346	0.9905295100720328	0.6432814508603368	1.1746653610036781	0.5812030645569946	6242.04571901491	3564.610584496774	0.0006990345880472973	12.931347041764653	16.72106512132296	2.3686140273071006
	gen12ind2	1217.1150951634504	0.07990223330808346	0.9905295100720328	0.6379157948824774	1.1814390002305732	0.583382033389786	6311.879432443724	3102.1345421380865	0.0013777791629404762	12.997995294276361	16.540600426899168	2.208398006261518
	gen17ind17	1217.6308089664403	0.07889963286572349	0.9965131342340132	0.6401249960478864	1.1746653610036781	0.5843858624415537	6242.04571901491	3870.5504774734445	0.001374708617117078	12.931347041764653	16.967050555757353	2.2299699578742955
	gen19ind14	1218.988905699917	0.07460878524959415	0.9905160900357827	0.5650931680647994	1.1908415405437454	0.5848021960026231	6002.556443295983	3977.2239977230997	0.007717807301321493	12.742005486457622	16.93159999875453	2.082663223185926
	gen16ind7	1219.8648810548962	0.07889963286572349	0.9973331902514175	0.639607360431071	1.1746653610036781	0.5843858624415537	6242.04571901491	3894.9468960666995	0.00041991846764139395	12.931347041764653	16.850511560649835	2.3686140273071006
	gen18ind8	1222.891954458678	0.07526109829710408	0.9993965605547319	0.5788300999883682	1.2087846602176358	0.5828702636309177	5834.828909548685	3527.461609070034	0.001773084229983029	12.931065476851028	16.778741188688258	2.0171897919291943
	gen18ind11	1226.5119328527085	0.07908955890890795	0.9973493841968433	0.6305393474853311	1.1715304183973703	0.5843858624415537	6242.04571901491	3346.7089019174873	0.00041991846764139395	12.931347041764653	16.797297166448146	2.3686140273071006
	gen14ind4	1229.6730181301145	0.0691934481849866	0.9914123764675085	0.5815584924104706	1.2085514370091885	0.58851051630584	6176.631778509898	3983.681967031636	0.007717807301321493	12.618679488560835	16.93159999875453	2.2732882508287267
	gen18ind19	1230.2783007938174	0.07486714257071803	0.9981107810760075	0.5890636270383274	1.2087846602176358	0.5807657468054641	6145.9724714322565	3257.6017091421627	0.005186257601529317	12.931065476851028	16.982224730496238	2.1596033348588373
	gen19ind17	1232.105238177236	0.0778942176549911	0.9996172771536007	0.593566300996007	1.2269959225497105	0.5905994240713023	5824.595443462906	2844.711334459084	0.002704938024145153	12.753792517126826	16.732044009627856	2.061918609355489
	gen14ind7	1233.5717044904936	0.07039158201117965	0.9914123764675085	0.5815584924104706	1.2101504274902393	0.58851051630584	6056.0225904331555	3889.7451396990864	0.007717807301321493	12.618679488560835	16.93159999875453	2.1358391841906315
	gen18ind14	1237.8263160896968	0.07496013630347151	0.9960283826057936	0.5509918100473804	1.2087846602176358	0.5807657468054641	5834.828909548685	3257.6017091421627	0.008580334347071516	12.947914707225234	16.979539699135906	2.0364041872478813
	gen17ind6	1239.7893096796056	0.07868601428159641	0.9996172771536007	0.6581734227468329	1.2313309677104427	0.6017980176054526	6138.745466166936	2847.39165706557	0.005276222381697228	12.559506760633246	16.785057269774338	2.140422258917037
	gen15ind4	1239.853001844576	0.07996598148146689	0.991081301569205	0.646232632110356	1.1814390002305732	0.583382033389786	6311.879432443724	3080.4322122261738	0.004586708692763789	12.997995294276361	16.540600426899168	2.2043184157323585
	gen20ind10	1242.9674939804856	0.07990223330808346	0.9882575683016408	0.6379157948824774	1.1814390002305732	0.5834913628276686	6311.879432443724	3102.1345421380865	0.0013777791629404762	12.997995294276361	16.55686317051422	2.2798137868125243
	gen16ind8	1245.3722169932794	0.07990223330808346	0.9905295100720328	0.6451098031169864	1.1598405693331297	0.5898610914881945	6311.879432443724	2622.17578015893	0.0021481371424637978	12.844277068400098	16.74480638410007	2.3686140273071006
	gen16ind12	1250.6127296233406	0.07897921658783588	0.9936787548393744	0.659915125316094	1.222250406044041	0.6018956010052975	6565.634634575163	2482.272860476988	0.007645300146491171	12.59543170147123	16.980676905603822	2.3362139787436584
	gen16ind16	1251.7888393531584	0.07120425641035516	0.9871061529733774	0.5732416551825921	1.1925826018052448	0.58851051630584	6223.055937710069	3953.8206206355408	0.004226547733391976	12.618679488560835	16.85484547583094	2.2424474895063655
	gen13ind16	1254.0465594361299	0.07039158201117965	0.9868684929267245	0.6394765243653227	1.1707145568639037	0.5916508228314022	6461.581199157588	3534.96538600845	0.006128179717431846	12.618679488560835	16.93159999875453	2.443588665022959
	gen16ind0	1256.7433678806897	0.07827688450973244	0.9991419570602948	0.6672749226716879	1.2121505908325094	0.6033836863836131	6437.801508022911	2482.272860476988	0.009466006587496663	12.591394033190202	16.817548335585755	2.474965949316512
	gen20ind14	1257.5381889677574	0.07909490487077166	0.9996172771536007	0.599289878878168	1.2369043989071655	0.5807657468054641	6043.39132058199	3972.7245792762433	0.001557374831545554	13.13538970000829	16.647837388593956	2.0829509051030755
	gen19ind2	1258.707738329554	0.0778942176549911	0.9996172771536007	0.6088583351355354	1.2342614625358739	0.5981248049339819	6002.850737192062	3048.7683318488184	0.009130581037382852	12.61046974365398	16.833298876905737	2.061918609355489
	gen19ind9	1261.8985934958807	0.0778942176549911	0.99422904733183	0.6405969349933646	1.2269959225497105	0.5905994240713023	5821.86064846212	3382.9813769711654	0.002704938024145153	12.747980570354423	16.732044009627856	2.076833361217364
	gen16ind10	1263.2454151655752	0.07827688450973244	0.9999468530471874	0.6525553279605001	1.2046546258139426	0.5978836405485576	6316.299205367526	2651.421674566389	0.004045190745629711	12.749249657427537	16.817548335585755	2.4092048361426306
	gen13ind11	1264.580492613451	0.07990223330808346	0.9905295100720328	0.6432814508603368	1.172716955406055	0.5878956069067234	6311.879432443724	2836.0350812956267	0.0006627810106321361	12.931347041764653	16.664039289738575	2.3686140273071006
	gen16ind5	1266.390976288198	0.07039158201117965	0.9914123764675085	0.5815584924104706	1.2101504274902393	0.5904174164745566	6117.3333903881985	3889.7451396990864	0.007717807301321493	12.618679488560835	16.93159999875453	2.2157313173508513
	gen21ind14	1266.82770710419	0.07998594817053609	0.9905295100720328	0.6200715250450983	1.1894176970442973	0.5826488691892979	6242.04571901491	3564.610584496774	0.0006990345880472973	12.931347041764653	16.740811023371506	2.3686140273071006
	gen18ind10	1267.1040268593233	0.07949589610849571	0.9905295100720328	0.6379157948824774	1.1872429066264156	0.5836342973366487	6311.879432443724	3102.1345421380865	0.0013777791629404762	13.014889348365868	16.540600426899168	2.1426368930876363
	gen12ind16	1267.5156787748392	0.07990223330808346	0.9905295100720328	0.6432814508603368	1.172716955406055	0.5878956069067234	6311.879432443724	2836.0350812956267	0.0013777791629404762	12.931347041764653	16.664039289738575	2.3788813341268513
	gen15ind3	1269.2873547257345	0.07588061685734633	0.9868684929267245	0.6182699955420445	1.187708885443189	0.5908717776633545	5813.208574028451	2924.5512816003325	0.006934749030482319	12.554399422322298	16.55865545693201	2.086101058799007
	gen13ind8	1271.3807435605945	0.07827688450973244	0.9973114484876406	0.659915125316094	1.2046546258139426	0.6018956010052975	6316.299205367526	2526.5309606293413	0.007645300146491171	12.59543170147123	16.817548335585755	2.4051252456134717
	gen14ind13	1273.9279935701902	0.07801331408883314	0.9905295100720328	0.6432814508603368	1.172716955406055	0.5878956069067234	6550.404693891243	2836.0350812956267	0.0008473196729677467	12.865331484354407	16.779448926642264	2.3686140273071006
	gen11ind12	1275.568433890258	0.07588061685734633	0.9873099261244623	0.6580010455715246	1.187708885443189	0.5959195278202032	6223.055937710069	2586.2536534215315	0.008264946514931681	12.554399422322298	16.55865545693201	2.3604548462487824
	gen14ind10	1281.501783986747	0.07360900385550043	0.9996172771536007	0.5798042511446786	1.2087846602176358	0.5849747804563712	5834.828909548685	3748.4146418200507	0.006730653190308781	12.931065476851028	16.962204974552858	2.0829509051030755
	gen15ind1	1282.550286593115	0.07990223330808346	0.9905295100720328	0.6761370714630044	1.1699618294942757	0.5870865391469676	6311.879432443724	3102.1345421380865	0.0013777791629404762	12.997995294276361	16.540600426899168	2.3207058372905935
	gen15ind15	1289.3442903505597	0.07588061685734633	0.9855345967015254	0.6672633061746256	1.1956932503072868	0.5955300052361794	6020.766877057999	1821.6002373371373	0.008203532387302977	12.52720361438227	16.55865545693201	2.253126823687813
	gen20ind12	1291.8499478347771	0.07990223330808346	0.9905295100720328	0.6379157948824774	1.1814390002305732	0.5861118731175124	6228.954451932161	3102.1345421380865	0.0013777791629404762	12.997995294276361	16.540600426899168	2.208398006261518
	gen20ind11	1299.4441970274768	0.07833245260733007	0.997071980998897	0.5940536813643041	1.1814390002305732	0.5806256659426445	6193.116128053491	3545.7293424437685	0.0013777791629404762	13.178868299708578	16.540600426899168	2.0366089700632726
	gen12ind0	1302.322974380879	0.07588061685734633	0.9852587009529392	0.6580010455715246	1.1871960860176443	0.5959195278202032	6223.450886967184	2586.2536534215315	0.008047538474690665	12.55769557244179	16.55865545693201	2.3604548462487824
	gen18ind15	1303.109584301912	0.07574883164689668	0.9868684929267246	0.659740966957477	1.1792327764265713	0.5986803373161298	6219.887557429807	2005.6585538396616	0.0026970463134581976	12.50781015676116	16.434171638495787	2.2289326199010198
	gen17ind0	1306.493197610498	0.07838014967473936	0.9899243228424157	0.659915125316094	1.222250406044041	0.6018956010052975	6565.634634575163	2482.272860476988	0.007645300146491171	12.600093675348294	16.913218918751987	2.3362139787436584
	gen17ind18	1307.1166702950718	0.07827688450973244	0.9991419570602948	0.634622146685534	1.2293174943804726	0.6033836863836131	6437.801508022911	3157.5472600356447	0.009466006587496663	12.627328215583518	16.817548335585755	2.474965949316512
	gen15ind18	1310.3566780468045	0.07046522638889449	0.9902594621345284	0.5815584924104706	1.2085514370091885	0.58851051630584	6417.366926419319	3260.585157708185	0.009261940209207193	12.618679488560835	16.954501106180047	2.434375421083925
	gen19ind13	1315.83464070124	0.07827688450973244	0.9930434606954429	0.6968031757497009	1.2121505908325094	0.6033836863836131	6437.801508022911	2250.8961812288826	0.008807480571242044	12.590488439094475	16.64210551994648	2.585471212093246
	gen18ind12	1319.9386618918297	0.07868601428159641	0.9988640291148041	0.6292401602027553	1.2313309677104427	0.5986636439978483	6138.745466166936	2847.39165706557	0.005276222381697228	12.745286118742136	16.88229848445512	2.140422258917037
	gen16ind11	1321.8847397785544	0.07528154994424979	0.9841227300677433	0.6570440056992399	1.1907209238771872	0.5959195278202032	6223.055937710069	2468.134596198349	0.0085012147938597	12.554399422322298	16.49666700445697	2.3716224460899547
	gen15ind7	1322.6250454007359	0.07574597457272808	0.9868684929267245	0.6394765243653227	1.1707145568639037	0.5916508228314022	6529.205026124501	3534.96538600845	0.006128179717431846	12.808337391418597	16.736100212826848	2.411143542739355
	gen18ind13	1325.4135062133223	0.07827688450973244	0.9991419570602948	0.6377466695936749	1.2046546258139426	0.6048113157371365	6361.19204332086	2482.272860476988	0.008825607359949625	12.59543170147123	16.849544409811443	2.474965949316512
	gen15ind8	1326.857140141166	0.07718139732789464	0.9945826290764435	0.6990934417689056	1.1811720091496478	0.6013166211042342	6223.055937710069	2792.630421471801	0.007228925155199212	12.625271788799822	16.6256065302977	2.426373343641155
	gen14ind15	1327.5154318800905	0.07774413632728522	0.9987729308726139	0.574177009866604	1.1979205293843136	0.5841948571175835	5879.240656915513	3529.2705442229826	0.0013777791629404762	13.021998054477605	16.72034895048131	2.20104391659188
	gen16ind17	1331.2760758992417	0.07827688450973244	0.997521518959435	0.6562410348868282	1.1856526969029757	0.6044994189887933	6370.822101864833	2822.491767867896	0.007575001916834628	12.604755649225357	16.81207880120896	2.3381196465664376
	gen18ind5	1339.8733015610876	0.07574883164689668	0.9868684929267246	0.6450530780420956	1.197975391340987	0.5994243800052875	6402.610552276687	2005.6585538396616	0.005954493278456834	12.55769557244179	16.44429722306459	2.2821085809057253
	gen18ind2	1342.9911126517673	0.0793323266659614	0.9905295100720328	0.6379157948824774	1.1814390002305732	0.583382033389786	6179.076718318075	3102.1345421380865	0.0013777791629404762	13.092525289473064	16.540600426899168	2.208398006261518
	gen17ind5	1343.1274540312513	0.07588061685734633	0.9855345967015254	0.6672633061746256	1.1817590922522572	0.5955300052361794	6190.457077743758	1821.6002373371373	0.006057517187206642	12.655248383331664	16.71397282973415	2.3229675273908534
	gen11ind18	1343.2713610685814	0.07990223330808346	0.9905295100720328	0.6379157948824774	1.1814390002305732	0.583382033389786	6311.879432443724	2836.0350812956267	0.0013777791629404762	13.021998054477605	16.66634231262215	2.4025194377439547
	gen18ind0	1349.6381983467418	0.07930597006531123	0.9905295100720328	0.6534182220188226	1.1751819550206857	0.5878956069067234	6311.879432443724	2836.0350812956267	0.0012633110469146272	12.931347041764653	16.664039289738575	2.4258695788409654
	gen16ind18	1350.3759996723188	0.07809089704422548	0.9998549372002536	0.5602511859410292	1.2369043989071655	0.5897991802944524	5804.031872613279	3282.049561324129	0.00320296212977247	12.916145433186731	16.74716470260602	2.0829509051030755
	gen12ind13	1351.3536079964724	0.07827688450973244	0.9911577729730715	0.659915125316094	1.2046546258139426	0.6018956010052975	6316.299205367526	2526.5309606293413	0.007645300146491171	12.59543170147123	16.808374247605066	2.5438772161863255
	gen15ind14	1351.517100099283	0.07568928342997566	0.9852587009529392	0.6324726504812453	1.1871960860176443	0.5959195278202032	6049.268224522248	2586.2536534215315	0.008047538474690665	12.55769557244179	16.55865545693201	2.188851528119791
	gen15ind17	1351.845879751978	0.07681237659231578	0.9974556936826432	0.5767261625555336	1.2028258704000148	0.5807657468054641	5834.828909548685	3869.5361952511084	0.005056918221878425	13.108703662941618	16.486860350046985	2.0829509051030755
	gen13ind0	1354.9128276855424	0.07483639612884807	0.9935300737145594	0.6239224957578738	1.2026652479712738	0.583382033389786	6439.27246060462	2921.052891267105	0.004986396085299478	13.013244976416514	16.674073742637823	2.416978926194137
	gen11ind3	1355.5778928352297	0.07982185778041492	0.9991758439558629	0.5993663312332956	1.2266624540299809	0.5858240275065058	5889.765370225486	3858.4630680076457	0.004397980530140242	13.057699929136238	16.42880179600205	2.0974103935532575
	gen15ind11	1361.7899072341806	0.07872344883692906	0.9894487183365541	0.6379157948824774	1.1814390002305732	0.583382033389786	6311.879432443724	3102.1345421380865	0.0015326907550506038	13.116937162332043	16.413075112092574	2.208398006261518
	gen18ind3	1363.6183488269635	0.07496013630347151	0.9938045575818765	0.5509918100473804	1.192815825013692	0.5862342502438229	5892.048691517034	3434.482819551482	0.0035761552567219012	12.931065476851028	16.979539699135906	2.0364041872478813
	gen13ind9	1364.9219695800168	0.07982858893036862	0.9966831855866021	0.5988173976690544	1.1814390002305732	0.5841948571175835	6117.765918363032	3529.2705442229826	0.0013777791629404762	13.021998054477605	16.772887644523507	2.2637674671711014
	gen11ind4	1366.6226576823142	0.07573332810191666	0.9996172771536007	0.5767261625555336	1.215427657389144	0.5807657468054641	5834.828909548685	3972.7245792762433	0.004557034330719771	13.154029169298095	16.57700363289339	2.0829509051030755
	gen16ind19	1366.989901230378	0.07588061685734633	0.9855345967015254	0.6672633061746256	1.2041661204926637	0.6010419169071508	6275.477604675971	2059.9073906558006	0.008203532387302977	12.52720361438227	16.750343805476994	2.253126823687813
	gen15ind6	1370.5369725416056	0.0770787506835394	0.9916330930663774	0.659915125316094	1.1811720091496478	0.6013166211042342	6223.055937710069	2822.491767867896	0.007575001916834628	12.604755649225357	16.682632361882085	2.3381196465664376
	gen10ind9	1371.0667444343994	0.07039158201117965	0.9914123764675085	0.6326456671927888	1.1887344842942786	0.5972272938066285	6222.26603919584	2633.795691231484	0.007699994813096406	12.618679488560835	16.93496062016089	2.3604548462487824
	gen11ind8	1371.1179860982845	0.07039158201117965	0.9914123764675085	0.6088817082018507	1.187708885443189	0.5916508228314022	6223.055937710069	3534.96538600845	0.007717807301321493	12.618679488560835	16.93159999875453	2.443588665022959
	gen17ind10	1371.4113377516774	0.07588061685734633	0.9855345967015254	0.6672633061746256	1.197954024508439	0.5955300052361794	6020.766877057999	1258.9337762318007	0.008203532387302977	12.658575743726622	16.565311031451817	2.253126823687813
	gen8ind16	1372.8077498207933	0.07039158201117965	0.9914123764675085	0.6326456671927888	1.187708885443189	0.5972272938066285	6223.055937710069	2586.2536534215315	0.007717807301321493	12.618679488560835	16.93496062016089	2.3604548462487824
	gen12ind6	1372.9437346995167	0.07827688450973244	0.9916330930663774	0.659915125316094	1.1811720091496478	0.6013166211042342	6223.055937710069	2792.630421471801	0.0072651787326143726	12.625271788799822	16.682632361882085	2.3604548462487824
	gen13ind4	1373.8210277444855	0.07827688450973244	0.9916330930663774	0.659915125316094	1.1809156094368753	0.6013166211042342	6223.055937710069	2792.630421471801	0.007156474712493865	12.626919863859568	16.682632361882085	2.3604548462487824
	gen16ind2	1375.153694676249	0.07506794245817082	0.9855345967015254	0.6802112737040547	1.203195156525093	0.5955300052361794	6011.271986405579	1821.6002373371373	0.007979203841038528	12.64190402865978	16.55865545693201	2.253126823687813
	gen15ind12	1376.6326590782867	0.07112529120889442	0.9868684929267245	0.6515476396944462	1.1867076861721133	0.5946855780007879	6051.73383547597	2924.5512816003325	0.008213057844174861	12.60193435427961	16.692435811439985	2.319588075110948
	gen12ind12	1378.3675734552944	0.07320974381197783	0.9832074757814162	0.6746407135512712	1.1743622988957565	0.5992121042787807	6417.169451790761	1950.1489461284743	0.008264946514931681	12.554399422322298	16.808374247605066	2.491977072596545
	gen9ind2	1382.3010581683152	0.07573332810191666	0.9996172771536007	0.5993663312332956	1.2144020585380542	0.5906421408894735	5834.828909548685	3858.4630680076457	0.004397980530140242	12.91051618880915	16.43552303881477	2.0974103935532575
	gen16ind15	1382.7470188805519	0.07990223330808346	0.9905295100720328	0.6432814508603368	1.1746653610036781	0.5812030645569946	6047.932204934218	3564.610584496774	0.0006990345880472973	13.08754003590975	16.72106512132296	2.3686140273071006
	gen10ind10	1386.4931593270112	0.07573332810191666	0.9996172771536007	0.5886350192775767	1.2144020585380542	0.5816149938555988	5834.828909548685	3858.4630680076457	0.004397980530140242	13.154029169298095	16.43552303881477	2.0829509051030755
	gen19ind15	1388.5609008802007	0.07827688450973244	0.9956256942773587	0.6526582600377118	1.202370918102496	0.6018956010052975	6565.634634575163	2482.272860476988	0.007772333318511767	12.679805495188898	16.999111099561937	2.474965949316512
	gen20ind2	1389.8564171166872	0.07773198940809545	0.9909183054843278	0.6131252039738946	1.1814390002305732	0.581595592507238	6193.116128053491	3287.2935478451127	0.0013777791629404762	13.176314630553104	16.533104697027767	2.208398006261518
	gen15ind19	1390.5935827467217	0.07827688450973244	0.9916330930663774	0.669177385919195	1.1896691734392904	0.6034509735986346	6223.055937710069	2318.274555178342	0.00833356213136429	12.593131755680552	16.682632361882085	2.3604548462487824
	gen17ind2	1391.4147005323775	0.0770787506835394	0.9916330930663774	0.659915125316094	1.1811720091496478	0.6013166211042342	6181.198863576562	2822.491767867896	0.007575001916834628	12.620001628255118	16.682632361882085	2.3381196465664376
	gen11ind10	1393.8909899492432	0.07928121024651649	0.9905295100720328	0.5894093867883542	1.2122296764270424	0.5876807213566915	5819.312819664407	3977.908453592026	0.004197773419246012	12.913046969215006	16.671799343862382	2.4025194377439547
	gen14ind19	1395.9056037131156	0.07573332810191666	0.9974556936826432	0.5767261625555336	1.215427657389144	0.5807657468054641	5834.828909548685	3869.5361952511084	0.005056918221878425	13.154029169298095	16.515015180418352	2.0829509051030755
	gen14ind3	1396.8601978317756	0.07285815788494743	0.9955148268105546	0.6041927806593991	1.2054025694274655	0.5807657468054641	6026.782649509831	3972.7245792762433	0.005605341322466508	13.154029169298095	16.57700363289339	2.0829509051030755
	gen10ind8	1397.041839258959	0.07588061685734633	0.9873099261244623	0.6580010455715246	1.187708885443189	0.6013166211042342	6223.055937710069	2586.2536534215315	0.008264946514931681	12.554399422322298	16.808374247605066	2.3604548462487824
	gen12ind10	1398.2575330406612	0.07573332810191666	0.9996172771536007	0.5886350192775767	1.2264060543172084	0.5821466635832693	5834.828909548685	3858.4630680076457	0.004397980530140242	13.154029169298095	16.426073280381928	2.0829509051030755
	gen13ind13	1398.9289919901285	0.07736931471846577	0.9905295100720328	0.6309191453201757	1.1920521241009236	0.583382033389786	6236.8578685482535	3147.479870771761	0.0013777791629404762	13.021998054477605	16.66634231262215	2.4025194377439547
	gen12ind18	1401.9428249314064	0.07963361258093309	0.9969416792279533	0.603070533503209	1.214280874129222	0.5816835392895168	6076.56643259305	3953.5471436275507	0.0016958867640995343	13.171130799346791	16.873398316290043	2.419669195269348
	gen19ind7	1406.13078402387	0.07588061685734633	0.9828764008831129	0.6580010455715246	1.187708885443189	0.5908717776633545	6056.21317933922	2005.6585538396616	0.006440167542656469	12.776939839263349	16.3119432170582	2.2289326199010198
	gen18ind9	1413.9753734412213	0.07412105189980153	0.998568408219171	0.5509918100473804	1.2087846602176358	0.5807657468054641	5834.828909548685	3257.6017091421627	0.0070674148246514185	13.007974454829183	16.979539699135906	2.0364041872478813
	gen19ind1	1416.4391699208657	0.07990223330808346	0.9905295100720328	0.6432814508603368	1.1746653610036781	0.5899579338388665	6242.04571901491	3564.610584496774	0.004311725427472185	12.931347041764653	16.72106512132296	2.3686140273071006
	gen11ind13	1422.2437308496778	0.07827688450973244	0.9873099261244623	0.659915125316094	1.187708885443189	0.6013166211042342	6223.055937710069	2526.5309606293413	0.0072651787326143726	12.625271788799822	16.808374247605066	2.3604548462487824
	gen21ind9	1424.362905584242	0.07866528186132424	0.9859856265312489	0.6518461675355502	1.147842283082655	0.5806231657584486	6200.188644881404	3071.794536240519	0.0014220729607128985	13.118859714199395	16.67483397200921	2.2971982467560945
	gen14ind16	1425.9160744295664	0.06957890761200414	0.9914123764675085	0.5925581576272789	1.2085514370091885	0.5977673001135957	6225.26582417197	3953.8206206355408	0.00914843220690316	12.618679488560835	16.997384033754013	2.3663023397322567
	gen16ind6	1429.0594140164665	0.07133889869497341	0.9816698064051322	0.6280849897218139	1.1956932503072868	0.5955300052361794	6020.766877057999	1821.6002373371373	0.008203532387302977	12.538827507927072	16.55865545693201	2.253126823687813
	gen11ind9	1433.125579893507	0.07298881067883331	0.9983314976748763	0.5886350192775767	1.2144020585380542	0.5816149938555988	5834.828909548685	3858.4630680076457	0.004397980530140242	13.154029169298095	16.498816225092682	2.1184426893008435
	gen19ind10	1434.5624177159152	0.07989320180598455	0.9897762620332362	0.6143481883162594	1.1788979007858909	0.5811542728570721	5962.048649346312	3486.8833973431592	0.0006990345880472973	13.099163929454551	16.802060803098037	2.2013421821073633
	gen12ind3	1439.464331981571	0.07956587174275057	0.9905295100720328	0.6108104741241368	1.239736206617063	0.5802804615205862	5908.6512564603345	3226.9606622916526	0.002041297338929604	13.105705449538723	16.68028556744801	2.63820777861348
	gen11ind17	1442.36419116944	0.07956587174275057	0.9905295100720328	0.6108104741241368	1.239736206617063	0.5802804615205862	5908.6512564603345	3326.2641463227264	0.0013777791629404762	13.105705449538723	16.68028556744801	2.4856532565181313
	gen13ind1	1442.5543040905904	0.07560601146436394	0.9870553226300254	0.6878748776347217	1.1913080392665099	0.6018956010052975	6487.81189650769	2031.7990927851674	0.007645300146491171	12.59543170147123	16.987352741238816	2.69289649357893
	gen11ind11	1447.0125949539884	0.07483639612884807	0.9996837492291285	0.6239224957578738	1.2026652479712738	0.583382033389786	6161.836304652783	3725.024121090355	0.003632323884352177	13.166141820442117	16.655759679202653	2.416978926194137
	gen12ind14	1448.18794655549	0.0735617466251148	0.9873099261244623	0.659915125316094	1.1682321011497931	0.6013166211042342	6389.70122145236	2364.7821196297436	0.0072651787326143726	12.625271788799822	16.808374247605066	2.3604548462487824
	gen17ind1	1453.5522551383951	0.07990223330808346	0.9905295100720328	0.6379157948824774	1.1814390002305732	0.583382033389786	6457.435710136586	3102.1345421380865	0.0023925965253949444	13.200067007967553	16.540600426899168	2.2661416080711616
	gen13ind18	1456.6110076963548	0.07983029197016747	0.9998454865092814	0.5579386766891936	1.233184266792657	0.5816835392895168	5910.504650609127	3953.5471436275507	0.0016958867640995343	13.204555687731094	16.93599235173977	2.419669195269348
	gen15ind2	1458.8935662664726	0.07200029293334004	0.9868684929267245	0.6385994037324266	1.1707145568639037	0.5955232075815902	6267.4676850768965	3525.5134066880987	0.007613535849263508	12.618679488560835	16.94690248665369	2.443588665022959
	gen12ind7	1462.0979758578121	0.07039158201117965	0.9914123764675085	0.6326456671927888	1.1887344842942786	0.6013616885274367	6177.854291829012	2983.2608435878956	0.009129991117713086	12.58297979439755	16.93496062016089	2.3809894598882844
	gen13ind2	1463.604529942792	0.07483639612884807	0.9996837492291285	0.6019171718002678	1.2026652479712738	0.5864913139461329	6161.836304652783	3837.3747666997697	0.0012663185905657545	13.166141820442117	16.406040888529596	2.416978926194137
	gen7ind16	1468.2823544050868	0.07928121024651649	0.9569525500545741	0.6883925244039442	1.1742257433315881	0.583382033389786	5973.867378161727	3858.4630680076457	0.00010775528627345033	12.714292792858808	16.287755268920144	2.2605523009528827
	gen10ind2	1473.9072500935895	0.07762970919340548	0.9905295100720328	0.6108104741241368	1.2246772460446995	0.583382033389786	5823.699613788587	3725.024121090355	0.00010933788375775202	13.105705449538723	16.48900396582531	2.4025194377439547
	gen11ind14	1474.106707295377	0.07866018718494952	0.9975407575617008	0.5789437340097601	1.2308494496305251	0.5918001006916	6021.315444863599	3133.102506613246	0.003438803574437029	12.913046969215006	16.92151813453544	2.4025194377439547
	gen13ind10	1481.7827579058185	0.07039158201117965	0.9914123764675085	0.6643842670506179	1.1707006318884883	0.6049266185780663	6416.379553276532	2414.9160945975873	0.007540363533823439	12.58297979439755	16.93496062016089	2.3809894598882844
	gen9ind12	1484.7944624467345	0.07039158201117965	0.9914123764675085	0.6322730980355749	1.187708885443189	0.6014363274575356	6223.055937710069	2645.9763462137216	0.007717807301321493	12.618679488560835	16.93496062016089	2.4314384146443184
	gen15ind13	1488.7102752664882	0.07499961890420187	0.9981502313701016	0.574177009866604	1.1979205293843136	0.5841948571175835	5804.473491351501	3818.98371263824	0.0012129135762558902	13.021998054477605	16.90682122139257	2.20104391659188
	gen14ind5	1494.2798058274027	0.07039158201117965	0.9827660425836784	0.6394765243653227	1.1707145568639037	0.5955232075815902	6461.581199157588	3525.5134066880987	0.007613535849263508	12.618679488560835	16.93159999875453	2.549924937726957
	gen14ind11	1503.1519955058825	0.07120425641035516	0.9880214072597046	0.6326456671927888	1.1887344842942786	0.6013616885274367	6175.644405367111	3138.0129039210383	0.005996230625937739	12.58297979439755	16.859357608679087	2.379686555953526
	gen17ind4	1508.3856499046783	0.07477547676390675	0.9784932564754878	0.7109928336895991	1.2041661204926637	0.6010419169071508	6383.84510689833	984.3452196862477	0.008203532387302977	12.667267295019961	16.750343805476994	2.338214782980182
	gen9ind17	1511.6424731414738	0.07928121024651649	0.9905295100720328	0.6108104741241368	1.2122296764270424	0.583382033389786	5978.993749305483	3725.024121090355	0.0013777791629404762	13.105705449538723	16.66634231262215	2.4025194377439547
	gen7ind8	1513.771220182108	0.07928121024651649	0.9905295100720328	0.6108104741241368	1.2122296764270424	0.583382033389786	5973.867378161727	3977.908453592026	0.0013777791629404762	13.105705449538723	16.66634231262215	2.4025194377439547
	gen14ind6	1518.6137505211784	0.07622875982035499	0.9966831855866021	0.6090366981444401	1.1814390002305732	0.5893172462045311	6117.765918363032	3529.2705442229826	0.0021363393774701386	13.010374160932802	16.772887644523507	2.3139117427527847
	gen12ind11	1518.6533348756348	0.06559904670640744	0.9919898061707271	0.6134970682550944	1.187708885443189	0.5957199267897375	5905.076587449467	2705.699039005912	0.004949771630377689	12.662731613872412	16.742946647939675	2.5645235060664446
	gen18ind4	1520.7603006929035	0.07827688450973244	0.9947043674251359	0.6655011465121523	1.2322695733434117	0.6094632378018001	6586.918199336456	2457.8764418837327	0.006150938079873944	12.597985370626702	16.999986219178567	2.474965949316512
	gen14ind0	1531.228125742672	0.07827688450973244	0.9911577729730715	0.659915125316094	1.2079761243996967	0.6018956010052975	6316.299205367526	2526.5309606293413	0.007645300146491171	12.706913547694763	16.808374247605066	2.5438772161863255
	gen11ind15	1534.63358371289	0.075653584815251	0.9905295100720328	0.619738855438632	1.2122296764270424	0.5918001006916	6168.895604102512	3659.8560999454976	0.0057250168821184975	12.913046969215006	16.92151813453544	2.4025194377439547
	gen9ind1	1536.3649561090801	0.07928121024651649	0.9950733936128168	0.6060490547681008	1.2122296764270424	0.595628052821308	5904.348143855206	3977.908453592026	0.004962945779558008	12.821749382535135	16.92151813453544	2.4025194377439547
	gen17ind14	1539.452443562346	0.07717174441629288	0.9913954330197244	0.659915125316094	1.1650471226030363	0.6118815482041509	6603.857318691011	2822.491767867896	0.009024104471251128	12.555601216632393	16.682632361882085	2.3381196465664376
	gen17ind11	1542.52238375885	0.07683846819535622	0.9996172771536007	0.563925276370295	1.2251537994248867	0.5893723382453792	5834.828909548685	3070.866826413536	0.004557034330719771	13.125536386253259	16.771746120734722	2.0829509051030755
	gen8ind11	1546.459593442606	0.07928121024651649	0.9905295100720328	0.6060490547681008	1.2122296764270424	0.5918001006916	5973.867378161727	3977.908453592026	0.004962945779558008	12.913046969215006	16.92151813453544	2.4025194377439547
	gen15ind0	1547.007204888541	0.07360900385550043	0.9963906308027877	0.5602511859410292	1.2366508550963946	0.5849747804563712	5974.68312299971	3748.4146418200507	0.00547161134283068	13.076502299044483	16.962204974552858	2.0829509051030755
	gen12ind15	1557.3788152367795	0.061656395457131044	0.9934636016390315	0.6326456671927888	1.187708885443189	0.5968362359104878	6143.938026543326	2735.560385402007	0.006154639535117794	12.61538333844134	16.998253806438804	2.5645235060664446
	gen8ind2	1558.28070081348	0.07928121024651649	0.9905295100720328	0.6021827597292626	1.2122296764270424	0.583382033389786	5973.867378161727	3977.908453592026	0.0013777791629404762	13.147432483686845	16.66634231262215	2.4025194377439547
	gen11ind7	1558.6179960823274	0.07573332810191666	0.9898450638644825	0.5993663312332956	1.1969579688890177	0.5906421408894735	5834.828909548685	3858.4630680076457	0.002678560746683433	12.972727143872191	16.43091699304762	2.0356746978688687
	gen13ind7	1575.757803922084	0.07990223330808346	0.9864270597289867	0.6643365029065325	1.1714139122688947	0.5916128068903682	6311.879432443724	2836.0350812956267	0.002949259404128794	13.021998054477605	16.747949562335233	2.4025194377439547
	gen14ind2	1577.688344060538	0.07627397563581509	0.9937355946499931	0.6115246566993683	1.2255156707700587	0.5827281503965733	5890.932373742222	3705.5906450752336	0.0009448141272883656	13.173911096562968	16.532033158852776	2.4025194377439547
	gen13ind5	1578.1207841007986	0.06998298766797818	0.9914123764675085	0.6347374873524096	1.1887344842942786	0.5972272938066285	6218.736389470975	2633.795691231484	0.0066536483142132456	12.74522691417439	16.93496062016089	2.3604548462487824
	gen14ind12	1579.891352741446	0.07982858893036862	0.9992143640703519	0.5988173976690544	1.1814390002305732	0.5841948571175835	5923.65240428234	3538.722523543334	0.00020260732236038496	13.289672894846234	16.595589461592937	2.2637674671711014
	gen10ind13	1584.0390351444948	0.07928121024651649	0.9937355946499931	0.6108104741241368	1.213255275278132	0.583382033389786	6012.963467944514	3725.024121090355	0.0009448141272883656	13.267676767429268	16.66634231262215	2.4025194377439547
	gen10ind5	1593.993605746401	0.07963361258093309	0.9969416792279533	0.5869927606800505	1.214280874129222	0.5816835392895168	6076.56643259305	3953.5471436275507	0.0016958867640995343	13.43880563971542	16.949303500779386	2.419669195269348
	gen12ind4	1597.8549619621172	0.07866018718494952	0.9981249369497245	0.5789437340097601	1.2308494496305251	0.5880384432527319	6021.315444863599	3396.3208962536173	0.003438803574437029	13.193493483337647	16.92151813453544	2.423551733491541
	gen12ind5	1598.3488967023427	0.07446047904068379	0.988626928616179	0.619738855438632	1.209562786996809	0.5918001006916	6168.895604102512	3946.1001691764914	0.0057250168821184975	12.913046969215006	16.726775646694108	2.4025194377439547
	gen9ind6	1600.9368760456434	0.06559904670640744	0.9914123764675085	0.6326456671927888	1.187708885443189	0.5988808995592907	6143.938026543326	2705.699039005912	0.005928325250764234	12.618679488560835	16.93496062016089	2.5645235060664446
	gen16ind1	1620.7606447736416	0.07386980863197776	0.9848124694392086	0.6580010455715246	1.1948360104815459	0.6019935137433998	6077.499660017207	1945.986501021057	0.008322176872887069	12.680996417624748	16.55865545693201	2.3828192549619303
	gen6ind17	1639.203585340791	0.07928121024651649	0.9678775012717824	0.6280659029138853	1.2122296764270424	0.583382033389786	5973.867378161727	3858.4630680076457	0.00013977207093774236	13.02225138124248	16.629275231169032	2.2605523009528827
	gen12ind17	1642.5780258102232	0.0773485373377088	0.9975407575617008	0.5588555990710291	1.2368901548775482	0.5918001006916	5994.23527805982	3699.7650762713242	0.003438803574437029	13.056934559422599	16.978090078000626	2.4025194377439547
	gen11ind16	1652.657581809563	0.06861764093887973	0.9995161295663859	0.6253860992586473	1.18828227707315	0.6068876362579267	6115.966663084606	2586.2536534215315	0.005655372887555556	12.703600422450293	16.674790095504758	2.3105035736008324
	gen11ind0	1665.8050099926895	0.0720259593839855	0.9925807352435558	0.6381900754651995	1.212742475852587	0.5897039789288924	6368.6552519299385	3112.6904327022744	0.0029019213680614555	13.179572516806115	16.916061103295206	2.4025194377439547
	gen7ind6	1666.8435357582343	0.05958971348605458	0.9996172771536007	0.5815623412781034	1.2199367480184065	0.5910379376492021	5834.828909548685	3858.4630680076457	0.004397980530140242	12.964837310327102	16.43552303881477	2.046626077258119
	gen9ind3	1669.472288207106	0.07039158201117965	0.9995161295663859	0.6364738266819274	1.187708885443189	0.6077711560250204	6205.03394228252	2586.2536534215315	0.003928789686129618	12.76042422151588	16.790199732408446	2.3105035736008324
	gen10ind6	1673.9106275339973	0.07928121024651649	0.9932941614522552	0.5879840208677676	1.2122296764270424	0.583382033389786	5978.993749305483	3909.381487453164	0.0007116104887476354	13.349416511193478	16.66634231262215	2.321097396482445
	gen14ind8	1680.5751186415564	0.07835842823889849	0.9891917111092091	0.6316314774476399	1.2074818183642684	0.583382033389786	5890.932373742222	3137.2458960849253	0.0009448141272883656	13.26781754988608	16.532033158852776	2.4025194377439547
	gen11ind1	1683.1422977747147	0.07697537422505062	0.975757812421068	0.653576972749977	1.1405603106531892	0.6069715355323602	6476.321718891068	2080.4849884181895	0.004758755183318389	12.595917658359827	16.93496062016089	2.2362518001956015
	gen8ind7	1683.3195952637977	0.07697537422505062	0.975757812421068	0.653576972749977	1.1405603106531892	0.6077711560250204	6625.194555599337	2080.4849884181895	0.0074462649403822	12.595917658359827	16.93496062016089	2.2362518001956015
	gen11ind19	1686.0346249904956	0.07627397563581509	0.9937355946499931	0.5998928775898108	1.2255156707700587	0.583382033389786	5890.932373742222	3705.5906450752336	0.0009448141272883656	13.267676767429268	16.532033158852776	2.4025194377439547
	gen10ind15	1692.5457594051632	0.07697537422505062	0.975757812421068	0.653576972749977	1.152820706145116	0.6029530426420526	6500.600275825166	2080.4849884181895	0.006068834179500458	12.743101398686914	16.928239377348163	2.2362518001956015
	gen10ind3	1702.7666269139759	0.06559904670640744	0.995905686214685	0.6326456671927888	1.187708885443189	0.6068664272260009	6143.938026543326	2705.699039005912	0.005928325250764234	12.542368114711271	16.93496062016089	2.5185155739948835
	gen10ind11	1713.353604705002	0.06977055894961268	0.9995161295663859	0.6093685059235867	1.187708885443189	0.6077711560250204	6205.03394228252	2586.2536534215315	0.003928789686129618	12.76042422151588	16.54048094173539	2.2410828702796604
	gen13ind15	1714.2849699018557	0.07827688450973244	0.9849708614207384	0.659915125316094	1.2046546258139426	0.6081643482205061	6316.299205367526	1957.1457267949295	0.009961611461780923	12.71043949758868	16.759822136469744	2.5156151762136485
	gen10ind4	1719.6691093926188	0.07039158201117965	0.9953022389993045	0.6322730980355749	1.187708885443189	0.6075593371732966	6223.055937710069	2705.699039005912	0.009507673746414076	12.618679488560835	16.937451468882465	2.5024219830398544
	gen11ind6	1722.8529538939915	0.07928121024651649	0.9975407575617008	0.6108104741241368	1.2369796473764885	0.5872869910034408	5953.891933832758	3385.9868391149166	0.0013777791629404762	13.311169334844314	16.419984143355453	2.3258689901976917
	gen12ind9	1723.181226163778	0.075653584815251	0.9905295100720328	0.619738855438632	1.2122296764270424	0.5980688479068086	6168.895604102512	3534.96538600845	0.0057250168821184975	12.913046969215006	16.86767470669037	2.4025194377439547
	gen10ind1	1726.3816497797816	0.0720259593839855	0.9905295100720328	0.6381900754651995	1.2122296764270424	0.5839992094929429	6369.050201187053	3088.919413797298	0.0029019213680614555	13.39094546417579	16.781751949525834	2.4025194377439547
	gen14ind1	1727.4828286437041	0.07572722919296584	0.9905295100720328	0.619738855438632	1.2122296764270424	0.5993769911989696	6363.206592811761	3659.8560999454976	0.007470268954103945	12.913046969215006	16.81497280263408	2.4025194377439547
	gen9ind0	1728.031676997086	0.0720259593839855	0.9905295100720328	0.6381900754651995	1.2122296764270424	0.5917486425776952	6369.050201187053	3088.919413797298	0.0029019213680614555	13.147432483686845	16.916061103295206	2.4025194377439547
	gen13ind19	1735.4790937204068	0.075653584815251	0.9905295100720328	0.619738855438632	1.1862160158401054	0.5996196338414086	6326.097944727379	3659.8560999454976	0.0057250168821184975	12.913046969215006	16.86070307927744	2.3399202326092805
	gen1ind16	1740.2762575130316	0.034283668122583134	0.9977228439475015	0.7133042721719698	1.1268640085136878	0.6143855790356688	6696.595918703977	128.96007789198165	1.6794377213869612e-05	12.603856701778117	16.719772640140583	2.5765777304726063
	gen9ind10	1742.0094150503023	0.059413512318846284	0.9996172771536007	0.5815623412781034	1.2189111491673166	0.5932576728623242	5834.828909548685	3858.4630680076457	0.006623528874101118	12.964837310327102	16.4216303556928	2.0470460843583838
	gen10ind12	1745.262260146006	0.07928121024651649	0.9905295100720328	0.6060490547681008	1.2122296764270424	0.5985269539137311	5973.867378161727	3977.908453592026	0.004962945779558008	12.913046969215006	16.92151813453544	2.4025194377439547
	gen9ind15	1752.7579323476195	0.07656974313133573	0.9790160017576106	0.5693722123024488	1.2126040246785035	0.5841709546418203	5894.445671248728	3858.4630680076457	0.0013919071277641694	13.189259198580075	16.43552303881477	2.0680429072082527
	gen5ind18	1753.1231273934409	0.07963361258093309	0.9969416792279533	0.5869927606800505	1.214280874129222	0.5873606302653558	6041.80681543979	3953.5471436275507	0.000511849091636255	13.429648085319815	16.949303500779386	2.401679423543425
	gen3ind6	1756.9832171492167	0.047126346747422464	0.9981195363037094	0.6292703654887201	1.2187215383266556	0.5841736269092432	6078.717892586291	401.0455221569964	0.00010368118360309605	13.181140704560057	16.59252798596453	2.6088609383551447
	gen10ind14	1759.305035244086	0.07928121024651649	0.9795160673092376	0.6060490547681008	1.2088889400569052	0.595628052821308	5925.310264293531	3977.908453592026	0.0023427877871938707	12.821749382535135	16.956125886999885	2.4025194377439547
	gen12ind19	1762.0507530821767	0.06772070896581114	0.9873099261244623	0.6326456671927888	1.174875098321301	0.6026698318195975	6222.26603919584	2414.9160945975873	0.007699994813096406	12.648995351807795	16.887741196908543	2.540773726208724
	gen7ind7	1772.1299443656044	0.07656974313133573	0.9790160017576106	0.6017405483275491	1.2186515135844007	0.5841709546418203	5938.803693992716	3858.4630680076457	0.001528066763973564	13.250949648677063	16.476497943714655	2.0680429072082527
	gen12ind8	1773.191777702837	0.07551476016444839	0.9996837492291285	0.5874613134398521	1.2159512423142904	0.5864345075175726	6088.5915520942735	3725.024121090355	0.0008476779000947576	13.427091254100084	16.655759679202653	2.44658610070442
	gen13ind6	1773.30625936124	0.07963361258093309	0.9969416792279533	0.5869927606800505	1.214280874129222	0.5872837545677072	6037.655538088732	3953.5471436275507	0.0016958867640995343	13.43880563971542	16.878287533287928	2.4407014910169345
	gen8ind19	1781.6155979948408	0.07056778317838794	0.994368096191736	0.6265731104806883	1.1887344842942786	0.6077711560250204	6436.200506403314	2633.795691231484	0.007717807301321493	12.720388488891288	16.92355878576049	2.4310184075440535
	gen11ind2	1783.3108574333216	0.07565164905572891	0.9836185176522837	0.6060490547681008	1.2088889400569052	0.5915086734863995	5925.310264293531	3977.908453592026	0.0023427877871938707	12.967667732659294	16.706407096326828	2.4025194377439547
	gen4ind18	1794.6405513040863	0.05744418281140788	0.9969416792279533	0.5869927606800505	1.1894116775777916	0.5841736269092432	6041.80681543979	2105.094116241192	0.001775158826175923	13.209033704539312	16.949303500779386	2.324280242615437
	gen6ind12	1796.3113319723454	0.06839072974739735	0.9970977206728415	0.6581396688842802	1.1605600388867368	0.6110783675303446	6456.705990978338	2825.144424590292	0.0038673008392676816	12.674006410791629	16.844096543702697	2.644389119830926
	gen10ind18	1798.429582883526	0.07056778317838794	0.992096154421344	0.6426436208292376	1.1887344842942786	0.6077711560250204	6436.200506403314	2633.795691231484	0.007717807301321493	12.720388488891288	16.920830270140375	2.4310184075440535
	gen6ind16	1811.4116460539774	0.034283668122583134	0.9977228439475015	0.6620573731480532	1.1268640085136878	0.588659348349877	6273.1473655203845	1993.7115729498137	0.0002821342226501496	12.854781075658419	16.919812008310853	2.5765777304726063
	gen5ind16	1815.1930302396183	0.07851067161738542	0.9812959263304187	0.5869927606800505	1.1894116775777916	0.5841736269092432	6007.837096800758	3596.1019860068063	0.001432858808070469	13.310973354348771	16.949303500779386	2.324280242615437
	gen5ind15	1819.2211146175114	0.07039158201117965	0.9914123764675085	0.6364738266819274	1.187708885443189	0.6077711560250204	6436.200506403314	2586.2536534215315	0.007717807301321493	12.720388488891288	16.93496062016089	2.3604548462487824
	gen7ind18	1825.6523417234705	0.07928121024651649	0.9685026245464424	0.659991943407517	1.2122296764270424	0.5817313342905608	5955.845382734178	3858.4630680076457	0.0024238501694863555	13.204366601852936	16.66634231262215	2.454547354970252
	gen10ind19	1833.765478182614	0.07928121024651649	0.9907070790464279	0.5929498432070486	1.213255275278132	0.5992759493446245	5903.558245340977	3957.9579986216672	0.004962945779558008	12.948503665622775	16.92151813453544	2.473082999039226
	gen13ind12	1834.538834383681	0.07627397563581509	0.9937355946499931	0.5753405519938322	1.2252022304962336	0.5871360464020379	5890.932373742222	3972.4075075006963	0.0009448141272883656	13.267676767429268	16.532033158852776	2.4025194377439547
	gen9ind14	1835.9044396903876	0.07928121024651649	0.9639587410056585	0.6254345405471535	1.2122296764270424	0.580445918739922	6043.386612468248	3858.4630680076457	0.0005474740680864296	13.176139519144535	16.781751949525837	2.4384989811958007
	gen10ind7	1837.1030040886683	0.07928121024651649	0.9707745663168343	0.6006725147100294	1.2122296764270424	0.583382033389786	5876.753150425335	3841.8715580312914	0.0013832128893728431	13.105705449538723	16.737144587331702	2.1715789608314235
	gen9ind9	1838.930575610344	0.07963361258093309	0.9923977956871693	0.5992361174250491	1.214280874129222	0.5877417117865548	6041.80681543979	3986.730163580259	0.0007943317163451383	13.429648085319815	16.80769895136028	2.579626103786343
	gen5ind3	1845.3145423727003	0.07928121024651649	0.9685026245464424	0.6108104741241368	1.2122296764270424	0.583382033389786	5973.867378161727	3858.4630680076457	0.0005474740680864296	13.105705449538723	16.66634231262215	2.2605523009528827
	gen8ind8	1846.1210190504573	0.078159830769059	0.976649721796157	0.6364738266819274	1.1866832865920993	0.6077711560250204	6436.200506403314	2586.2536534215315	0.007717807301321493	12.720388488891288	16.81830306052232	2.3604548462487824
	gen4ind1	1848.5876310783697	0.04699398101479235	0.9892398671451246	0.5711862131721441	1.2232990553877467	0.5841736269092432	6193.25182131234	260.6846793398588	0.001362878062383804	13.214347692574623	16.74829212242192	2.5486252425756355
	gen10ind16	1855.323391396225	0.07674594429854403	0.9822220863355708	0.5574633555804056	1.2126040246785035	0.5841709546418203	5925.852204315881	3858.4630680076457	0.0009589420921120588	13.351230516470622	16.57700363289339	2.0676229001079878
	gen6ind18	1860.874173909972	0.07963361258093309	0.9917427871950644	0.5869927606800505	1.2085763744169093	0.5873606302653558	6041.80681543979	3953.5471436275507	0.000511849091636255	13.440913675680816	16.823941967291127	2.401679423543425
	gen7ind4	1877.180798034605	0.07928121024651649	0.9685026245464424	0.6067941930825287	1.2122296764270424	0.583382033389786	5876.753150425335	3858.4630680076457	0.0013832128893728431	13.105705449538723	16.66634231262215	2.2605523009528827
	gen6ind6	1885.1036345760106	0.06122725330221823	0.9879896205958045	0.7134117344321399	1.2240618907651906	0.582577452963764	5973.867378161727	2875.648202253813	0.0010905587899650152	13.354647110601647	16.66634231262215	2.618420176423056
	gen9ind5	1885.879508984934	0.07963361258093309	0.9969416792279533	0.5869927606800505	1.214280874129222	0.6008143367096179	6041.80681543979	3436.8878219188737	0.001749545947388011	13.106101611870344	16.949303500779386	2.401679423543425
	gen8ind3	1896.6915747605976	0.07656974313133573	0.9790160017576106	0.5693722123024488	1.2255514223797634	0.5843836091387866	5829.1114724174095	2371.753746528093	0.0013919071277641694	13.321099357690574	16.43552303881477	2.1053398581617957
	gen6ind9	1899.44329126405	0.07656974313133573	0.9790160017576106	0.5693722123024488	1.2131168241040484	0.5841709546418203	5829.1114724174095	3858.4630680076457	0.0013919071277641694	13.321099357690574	16.43552303881477	2.0680429072082527
	gen8ind1	1907.7226738224163	0.07039158201117965	0.9914123764675085	0.6364738266819274	1.187708885443189	0.6077711560250204	6115.663288828265	3222.3583607145883	0.007717807301321493	12.720388488891288	16.93496062016089	2.372605096627423
	gen6ind15	1911.0701557102298	0.07039158201117965	0.9865607380069012	0.6314608797367023	1.187708885443189	0.6077711560250204	6436.200506403314	2586.2536534215315	0.007717807301321493	12.720388488891288	16.93496062016089	2.4685162883606946
	gen5ind8	1943.5638413140491	0.06122725330221823	0.9879896205958045	0.6108104741241368	1.2122296764270424	0.5942422329267166	6104.065084312058	2629.8162802428706	0.0005474740680864296	13.047439555982137	16.558748322611997	2.2605523009528827
	gen10ind0	1954.5764939733342	0.07963361258093309	0.9897729362388596	0.5773000177905241	1.214280874129222	0.5930377212411948	6007.047198286529	3986.730163580259	0.0027195849473720442	13.298101810355051	16.98081340671581	2.401679423543425
	gen7ind2	1965.1861741978496	0.0637447127307578	0.9980279338891452	0.6170798657486942	1.214280874129222	0.5873606302653558	6041.80681543979	3953.5471436275507	0.000511849091636255	13.429648085319815	16.899657431899286	2.401679423543425
	gen8ind10	1966.8429313746942	0.07056778317838794	0.9914123764675085	0.6364738266819274	1.1887344842942786	0.6077711560250204	6470.170225042345	2586.2536534215315	0.007717807301321493	12.882359806781835	16.93496062016089	2.3604548462487824
	gen8ind6	1977.4552491165268	0.0642107287709313	0.9996172771536007	0.5815623412781034	1.233222742361423	0.5910379376492021	5834.828909548685	3858.4630680076457	0.0007950014252976227	13.319467108541366	16.43552303881477	2.046626077258119
	gen9ind13	1981.4411234186869	0.07656974313133573	0.9790160017576106	0.5547481458794321	1.2131168241040484	0.5879989067715283	5829.1114724174095	3858.4630680076457	0.0033171603587910754	13.250665288084765	16.320113401911083	2.0389202046391293
	gen10ind17	1982.848993766182	0.07963361258093309	0.9969416792279533	0.5869927606800505	1.2020204786372952	0.595346157932066	6157.390097500186	3953.5471436275507	0.000511849091636255	13.429648085319815	16.949303500779386	2.3556714914718637
	gen8ind4	1999.2924690882294	0.07656974313133573	0.9790160017576106	0.6167528162875272	1.2131168241040484	0.5841709546418203	5829.1114724174095	3858.4630680076457	0.0013919071277641694	13.321099357690574	16.43552303881477	2.3241394842522123
	gen8ind9	2002.9804846876523	0.05958971348605458	0.9996172771536007	0.5849201639527435	1.148159333862524	0.6044932146131895	6215.906014176695	3858.4630680076457	0.0005474740680864296	12.964837310327102	16.588365733310702	2.061435364853793
	gen8ind14	2007.4032064722828	0.07116880886877319	0.9790160017576106	0.5826582838384122	1.2072467211963156	0.5841709546418203	5931.612160908118	3858.4630680076457	0.0020570998526439678	13.37317405939497	16.476497943714655	2.081466833489242
	gen7ind3	2009.8434546896324	0.04699398101479235	0.9892398671451246	0.5583545368932488	1.2355594508796734	0.5825908346399086	6027.184110266713	282.46599275052836	0.001362878062383804	13.377873226120048	16.74829212242192	2.5486252425756355
	gen3ind9	2010.7500403591105	0.0371482326345614	0.9969416792279533	0.6448019443583048	1.1894116775777916	0.5841736269092432	6041.80681543979	876.4473284764172	0.001775158826175923	13.150767810982726	16.676327562829407	2.5205171017115635
	gen8ind12	2013.0036786481128	0.06507088681477897	0.9685026245464424	0.5810229657739898	1.211378280359741	0.5850327324890112	5973.867378161727	3858.4630680076457	0.0005474740680864296	13.105705449538723	16.79565884128789	2.0665572469355133
	gen4ind19	2033.036664387308	0.07928121024651649	0.9656501734328842	0.6108104741241368	1.2122296764270424	0.5909350214213924	5989.16743760498	3858.4630680076457	0.0005474740680864296	13.105705449538723	16.424608976334305	2.2605523009528827
	gen3ind2	2033.7015397121877	0.0371482326345614	0.9892398671451246	0.5762996165446399	1.2330357567322414	0.5841736269092432	6193.25182131234	260.6846793398588	0.001362878062383804	13.214347692574623	16.63288248551823	2.5486252425756355
	gen9ind18	2062.306794989645	0.07496545315650438	0.9928392288849072	0.6144485033819624	1.214280874129222	0.5957272394532649	6342.4926138671035	3317.4424363344933	0.000511849091636255	13.429648085319815	16.949303500779386	2.558593808038757
	gen9ind11	2067.7814481237174	0.07301174503227406	0.9802664372501955	0.6581396688842802	1.1605600388867368	0.6110211701091756	6259.509145496577	2825.144424590292	0.0002643217344250625	12.674006410791629	16.85934979075543	2.644389119830926
	gen3ind5	2085.4882653228387	0.05958971348605458	0.9996172771536007	0.5983092977036538	1.164899300667019	0.6044932146131895	5895.368796601646	3858.4630680076457	0.0005474740680864296	12.964837310327102	16.43552303881477	2.061435364853793
	gen4ind9	2102.3429859094203	0.07539515054180396	0.9656501734328842	0.6108104741241368	1.1737901131844193	0.5900047221385627	5840.389134161269	3858.4630680076457	0.004164529799795788	13.105705449538723	16.66634231262215	2.1947570273587074
	gen11ind5	2102.423550611286	0.0725305601073822	0.9786480798792644	0.6664086490288723	1.1277871157357175	0.6199657173426376	6625.194555599337	2080.4849884181895	0.0074462649403822	12.595917658359827	16.99688933005404	2.1902438681240404
	gen6ind4	2104.201018930842	0.0371482326345614	0.9969416792279533	0.6212378034055038	1.188255815860416	0.5841736269092432	5884.489437113505	876.4473284764172	0.001775158826175923	13.150767810982726	16.49075007709957	2.3743111321912984
	gen6ind5	2111.75493328856	0.04460557861390911	0.9939124206424637	0.7134117344321399	1.2122296764270424	0.580863743136496	5852.39303561624	3212.058264878403	0.0010905587899650152	13.398373287556685	16.66634231262215	2.618420176423056
	gen7ind15	2112.1821667422328	0.06580941765669894	0.9698298078349159	0.6108104741241368	1.2122296764270424	0.5925122347698674	6104.065084312058	2629.8162802428706	0.0005474740680864296	13.047439555982137	16.68497566963788	2.1315696358657457
	gen4ind16	2117.681130747623	0.05958971348605458	0.9945576117390771	0.5983092977036538	1.2131955468947657	0.6044932146131895	6085.285772306674	3858.4630680076457	0.0005474740680864296	12.964837310327102	16.43552303881477	2.061435364853793
	gen6ind10	2122.8347749323552	0.039095776133770584	0.9969416792279533	0.6960488433822214	1.1894116775777916	0.6044697578265699	6400.156515548217	413.9807726990273	0.001775158826175923	12.917710793519715	16.676327562829407	2.748444954283521
	gen5ind4	2126.18832771918	0.046323178456411554	0.9970977206728415	0.6581396688842802	1.1268640085136878	0.6143855790356688	6586.9036971286705	1604.6468706612536	1.6794377213869612e-05	12.674006410791629	16.736502553692542	2.5765777304726063
	gen7ind10	2129.726088087127	0.039095776133770584	0.9969416792279533	0.6868188976999298	1.1894116775777916	0.6044697578265699	6400.156515548217	413.9807726990273	0.001775158826175923	12.917710793519715	16.713234726158216	2.748444954283521
	gen4ind2	2138.059572367963	0.047126346747422464	0.9833990846254088	0.5762996165446399	1.2330357567322414	0.5943334207612163	6041.80681543979	1084.42211247237	0.00030402081354559114	12.944923339865028	16.5342027621665	2.3935559240634743
	gen7ind13	2145.8857297324444	0.07797580035694177	0.9530439496216608	0.6012876354120646	1.1787497428180522	0.6077711560250204	6614.941813311825	2586.2536534215315	0.0074462649403822	12.595917658359827	16.93496062016089	2.2362518001956015
	gen6ind8	2147.172416955767	0.0603696324637404	0.9757666235699739	0.6534960867764664	1.187708885443189	0.6077711560250204	6385.245928444767	2538.711615611579	0.007717807301321493	12.720388488891288	16.93496062016089	2.2617329346851123
	gen0ind3	2165.135896307428	0.07928121024651649	0.9656501734328842	0.6108104741241368	1.2122296764270424	0.5909350214213924	5973.867378161727	3858.4630680076457	0.0005474740680864296	13.105705449538723	16.66634231262215	2.2605523009528827
	gen9ind4	2165.5759429237105	0.07039158201117965	0.9516699950740274	0.5619344724212308	1.209420179540769	0.5874750251076939	6466.470449929794	3836.681754596976	0.005792554070294587	12.942179915993298	16.918797006673916	2.3678594900466194
	gen4ind13	2179.7434669852883	0.06122725330221823	0.9879896205958045	0.7134117344321399	1.2122296764270424	0.5909350214213924	5973.867378161727	3212.058264878403	0.0010905587899650152	13.354647110601647	16.66634231262215	2.618420176423056
	gen7ind5	2180.5738027902066	0.047126346747422464	0.9915798259982955	0.6292703654887201	1.194612776608141	0.5943347568949278	6111.846554678409	401.0455221569964	0.00010368118360309605	13.181140704560057	16.59252798596453	2.6055571671779147
	gen2ind15	2186.655844017368	0.05958971348605458	0.9656501734328842	0.6210372808691285	1.164899300667019	0.5909350214213924	5973.867378161727	3858.4630680076457	0.0005474740680864296	12.964837310327102	16.43552303881477	2.2042356004160846
	gen5ind1	2186.9792693409754	0.0371482326345614	0.9916955434519115	0.5869927606800505	1.1501022349336731	0.5841736269092432	6041.80681543979	876.4473284764169	0.001775158826175923	13.150767810982726	16.57493456438818	2.5205171017115635
	gen6ind0	2189.9799012078292	0.07039158201117965	0.9516699950740274	0.5535609942084556	1.2369389032164628	0.5874750251076939	6436.200506403314	3836.681754596976	0.007717807301321493	12.942179915993298	16.918797006673916	2.3604548462487824
	gen5ind10	2194.352111322386	0.05958971348605458	0.9656501734328842	0.6210372808691285	1.1763083000916443	0.5909350214213924	5939.897659522696	3858.4630680076457	0.00020517404998097565	12.964837310327102	16.43552303881477	2.2042356004160846
	gen7ind17	2196.589925207384	0.05982320486373638	0.9888492847853505	0.5868561392013198	1.2032558104599915	0.5893388474759131	6193.25182131234	2172.978212207643	0.001362878062383804	13.372756615654527	16.747647915837632	2.461176089111045
	gen8ind18	2197.4146668724256	0.07631471305557229	0.9790160017576106	0.561476097134134	1.1953512584484636	0.5943762175216527	6115.678971353427	3174.816322904636	0.0049948862326067885	13.321099357690574	16.43552303881477	2.014670904465659
	gen8ind15	2200.248686607352	0.039095776133770584	0.9737627098203944	0.6960488433822214	1.1894116775777916	0.6045269552477389	6597.353361029978	355.54807818374	0.005378137931018542	12.673976708856458	16.676327562829407	2.748444954283521
	gen6ind1	2206.046128576709	0.05958971348605458	0.9893588092604613	0.5983092977036538	1.1504302925852903	0.6044932146131895	5895.368796601646	2580.2667143660883	0.0021125740027750075	12.890720039690027	16.165315821818353	2.061435364853793
	gen2ind10	2221.9424480231432	0.034283668122583134	0.9769816375355895	0.7184792385254994	1.105897508159414	0.6143855790356688	6883.169176711637	255.08709704065825	0.00074777635577947	12.537011437433506	16.719772640140583	2.8908055628387204
	gen8ind17	2222.7373195918353	0.07527354950392394	0.9535799532085829	0.6023931650130095	1.2380644951971953	0.5904661336804933	5973.867378161727	3858.4630680076457	0.00013977207093774236	13.02225138124248	16.629275231169032	2.2605523009528827
	gen8ind0	2228.1670080267622	0.06711044108559391	0.9790160017576106	0.5693722123024488	1.208607733474786	0.5857644563198766	5829.1114724174095	2295.1056998485083	0.000966392642390395	13.42874955406317	16.43552303881477	2.0680429072082527
	gen9ind19	2235.626841018783	0.06651158248951629	0.9914123764675085	0.6267115887365022	1.1862430066789154	0.6081656166510376	6470.170225042345	2586.2536534215315	0.007717807301321493	12.995230594635897	16.840038435707143	2.3604548462487824
	gen6ind19	2236.2257259069447	0.07928121024651649	0.9522679431110298	0.606693931814341	1.2122296764270424	0.583382033389786	5974.900192425195	2412.8281590670294	0.0008550661188744826	13.20196267071428	16.58783983904727	2.2605523009528827
	gen9ind8	2246.7860658522277	0.07039158201117965	0.9719826189685057	0.6078490867240869	1.200063498837899	0.6098176518839744	6667.3670705241075	2586.2536534215315	0.007717807301321493	12.720388488891288	16.938812032813225	2.3394225505011965
	gen4ind15	2250.8006303571196	0.034283668122583134	0.9977228439475015	0.7133042721719698	1.102066539930965	0.6143855790356688	6956.719231026735	815.7130298728523	0.0035514340107349503	12.684785299612853	16.679418140586883	2.9931466877553152
	gen5ind0	2251.0424322224544	0.0651223403006366	0.9750917767935369	0.7133042721719698	1.1382730079383132	0.6348344947613698	6820.764484528913	128.96007789198165	1.6794377213869612e-05	12.581325521056115	16.26626357628161	2.716408006096798
	gen3ind18	2257.2823804739032	0.034283668122583134	0.9977228439475015	0.7133042721719698	1.102066539930965	0.6143855790356688	6696.595918703977	1293.4440471630464	0.003298273754657448	12.603856701778117	16.679418140586883	2.9348194992017396
	gen6ind11	2291.663312166389	0.07797580035694177	0.9530439496216608	0.6012876354120646	1.1787497428180522	0.6077711560250204	6614.941813311825	2586.2536534215315	0.007717807301321493	12.720388488891288	16.93496062016089	2.2362518001956015
	gen3ind10	2293.9074527803805	0.024627575685455785	0.9942467148784795	0.6275465155685565	1.2330357567322414	0.5841736269092432	6403.171085710915	1084.42211247237	0.00010368118360309605	13.181140704560057	16.63288248551823	2.6088609383551447
	gen2ind19	2297.0665938393304	0.047126346747422464	0.9782103796211707	0.5762996165446399	1.2330357567322414	0.5841736269092432	6041.80681543979	1084.42211247237	0.00010368118360309605	13.181140704560057	16.63288248551823	2.6088609383551447
	gen8ind5	2302.778512294074	0.0694857855343012	0.9530439496216608	0.6012876354120646	1.1787497428180522	0.6077711560250204	6614.941813311825	2586.2536534215315	0.0074462649403822	12.595917658359827	16.93496062016089	2.2362518001956015
	gen2ind13	2306.1365429850216	0.0371482326345614	0.9892398671451246	0.5762996165446399	1.2330357567322414	0.5841736269092432	6041.80681543979	302.1844379257186	0.001362878062383804	13.437272039717161	16.63288248551823	2.4920453934371336
	gen0ind19	2316.4844722413427	0.0664570363283003	0.9530439496216608	0.6073627742838095	1.1554924453248594	0.6077711560250204	6436.200506403314	3019.8953471507143	0.007717807301321493	12.524404455980573	16.800481639247987	2.1743220253804543
	gen6ind7	2317.414765166296	0.07514428984807585	0.9750917767935369	0.7076460036601682	1.1382730079383132	0.6348344947613698	6893.983493947985	128.96007789198165	1.6794377213869612e-05	12.813730908552472	16.26626357628161	2.716408006096798
	gen2ind8	2333.6827839909524	0.07928121024651649	0.9656501734328842	0.6556025507538855	1.2122296764270424	0.5909350214213924	5973.867378161727	3858.4630680076457	0.0010905587899650152	13.354647110601647	16.66634231262215	2.331237849946578
	gen9ind7	2344.26255225533	0.07583682226073922	0.9516699950740274	0.5701036031716162	1.2369389032164628	0.5874750251076939	6194.781199995008	3836.681754596976	0.00647304646315789	13.158029435366846	16.918797006673916	2.3604548462487824
	gen2ind17	2359.149976123198	0.04405585149465906	0.9907375296910714	0.7133042721719698	1.1268640085136878	0.6348344947613698	6820.764484528913	128.96007789198165	1.6794377213869612e-05	12.603856701778117	16.26626357628161	2.8463904064761385
	gen9ind16	2366.378246368538	0.04699398101479235	0.9763071313224778	0.5612967544730643	1.2232990553877467	0.5880209344083739	6193.25182131234	260.6846793398588	0.001362878062383804	13.407006172898342	16.74829212242192	2.46339218928005
	gen7ind11	2406.9396293534837	0.07756890765499194	0.947193965757953	0.5535609942084556	1.2369389032164628	0.5908557223637685	6480.889476927425	2995.5127772020314	0.007717807301321493	13.04411956580276	16.918797006673916	2.4825093683646613
	gen5ind7	2417.854946614968	0.07306150607587213	0.9656501734328842	0.6210372808691285	1.164899300667019	0.5909350214213924	6080.783521113228	3858.4630680076457	0.0007188652851792021	13.373655146911172	16.43552303881477	2.0680429072082527
	gen7ind19	2440.9613364542324	0.059476099780297664	0.9695010794742985	0.6108104741241368	1.2028522351255326	0.5909350214213924	5989.16743760498	2295.1056998485083	0.00012195958271265508	13.213355645911319	16.424608976334305	2.2605523009528827
	gen7ind0	2444.566837782484	0.038266870021774924	0.9969416792279533	0.6960488433822214	1.1716461119222068	0.6146750207064022	6400.156515548217	309.6659724039823	0.001775158826175923	12.917710793519715	16.676327562829407	2.748444954283521
	gen8ind13	2478.899444802625	0.0681300519767108	0.96860127592524	0.5970451877226273	1.1787497428180522	0.6183267466367222	6614.941813311825	2586.2536534215315	0.007717807301321493	12.649954419285478	16.93496062016089	2.1366933321460566
	gen6ind3	2490.6870923778106	0.039359415751724705	0.9981195363037094	0.6292703654887201	1.2187215383266556	0.5993442669833333	6541.415736549925	1503.7059729008356	0.00010368118360309605	13.181140704560057	16.50789825469795	2.9986615408336825
	gen3ind4	2495.3540295022335	0.04636322880193136	0.9530439496216608	0.5723449562534308	1.1561566302469952	0.5974190044067967	6102.244879070968	2586.2536534215315	0.007717807301321493	12.58551355490016	16.935983360359774	2.3604548462487824
	gen5ind19	2511.1749579334037	0.04493094654594223	0.9530439496216608	0.6091836033370281	1.1561566302469952	0.5974190044067967	6522.9260597068915	2586.2536534215315	0.007204116066123267	12.58551355490016	16.957705899015362	2.545599076812361
	gen0ind17	2559.2557483689707	0.034283668122583134	0.9769816375355895	0.7133042721719698	1.105897508159414	0.6143855790356688	6696.595918703977	536.2430298286725	0.0010876710375788573	12.603856701778117	16.719772640140583	2.9859585687821144
	gen5ind11	2560.2221195361526	0.02625647942920805	0.9625082104956717	0.6745163503055034	1.1268640085136878	0.6143855790356688	6696.595918703977	145.25854556345473	1.6794377213869612e-05	12.603856701778117	16.719772640140583	2.2248320675321427
	gen3ind0	2592.944079153564	0.03571595037857227	0.9912367770008368	0.6448019443583048	1.2330357567322414	0.5992796029724561	6369.201367071883	215.54657936447552	0.00048369583790277724	13.437272039717161	16.676327562829407	2.4920453934371336
	gen4ind17	2606.4084383125282	0.04247187184624095	0.9701434534555367	0.5599288775077972	1.2330357567322414	0.5841736269092432	6193.25182131234	1446.0382163683869	0.001362878062383804	13.214347692574623	16.63288248551823	2.48282996898146
	gen7ind1	2609.1444574313145	0.039095776133770584	0.9807188736091264	0.6960488433822214	1.1634688104256095	0.6077769693318941	6440.983568244293	854.6660150657476	0.001775158826175923	12.85944489996313	16.568733572819255	2.9186079194220236
	gen4ind6	2632.4983528125026	0.047126346747422464	0.9612268277608125	0.5762996165446399	1.2330357567322414	0.5841736269092432	6081.05610621983	1084.42211247237	0.00010368118360309605	13.181140704560057	16.63288248551823	2.6802610561362905
	gen4ind11	2638.35602860154	0.034283668122583134	0.982077091049967	0.7133042721719698	1.102066539930965	0.6143855790356688	6696.595918703977	2784.4519169286605	0.002955973736551994	12.603856701778117	16.679418140586883	2.9348194992017396
	gen1ind14	2664.9767023716186	0.07039158201117965	0.9530439496216608	0.597685904815461	1.1942560692597857	0.6077711560250204	6436.200506403314	2586.2536534215315	0.007717807301321493	12.720388488891288	16.93496062016089	2.3604548462487824
	gen5ind12	2718.715729960473	0.07039158201117965	0.9530439496216608	0.6681655627747305	1.1672110241017706	0.6162544433394564	6733.376026219818	2685.352785175096	0.005336890518936744	12.729560062330266	16.806678010274446	2.3604548462487824
	gen7ind14	2744.350706445811	0.04699398101479235	0.9821658219693308	0.5711862131721441	1.1759176809907825	0.6095040608353065	6543.617657630162	194.82237861592023	0.0006898362197988368	13.214347692574623	16.56498266780361	2.5486252425756355
	gen2ind14	2763.3863668120057	0.070736343130206	0.9920333188169435	0.6904977926674404	1.2072259909420178	0.6551823293414725	6974.125803637979	86.22503403450311	0.00893798124358817	12.83580352972973	16.393637857294614	2.83205308333748
	gen2ind3	2765.8759734831865	0.046318324836675896	0.9890125229696621	0.6245328334241583	1.1917568266172345	0.6402030090325914	6988.965179294158	86.22503403450311	0.006757403139317705	12.83580352972973	16.563467899890345	2.898571771003518
	gen7ind12	2779.6632499546686	0.06989766274043319	0.9479320169279039	0.597685904815461	1.1942560692597857	0.607769819891309	6254.130331955848	3614.8571522445745	0.007732321834011676	12.773764321449264	16.83628089680916	2.3604548462487824
	gen3ind15	2809.7017384127385	0.056478601926070515	0.9656501734328842	0.6210372808691285	1.164899300667019	0.600905129774538	5973.867378161727	3858.4630680076457	0.002512393387254783	13.052886723478512	16.43552303881477	2.2042356004160846
	gen5ind17	2819.7137976060885	0.019638518629025253	0.9912367770008368	0.6540318900405965	1.2330357567322414	0.5958989057163815	6421.626624284165	215.54657936447552	0.00048369583790277724	13.437272039717161	16.676327562829407	2.4920453934371336
	gen5ind9	2825.801536561065	0.043339710366664494	0.9917359846189275	0.6924445639211977	1.1268640085136878	0.6423874827929762	6820.764484528913	128.96007789198165	1.6794377213869612e-05	12.715318875349386	16.26626357628161	2.8463904064761385
	gen5ind6	2839.3256863589545	0.04699398101479235	0.9884910358721511	0.5973161146415209	1.2036150705029764	0.60115680701682	5879.495489704053	326.5469800637974	0.001362878062383804	13.480406812027123	16.93160157704023	2.5486252425756355
	gen6ind13	2843.932003878734	0.06378737826829037	0.987972878310849	0.7189774549216307	1.149677800326398	0.6432525620631837	6820.764484528913	547.1446294010755	0.003516265385285015	12.581325521056115	16.26626357628161	2.862613975617063
	gen6ind14	2848.423219475594	0.0666575879270183	0.9750917767935369	0.7133042721719698	1.1382730079383132	0.6348344947613698	6820.764484528913	265.00280002448903	1.6794377213869612e-05	12.869967522447086	16.42939578112307	2.597643272036301
	gen3ind19	2878.006559042665	0.0664570363283003	0.9503826757972617	0.5849939421215652	1.1895606733574706	0.6189274372828757	6656.743483050006	1241.7560321097508	0.007377912619522106	12.61646368323105	16.899161362599717	2.1743220253804543
	gen5ind2	2986.5966360331267	0.04405585149465906	0.9907375296910714	0.7133042721719698	1.1858014330977293	0.6348344947613698	6979.897975520427	128.96007789198165	0.0012784044724176247	13.06068844725365	16.486274373913865	2.8463904064761385
	gen3ind12	2998.8212483389284	0.029799681657486688	0.9757695042619314	0.7133042721719698	1.1156371839715487	0.6348344947613698	6735.176515978365	128.96007789198165	0.0006100016957581	12.603856701778117	16.18622274737848	2.7529285644410355
	gen4ind14	3057.36714850128	0.044954955269447955	0.9815318495716687	0.6879078059615638	1.1214887344463134	0.6452499742567593	6839.70438534246	128.96007789198165	0.0009186478842178481	12.643980778284128	16.18622274737848	2.8485948516009496
	gen3ind13	3057.3896746257906	0.07617009868653243	0.921711106978375	0.6108104741241368	1.1998187239505382	0.5909350214213924	5973.867378161727	3858.4630680076457	0.0016862854414211048	13.105705449538723	16.400890194961775	2.2605523009528827
	gen2ind2	3100.527030397244	0.0664570363283003	0.9503826757972617	0.6073627742838095	1.1554924453248594	0.6223081345389503	6622.773764410975	3019.8953471507143	0.007377912619522106	12.61646368323105	16.800481639247987	2.1743220253804543
	gen0ind10	3109.1014799965883	0.05411466844189688	0.9948494101258252	0.6798046485320298	1.2072259909420178	0.6551823293414725	6828.67735088026	86.22503403450311	0.008090694518839045	12.83580352972973	16.393637857294614	2.884053896688349
	gen5ind14	3155.4944849012245	0.034283668122583134	0.9773722198953636	0.7184792385254994	1.105897508159414	0.6294915550988816	6883.169176711637	772.9799221339468	0.00074777635577947	12.537011437433506	16.60500720982118	2.8908055628387204
	gen6ind2	3172.662850587587	0.02625647942920805	0.9625082104956717	0.6745163503055034	1.1268640085136878	0.6143855790356688	6696.595918703977	1693.6306487704387	1.6794377213869612e-05	12.603856701778117	16.719772640140583	2.2248320675321427
	gen0ind6	3184.7559263368603	0.0371482326345614	0.9586761322394244	0.5762996165446399	1.2330357567322414	0.5841736269092432	6041.80681543979	1084.42211247237	0.001775158826175923	13.421141334635156	16.63288248551823	2.4644564729505207
	gen7ind9	3287.812020427637	0.06361302017873831	0.9750917767935369	0.7076460036601682	1.1512855370727162	0.636427996439426	6972.642183111127	1667.5099854675484	0.0006148604900559644	12.813730908552472	16.26626357628161	2.716408006096798
	gen5ind13	3457.1589413766233	0.034562261724936115	0.9899164329644579	0.7152816023175743	1.2183894458655877	0.6179873481497427	6369.201367071883	215.54657936447552	0.00048369583790277724	13.437272039717161	16.341467670790323	2.7350131735508114
	gen4ind0	3562.1008799708566	0.06656432932320103	0.9100956798003783	0.5931491468558271	1.1372447180854532	0.6077711560250204	6436.200506403314	2586.2536534215315	0.009814766879428193	12.64169239909913	16.714949822528634	2.139980563772439
	gen1ind2	3617.994935915609	0.046318324836675896	0.9773126009582258	0.6798046485320298	1.1772466679281384	0.6551823293414725	6988.965179294158	86.22503403450311	0.008090694518839045	12.83580352972973	16.727029949177556	2.988210248798548
	gen3ind8	3791.872198605054	0.0371482326345614	0.9586761322394244	0.5762996165446399	1.2005218523453753	0.5972309962893982	6041.80681543979	1084.42211247237	0.001775158826175923	13.421141334635156	16.86249077760941	2.112712000833487
	gen0ind2	3922.1682646387235	0.07232292863195279	0.991460871542623	0.6746078095745884	1.190039423124994	0.6599943740433573	6549.281725761372	1842.2810325831877	0.006036820212077346	12.773380922676191	16.52154175398263	2.2460883318884584
	gen1ind5	3999.452733026617	0.0371482326345614	0.9586761322394244	0.5659616413542441	1.237455323727335	0.6005123574369018	6090.120123517993	2433.779147443361	0.001775158826175923	13.338858035289746	16.63288248551823	2.4644564729505207
	gen1ind9	4116.745880985378	0.05835279992513435	0.9352762882165517	0.6868432467603829	1.204015439354049	0.6141322675270053	6083.54384740294	3382.388397480112	0.0044417415852186035	13.022287778106419	16.960006584092653	2.2380205125546526
	gen2ind11	4167.930448395624	0.034283668122583134	0.9932183702672901	0.7084412983596142	1.1438349593365849	0.6510299034017619	6696.595918703977	701.0058968364785	0.002399992247446826	12.736798819481141	16.76721020288564	2.9919047089785114
	gen4ind12	4359.32991085591	0.012294476068937597	0.9053402373582717	0.635728428439037	1.1151609075641584	0.6140035357705906	6267.701806987069	161.5570132349278	0.0008643267638337431	12.523608548766093	16.108023357678448	2.0494372385601087
	gen4ind8	4363.512534938139	0.011959893913688582	0.9053402373582717	0.6434942178738294	1.1223180167669513	0.6215565238021971	6115.768024413361	68.80754183866736	0.003074093537165766	12.651674216344645	16.278205755997334	2.0494372385601087
	gen3ind7	4420.593831501408	0.013745304270736516	0.9053402373582717	0.635728428439037	1.1151609075641584	0.6140035357705906	5970.5262871705645	161.5570132349278	0.003074093537165766	12.523608548766093	16.236305967564896	2.0494372385601087
	gen4ind3	4732.758306133482	0.014039470747638432	0.9932183702672901	0.7125374398285977	1.1438349593365849	0.6510299034017619	6463.7588090876025	701.0058968364785	0.002399992247446826	12.638408849418543	16.41788287658764	2.9919047089785114
	gen5ind5	4840.480479334289	0.018631395956774478	0.909670456678824	0.635728428439037	1.1275596418555198	0.6140035357705906	6032.610570083032	1206.1889062834116	0.003074093537165766	12.523608548766093	16.02972868541226	2.0494372385601087
	gen2ind5	4869.893523231096	0.06767787513014129	0.9353888764855824	0.5865034759553422	1.2194019742584348	0.617002011888738	6647.598758799491	2044.28634210441	0.009552320023692303	13.457424836590073	16.006346756344787	2.714693768937967
	gen2ind0	5101.929399463613	0.0371482326345614	0.9211917499704437	0.5762996165446399	1.2141121668225874	0.6114314327520372	6190.757602967133	544.9096458838872	0.001775158826175923	13.144603749082975	16.63288248551823	2.4644564729505207
	gen0ind15	5138.961553397082	0.06377970332753079	0.9266204719017828	0.5865034759553422	1.2194019742584348	0.617002011888738	6727.742673006441	2044.28634210441	0.009552320023692303	13.457424836590073	16.160349289596684	2.714693768937967
	gen3ind14	5199.909229590106	0.024605210089337134	0.9211917499704437	0.5762996165446399	1.2053575064827446	0.6114314327520372	6190.757602967133	544.9096458838872	0.001775158826175923	13.144603749082975	16.748934715616375	2.1039548254529796
	gen0ind9	5214.219785942689	0.05963899514552167	0.874891830457051	0.6613134690035888	1.1369899010612992	0.598027084261826	5986.2423279225895	1665.3514873715878	0.0028626253129023977	13.151818337009644	16.558867548352026	2.5552126949585285
	gen4ind10	5281.240350441419	0.02806144500261501	0.9053402373582717	0.6060140224918384	1.177950478967618	0.6194108413112862	5948.008174436456	534.6893259503832	0.0038220072567251955	12.713110263736326	16.434594226541563	2.0510968284844466
	gen1ind11	5455.062846617297	0.07176632896507351	0.9352762882165517	0.6969469275433069	1.204015439354049	0.6424914148394304	5847.646091147158	3592.791515362791	0.0044417415852186035	13.022287778106419	16.769723943951526	2.3156931233678444
	gen3ind17	5518.756245470942	0.07408918211644529	0.8906814088949229	0.6271582866687607	1.1934001426844	0.633725354299842	5910.404682945288	3355.810370111488	0.009180595891859563	12.552630278434362	16.039151452295542	2.642704990686863
	gen4ind7	5559.686615575997	0.02806144500261501	0.927878030699296	0.6641911330566816	1.1190130543835766	0.6277031069931831	5900.604417059505	464.37561360498785	0.000870551935256978	13.010923838566274	16.236305967564896	2.0510968284844466
	gen4ind4	5693.110745538461	0.02806144500261501	0.8966158043555924	0.6381599153452148	1.1049141667010585	0.6262280914217638	5931.658208939038	464.37561360498785	0.004677614994116177	12.646639204884814	16.054187760188682	2.0510968284844466
	gen0ind11	5790.51347190175	0.05835279992513435	0.9352762882165517	0.6868432467603829	1.204015439354049	0.6424914148394304	5847.646091147158	3592.791515362791	0.0044417415852186035	13.022287778106419	16.960006584092653	2.3156931233678444
	gen1ind17	5800.335995649395	0.055941871210824	0.9352762882165517	0.6868432467603829	1.2341824473109884	0.6424914148394304	5847.646091147158	3592.791515362791	0.0044417415852186035	13.022287778106419	16.99255585316229	2.3156931233678444
	gen4ind5	5950.176560628575	0.01851953388086335	0.9932183702672901	0.7084412983596142	1.1208918361948637	0.6727252905620457	6665.8461847740355	1036.0378303648504	0.0044650627104616996	12.736798819481141	16.76721020288564	2.9153353230126924
	gen1ind7	5969.362920970366	0.07408918211644529	0.8906814088949229	0.6732917823201814	1.1743824966077345	0.6454506331069801	6271.768953216413	2779.43813483068	0.008915256046423283	12.552630278434362	16.039151452295542	2.828876055715124
	gen2ind9	5996.5698532193	0.015337442938416202	0.9263583937291088	0.6271572889333985	1.1190130543835766	0.6343257957419599	5912.367910301844	464.37561360498785	0.004677614994116177	12.713110263736326	16.236305967564896	2.3873553911997982
	gen2ind18	6067.281988987434	0.02984046025078961	0.9053402373582717	0.5710736857515288	1.1190130543835766	0.6343257957419599	5912.367910301844	464.37561360498785	0.0031881494392746643	12.713110263736326	16.05503393677247	2.0510968284844466
	gen3ind11	6081.171231045243	0.0371482326345614	0.9074076515532408	0.5725157955730988	1.2141121668225874	0.6114314327520372	6190.757602967133	2123.6382314694706	0.001775158826175923	13.329057064111765	16.582448540386487	2.4644564729505207
	gen2ind4	6086.419674009917	0.07789716666928619	0.9213056597036914	0.6217555828755892	1.1952119324091572	0.6550300989784072	6580.279164966536	1300.825331571813	0.0032238372911146907	12.982860131718581	16.052988456374703	2.7776458645617166
	gen1ind1	6161.540281639373	0.02806144500261501	0.9053402373582717	0.635728428439037	1.1190130543835766	0.6343257957419599	5912.367910301844	464.37561360498785	0.004677614994116177	12.713110263736326	16.236305967564896	2.0510968284844466
	gen0ind16	6281.9457265922365	0.02806144500261501	0.9053402373582717	0.635728428439037	1.1112837300679932	0.6294566048207011	6202.339731478856	1529.0319193893718	0.006773502725693308	12.874006818354578	16.236305967564896	2.010114379096108
	gen3ind16	6327.448084538949	0.07569074637160572	0.9213056597036914	0.6217555828755892	1.1952119324091572	0.6550300989784072	6255.825971841912	1720.1091920002787	8.016037633614553e-05	12.982860131718581	16.014081206938215	2.7776458645617166
	gen1ind18	6375.882505086779	0.07789716666928619	0.9213056597036914	0.557100840188081	1.1745270140317348	0.6550300989784072	6331.880979052812	1767.3339526965945	0.0017343717362731785	12.982860131718581	16.052988456374703	2.7776458645617166
	gen3ind1	6518.448573082611	0.02806144500261501	0.9053402373582717	0.7119872270246647	1.1190130543835766	0.6412624065413435	5912.367910301844	664.9704115963636	0.00416392375891795	12.713110263736326	16.279751044876072	2.0510968284844466
	gen1ind8	6583.196606106886	0.014327439896861006	0.9586543491840089	0.6287817563742021	1.1040794831049323	0.6470630400909858	6772.824224962509	3234.957099770655	0.0033597496623595235	13.083857961928313	16.80038182605402	2.2877687996633584
	gen1ind19	7238.183942432975	0.04531412414722704	0.9352762882165517	0.699118535707452	1.204015439354049	0.6532578598015744	5847.646091147158	3592.791515362791	0.0044417415852186035	13.29829202650505	16.960006584092653	2.4485430848994616
	gen0ind8	7344.0479467142195	0.012926200201892443	0.8671390693185117	0.5980491305954478	1.1466559769560165	0.6248089693427948	6580.928364253714	3003.1485958070643	0.003667870102410019	12.656980788504194	16.917570482801466	2.3564430333253092
	gen0ind5	7360.638709291356	0.018969806404210525	0.9486389768356198	0.7072968602503663	1.124235113438532	0.67156537186729	6220.792607162479	2514.8157716087785	0.00209364993012978	12.740551499683175	16.78831505104966	2.1253871114810563
	gen1ind15	7670.230350407829	0.035338121910933135	0.8985712581238499	0.6991583874687266	1.1296987430721652	0.6395706611256036	6044.362227955173	1600.4978349360192	0.000991733980523696	13.30264050039054	16.216338651063907	2.1280225122188883
	gen1ind3	7912.027037641596	0.05963899514552167	0.8783390057483006	0.6388704158615319	1.1369899010612992	0.6459572205804491	6224.054385424351	1337.5866658321504	0.0028626253129023977	13.151818337009644	16.558867548352026	2.5552126949585285
	gen1ind12	7985.663057650102	0.018969806404210525	0.9299537405677534	0.7072968602503663	1.1093546878340024	0.67156537186729	6220.792607162479	2090.1312616241294	0.003761952221619829	12.740551499683175	16.4983680364779	2.1253871114810563
	gen0ind14	8091.884992458927	0.014327439896861006	0.9140612866404024	0.6287817563742021	1.114736642149601	0.6470630400909858	6793.222534860384	3234.957099770655	0.0033597496623595235	13.083857961928313	16.419716732577797	2.6150458148306934
	gen0ind18	8251.430100027763	0.07408918211644529	0.8638578245344477	0.6489891179400501	1.1768067634141968	0.6692606683223745	6476.997126199065	2779.43813483068	0.008915256046423283	12.552630278434362	16.039151452295542	2.828876055715124
	gen1ind10	8373.774818353115	0.014327439896861006	0.9043396826941794	0.6465679876720782	1.125160230917547	0.6470630400909858	6793.222534860384	3234.957099770655	0.0005419152774093915	13.083857961928313	16.419716732577797	2.6150458148306934
	gen2ind7	8405.84270055124	0.018969806404210525	0.9299537405677534	0.6679830661248883	1.1093546878340024	0.67156537186729	6220.792607162479	2090.1312616241294	0.00229033059269833	12.875426433674303	16.4067092808828	2.488661629519691
	gen0ind7	8747.291332907795	0.025463933885863065	0.9827100654596528	0.655756637015238	1.156333282270461	0.6919040752001838	5880.706750246971	3694.7998217472405	0.005849604477574297	13.27781299511544	16.876941406793097	2.4448814947678685
	gen2ind12	8970.664461641687	0.038872563401141605	0.88680362624742	0.7072968602503663	1.1093546878340024	0.67156537186729	6008.379124418697	3211.728814125133	0.003761952221619829	12.740551499683175	16.15805744255538	2.1253871114810563
	gen3ind3	9197.68793744564	0.06363235858977187	0.8720264305785905	0.6217555828755892	1.1658853023469038	0.6856686020772758	6695.260233854848	1300.825331571813	0.00700002628313443	12.540539251077181	16.052988456374703	2.7776458645617166
	gen2ind1	9285.272112297303	0.0498763553330251	0.9444108763487941	0.5504951631570136	1.121749685907952	0.7029415437050278	6331.880979052812	1208.3175660693082	0.005111763409156021	12.967130671543686	16.144350140502823	2.843020742834637
	gen1ind13	9907.381740475823	0.0498763553330251	0.9444108763487941	0.5504951631570136	1.1658561541871728	0.7133698105047841	6331.880979052812	1019.242276284066	0.005111763409156021	12.967130671543686	16.144350140502823	2.843020742834637
	gen0ind13	9965.124271279137	0.046245577076138175	0.8985712581238499	0.6991583874687266	1.1296987430721652	0.6815272639676451	6109.132851742151	953.5084214928692	0.00016086432225505227	13.325389419473455	16.12467989546881	2.511788254951693
	gen0ind4	9997.976181117489	0.023239587573994323	0.9378137028216728	0.626002480814326	1.1948879567379185	0.707614444474146	6959.738071726677	793.9013476206	0.007302257413852114	12.978994499142374	16.331181093055008	2.06298910887724
	gen0ind1	10051.362911606484	0.0498763553330251	0.9213056597036914	0.5504951631570136	1.1658561541871728	0.7133698105047841	6331.880979052812	235.05309250307172	0.005111763409156021	12.919504656520408	16.052988456374703	2.7776458645617166
	gen2ind16	10878.557947816498	0.017915658437648148	0.9089587340609249	0.6235647676346909	1.1601903564494997	0.6985553508689922	6277.083319815083	102.9654725894934	0.0005926848431275795	13.478747122145059	16.30287058389242	2.7444198051768787
	gen1ind4	11181.030839248979	0.046245577076138175	0.9058108751273666	0.6991583874687266	1.1717697005549552	0.7043316614714893	6109.132851742151	1606.5274228701269	0.00016086432225505227	13.325389419473455	16.12467989546881	2.511788254951693
	gen1ind0	11408.427392430474	0.02582795652439674	0.9089587340609249	0.5735977246514126	1.1601903564494997	0.6985553508689922	6384.787269435501	401.9165701737991	0.0005926848431275795	13.370673600293758	16.453927385277463	2.7688872621265777
	gen2ind6	11599.44203164354	0.04191464062725532	0.8969898901039606	0.5793730242926677	1.1849878250322226	0.6985553508689922	6384.787269435501	1643.74272883482	0.0005926848431275795	13.370673600293758	16.453927385277463	2.363068990425748
	gen1ind6	11712.994108693769	0.0397497590445503	0.8916020172662238	0.5998387945661936	1.1837443666205154	0.6985553508689922	6760.495129145798	2390.148920491847	0.004969880705211695	13.370673600293758	16.453927385277463	2.9972741665516205
	gen0ind0	11837.916043078547	0.0397497590445503	0.8916020172662238	0.5735977246514126	1.1837443666205154	0.6985553508689922	6384.787269435501	1314.8814268427045	0.004969880705211695	13.370673600293758	16.453927385277463	2.9274311625082934
	gen0ind12	11967.410102440466	0.04382449540778134	0.8865822772109576	0.5624766679996956	1.226449723090312	0.7036314286622665	6911.824621406836	2364.3657040718394	0.009303538872310283	13.241297765756912	16.272167080274915	2.69568096578504
