#	Simulation	Obj	b0__FREE	b1__FREE	b2__FREE	gamma__FREE	mult__FREE	r__FREE	t0__FREE	t1__FREE	t2__FREE
	gen30ind14	426.2341171591887	0.0993845048340953	0.8249980651342261	1.378811832327727	0.6477236718648092	2638.5429974639746	2083.0233243743855	0.02469546098713403	6.506056319829533	15.807401178744943
	gen29ind9	426.27465522281085	0.09921282876614276	0.8249980651342261	1.3816521251201297	0.6477236718648092	2638.5429974639746	2071.4637111513152	0.02469546098713403	6.506056319829533	15.817009528612996
	gen30ind15	426.3986525747354	0.09904628369031185	0.8249980651342261	1.378811832327727	0.6475890902519734	2637.797343170685	2071.4637111513152	0.02469546098713403	6.506056319829533	15.814170435619339
	gen28ind8	426.4809350346244	0.09915235223280099	0.8249980651342261	1.378811832327727	0.6477236718648092	2638.5429974639746	2071.4637111513152	0.02469546098713403	6.506056319829533	15.807401178744943
	gen30ind0	426.5463410746857	0.0987957606937052	0.8249980651342261	1.3843455350822695	0.6477441795391461	2635.063277428624	2248.083601428242	0.03546695924862022	6.510369847520996	15.809093515762143
	gen30ind6	426.5877260729999	0.09918149930768005	0.8249980651342261	1.3849852405325118	0.6484106789550947	2638.5429974639746	2188.5508268755075	0.026600929824068132	6.505600355502919	15.800001970100334
	gen30ind3	426.6358307150308	0.09915235223280099	0.8249980651342261	1.378811832327727	0.6478582534776449	2638.5429974639746	2071.4637111513152	0.02374272656866698	6.508054809820078	15.80110211675605
	gen29ind18	426.7187874429214	0.09896902092974447	0.8249980651342261	1.380330580804225	0.6483132675019946	2638.5429974639746	2090.68833572538	0.005286644749008314	6.515139339539074	15.798743571431736
	gen28ind13	426.781988119165	0.09977470630700838	0.8249980651342261	1.3867721158911692	0.6480671754099521	2638.5429974639746	2006.5238758604178	0.028506398661002234	6.501603375521828	15.798421047918646
	gen29ind16	426.7947468977942	0.09915235223280099	0.8249980651342261	1.3852935326737477	0.6479216990951248	2638.5429974639746	2122.755624359772	0.030411867497936337	6.500553388323904	15.80274985157525
	gen30ind18	426.82132278578246	0.09915235223280099	0.8249980651342261	1.387185827874672	0.6484478491148304	2637.051688877396	2160.201339902198	0.02469546098713403	6.510369847520996	15.799361437689651
	gen28ind15	426.82202577366553	0.09896902092974447	0.8249980651342261	1.3824941960008428	0.6483132675019946	2638.5429974639746	2090.68833572538	0.005286644749008314	6.512754593530035	15.798743571431736
	gen27ind1	426.82847578776443	0.09915235223280099	0.8249980651342261	1.3843455350822695	0.6483132675019946	2637.051688877396	2108.9094266937414	0.02469546098713403	6.510369847520996	15.799361437689651
	gen25ind8	426.85874864789895	0.09915235223280099	0.8249980651342261	1.3832361281798184	0.6483132675019946	2638.5429974639746	2086.3062839655167	0.02469546098713403	6.510369847520996	15.798743571431736
	gen29ind4	426.86301209991933	0.0988206215901445	0.8249980651342261	1.381718748492118	0.6480723023285362	2637.5487917395885	2071.4637111513152	0.02036767730531255	6.511304821526438	15.807401178744943
	gen27ind10	426.87821288452585	0.09915235223280099	0.8249980651342261	1.3781952480452555	0.6483132675019946	2638.5429974639746	2024.221724653331	0.02469546098713403	6.510369847520996	15.798743571431736
	gen27ind0	426.88035933978244	0.09936448931777926	0.8249980651342261	1.3849852405325118	0.6485824307276662	2638.5429974639746	2174.0475375682286	0.028506398661002234	6.505600355502919	15.785822923940861
	gen30ind17	426.8944544600845	0.09915235223280099	0.8249980651342261	1.3844189764974009	0.6477871174822889	2638.5429974639746	2071.4637111513152	0.028506398661002234	6.500553388323904	15.80274985157525
	gen28ind5	426.89482977799264	0.09915235223280099	0.8249980651342261	1.3849852405325118	0.6483132675019946	2638.5429974639746	2122.755624359772	0.030411867497936337	6.501603375521828	15.798421047918646
	gen28ind0	426.90476524992914	0.09968304065548013	0.8249980651342261	1.3867721158911692	0.6480671754099521	2638.5429974639746	1994.0348122220769	0.028506398661002234	6.501603375521828	15.798421047918646
	gen24ind6	426.9049249368167	0.09915235223280099	0.8249980651342261	1.3832361281798184	0.6483132675019946	2638.5429974639746	2071.4637111513152	0.02469546098713403	6.510369847520996	15.798743571431736
	gen30ind11	426.9128297666368	0.09918259049947187	0.8249980651342261	1.3811839066163334	0.6480184696834019	2638.5429974639746	2024.221724653331	0.02469546098713403	6.510369847520996	15.798743571431736
	gen30ind1	426.91852191506086	0.09936448931777926	0.8249980651342261	1.385459239328251	0.6483866465242313	2638.5429974639746	2174.0475375682286	0.03136460191640339	6.505600355502919	15.785822923940861
	gen30ind13	426.9270727431562	0.09915235223280099	0.8249980651342261	1.3863112716983255	0.6483132675019946	2637.051688877396	2108.9094266937414	0.02469546098713403	6.510369847520996	15.799361437689651
	gen30ind16	426.9271675218539	0.09915235223280099	0.8249980651342261	1.3857245321412226	0.6483132675019946	2638.5429974639746	2122.755624359772	0.029459133079469284	6.50212836912079	15.798421047918646
	gen30ind19	426.9421067657381	0.0987957606937052	0.8249980651342261	1.3843455350822695	0.6480389773577389	2634.3176231353345	2043.9481160302473	0.03546695924862022	6.512526611366728	15.820617168980643
	gen28ind12	426.94262448813805	0.0987957606937052	0.8249980651342261	1.3843455350822695	0.6477441795391461	2635.063277428624	2025.2252582590343	0.03546695924862022	6.510369847520996	15.820617168980643
	gen28ind16	426.95698753454633	0.09915235223280099	0.8249980651342261	1.3849852405325118	0.6483132675019946	2638.5429974639746	2068.5869598000063	0.015950085302448312	6.5049038707455304	15.798421047918646
	gen29ind12	426.9626354057118	0.09921282876614276	0.8249980651342261	1.3849852405325118	0.6485388519197003	2641.525614637132	2071.4637111513152	0.026084083816114857	6.501603375521828	15.798421047918646
	gen29ind1	426.9772499049004	0.09921282876614276	0.8249980651342261	1.3849852405325118	0.6483132675019946	2641.525614637132	2071.4637111513152	0.028506398661002234	6.501603375521828	15.798421047918646
	gen28ind17	426.9772499049004	0.09921282876614276	0.8249980651342261	1.3849852405325118	0.6483132675019946	2641.525614637132	2071.4637111513152	0.028506398661002234	6.501603375521828	15.798421047918646
	gen30ind12	426.97900777255825	0.0991211631146145	0.8249980651342261	1.383532466844715	0.6483132675019946	2641.525614637132	2071.4637111513152	0.028506398661002234	6.503988121530867	15.798421047918646
	gen27ind6	426.98718764493026	0.09932902428281354	0.8249980651342261	1.3871676014119303	0.648577303809082	2638.5429974639746	2086.3062839655167	0.02469546098713403	6.510369847520996	15.795915059078547
	gen27ind2	426.9911075189381	0.09968304065548013	0.8249980651342261	1.3867721158911692	0.6480671754099521	2638.5429974639746	1966.872817522996	0.028506398661002234	6.501603375521828	15.798421047918646
	gen30ind9	427.0021191053932	0.09899922406731604	0.8249980651342261	1.3837439020018532	0.6483837626325275	2638.5429974639746	2024.221724653331	0.02929380438943968	6.505986611521412	15.808935514874715
	gen29ind7	427.01122143125406	0.09928492358150673	0.8249980651342261	1.3925859482199514	0.648764436337406	2636.554586015203	2412.5895038614117	0.026128987976636237	6.512100378915639	15.775373741481648
	gen28ind10	427.0155177533811	0.09924401788432924	0.8249980651342261	1.3768687160129294	0.6483132675019946	2638.5429974639746	2014.6094123662986	0.033447134687729835	6.5082130836752645	15.793858765619436
	gen30ind8	427.02268013627366	0.09928492358150673	0.8249980651342261	1.3925859482199514	0.6490489803188302	2636.554586015203	2412.5895038614117	0.026128987976636237	6.509297682219785	15.775373741481648
	gen30ind7	427.0288556729098	0.09957880878634118	0.8249980651342261	1.3885005544286062	0.6476756070030822	2645.0053346724826	2042.4571325367576	0.028506398661002234	6.500553388323904	15.79778441488468
	gen25ind12	427.03260070879674	0.09915235223280099	0.8249980651342261	1.3849852405325118	0.6483132675019946	2638.5429974639746	2071.4637111513152	0.028506398661002234	6.501603375521828	15.798421047918646
	gen26ind17	427.03270743317034	0.09896902092974447	0.8249980651342261	1.385889192244471	0.6483132675019946	2638.5429974639746	2090.68833572538	0.007192113585942416	6.510369847520996	15.798743571431736
	gen30ind10	427.03652448008603	0.09881413108901752	0.8249980651342261	1.3849852405325118	0.6483132675019946	2638.5429974639746	2122.755624359772	0.030411867497936337	6.501603375521828	15.804881371664084
	gen29ind6	427.07040722675924	0.09901957937016716	0.8249980651342261	1.3925859482199514	0.6488990179502419	2636.554586015203	2463.8814170698683	0.019850831297359275	6.512100378915639	15.775373741481648
	gen30ind5	427.07203704445647	0.09868804703021233	0.8249980651342261	1.383628847909172	0.6488528756829837	2638.0458946017816	2194.784621008379	0.02757611632279587	6.510767626215596	15.798743571431736
	gen28ind6	427.0950712693325	0.09992135953497672	0.8249980651342261	1.3917402974712303	0.6486388268320926	2638.5429974639746	1966.872817522996	0.028506398661002234	6.501603375521828	15.798421047918646
	gen30ind2	427.12098960135245	0.09915235223280099	0.8249980651342261	1.3724339578049636	0.6483132675019946	2638.5429974639746	2047.3409510994716	0.019309711856390934	6.51312131327381	15.778037161032685
	gen28ind3	427.13217310281675	0.09957880878634118	0.8249980651342261	1.3867721158911692	0.6480671754099521	2645.0053346724826	2042.4571325367576	0.028506398661002234	6.501603375521828	15.78865143629405
	gen29ind0	427.1431570829806	0.09842270281887276	0.8249980651342261	1.3761212505544749	0.6486196008874017	2638.5429974639746	2133.541112005968	0.02469546098713403	6.512596319674849	15.803233636844883
	gen28ind4	427.1636282606763	0.09968304065548013	0.8249980651342261	1.3829598273092882	0.6474980874471036	2636.0574831530103	1852.8249364460412	0.028506398661002234	6.501603375521828	15.798421047918646
	gen28ind1	427.16791201209725	0.09915235223280099	0.8249980651342261	1.3816929718841298	0.6483132675019946	2638.5429974639746	2061.8513988642826	0.028506398661002234	6.501199321174026	15.78865143629405
	gen27ind16	427.17041388815846	0.09915235223280099	0.8249980651342261	1.3832361281798184	0.6483132675019946	2638.5429974639746	2071.4637111513152	0.02469546098713403	6.506056319829533	15.788973959807139
	gen29ind3	427.17708114871306	0.09952078779287288	0.8249980651342261	1.390328789563768	0.6483132675019946	2638.5429974639746	2164.590550119593	0.02469546098713403	6.501742792138069	15.784089153994842
	gen29ind13	427.1785916641065	0.09958126432621467	0.8249980651342261	1.3928492296310493	0.6483132675019946	2640.7799603438425	2164.590550119593	0.02469546098713403	6.501742792138069	15.789282892936097
	gen29ind19	427.18337433599953	0.09915235223280099	0.8249980651342261	1.375674807977974	0.6483132675019946	2638.5429974639746	2047.3409510994716	0.019309711856390934	6.510369847520996	15.778037161032685
	gen29ind15	427.18796909312323	0.09870697135473656	0.8249980651342261	1.380696806609555	0.648533084136293	2638.5429974639746	2059.469255858293	0.015950085302448312	6.5049038707455304	15.798421047918646
	gen28ind19	427.2034836918082	0.09887603767525999	0.8249980651342261	1.3806580101392762	0.6483132675019946	2638.5429974639746	2024.221724653331	0.02469546098713403	6.510369847520996	15.798743571431736
	gen28ind18	427.2338450908034	0.09901957937016716	0.8249980651342261	1.3925859482199514	0.648764436337406	2636.554586015203	2412.5895038614117	0.019850831297359275	6.512100378915639	15.775373741481648
	gen26ind2	427.2399580737528	0.09908142216286953	0.8249980651342261	1.3832361281798184	0.6477441795391461	2638.5429974639746	1972.258402888562	0.02469546098713403	6.519117475320154	15.798743571431736
	gen29ind17	427.27875584635314	0.09868804703021233	0.8249980651342261	1.3781952480452555	0.6485068086785488	2638.5429974639746	2022.7833489776765	0.02032277314479117	6.507636859133264	15.798743571431736
	gen26ind13	427.29569228622125	0.09844431948746779	0.8249980651342261	1.3875253239267273	0.648764436337406	2638.5429974639746	2310.684244458344	0.003476980322680838	6.512100378915639	15.785599957607616
	gen29ind10	427.32389512548497	0.09923280764693726	0.8249980651342261	1.3925859482199514	0.6486413902913848	2640.531408912746	2379.3633567829197	0.019850831297359275	6.512100378915639	15.770018740783847
	gen28ind14	427.3307211752792	0.09868804703021233	0.8249980651342261	1.3781952480452555	0.6485068086785488	2638.5429974639746	2024.221724653331	0.02469546098713403	6.510369847520996	15.798743571431736
	gen26ind9	427.33215526552647	0.09952078779287288	0.8249980651342261	1.390328789563768	0.6483132675019946	2638.5429974639746	2164.590550119593	0.02469546098713403	6.501742792138069	15.779204348182542
	gen27ind14	427.3438666894189	0.09896902092974447	0.8249980651342261	1.385889192244471	0.6483132675019946	2638.5429974639746	2007.0041672906732	0.016588073216624716	6.510369847520996	15.798743571431736
	gen30ind4	427.372993182638	0.0987797126817406	0.8249980651342261	1.3791209175859689	0.6485068086785488	2637.797343170685	2033.3322701375116	0.034399869106196884	6.509177474516477	15.799052504560693
	gen29ind2	427.37412808815185	0.09922111906697421	0.8249980651342261	1.3832361281798184	0.6480492311949072	2638.5429974639746	1989.7232644238802	0.02469546098713403	6.501742792138069	15.788973959807139
	gen27ind11	427.40398475868096	0.09903139916611742	0.8249980651342261	1.3793046549477066	0.6483132675019946	2632.5777631176597	2071.4637111513152	0.02469546098713403	6.5047644541292895	15.779204348182542
	gen29ind5	427.40942477080193	0.09903139916611742	0.8249980651342261	1.3793046549477066	0.6481812493484509	2632.5777631176597	2071.4637111513152	0.02469546098713403	6.500450926437826	15.779204348182542
	gen29ind11	427.4184821977209	0.09925012956370836	0.8249980651342261	1.3832361281798184	0.647926185148886	2641.7741660682286	1969.8977352551692	0.026600929824068132	6.501742792138069	15.788973959807139
	gen27ind7	427.43683171085246	0.09922111906697421	0.8249980651342261	1.3832361281798184	0.6480492311949072	2638.5429974639746	1969.8977352551692	0.02469546098713403	6.501742792138069	15.788973959807139
	gen28ind7	427.43973914670835	0.09896902092974447	0.8249980651342261	1.3867637484208175	0.648579867268374	2638.5429974639746	2007.0041672906732	0.016588073216624716	6.512298629203421	15.797168053498597
	gen23ind14	427.45709551159445	0.09915235223280099	0.8249980651342261	1.3832361281798184	0.6483132675019946	2638.5429974639746	2071.4637111513152	0.02469546098713403	6.501742792138069	15.779204348182542
	gen29ind14	427.52420433928603	0.09952078779287288	0.8249980651342261	1.3925409374898137	0.6483132675019946	2638.5429974639746	2164.590550119593	0.02469546098713403	6.501742792138069	15.779204348182542
	gen26ind19	427.53107109404857	0.098599723117719	0.8249980651342261	1.38816165236786	0.648764436337406	2640.531408912746	2303.9415250650877	0.003476980322680838	6.512100378915639	15.775373741481648
	gen27ind3	427.58467121208486	0.09872958817378656	0.8249980651342261	1.3803924264036458	0.6471699646577134	2638.5429974639746	1972.258402888562	0.04174511592789718	6.520359574935963	15.798743571431736
	gen22ind16	427.6255331095395	0.09894388849452307	0.8249980651342261	1.3891047750233472	0.6482722521533208	2644.5082318102895	2175.390354680854	0.005112133522309145	6.512100378915639	15.779204348182542
	gen24ind19	427.6434981340667	0.09863277128537308	0.8249980651342261	1.3875253239267273	0.648764436337406	2638.5429974639746	2246.2390175127657	0.008984817946720125	6.512100378915639	15.775373741481648
	gen27ind8	427.6651370495709	0.09950569633282608	0.8249980651342261	1.3910990746440421	0.6482825059904893	2646.993746121254	2177.426055722389	0.049808087704241874	6.527111435282337	15.773547323476166
	gen25ind17	427.6673931208914	0.09915235223280099	0.8249980651342261	1.390328789563768	0.6483132675019946	2638.5429974639746	2164.590550119593	0.02469546098713403	6.501742792138069	15.779204348182542
	gen26ind7	427.6707665102206	0.09950569633282608	0.8249980651342261	1.3910990746440421	0.6482825059904893	2650.4734661566044	2177.426055722389	0.049808087704241874	6.527111435282337	15.773547323476166
	gen24ind18	427.6840787846945	0.09894388849452307	0.8249980651342261	1.3891047750233472	0.6482722521533208	2651.46767188099	2175.390354680854	0.030937090935956348	6.527247663897793	15.779204348182542
	gen27ind9	427.68426463587247	0.0982312875576471	0.8249980651342261	1.3840075629970918	0.648764436337406	2640.531408912746	2269.860010761757	0.003476980322680838	6.512100378915639	15.775373741481648
	gen25ind14	427.6901353005443	0.09879401787136885	0.8249980651342261	1.3880383282785638	0.647369914482498	2652.461877605376	2009.37915183913	0.030207709547452895	6.529465522984641	15.798179610997089
	gen29ind8	427.73175469063995	0.09855021693057864	0.8249980651342261	1.3788304239584854	0.6487208575294401	2636.8031374462994	2024.221724653331	0.022789992150199927	6.5119503868247275	15.789135221563683
	gen26ind11	427.73197454884564	0.09915235223280099	0.8249980651342261	1.3832361281798184	0.6477441795391461	2639.5372031883603	1987.7795427166081	0.02469546098713403	6.50484843936719	15.779204348182542
	gen27ind13	427.74165258980827	0.09894388849452307	0.8249980651342261	1.3891047750233472	0.6482722521533208	2638.5429974639746	2175.390354680854	0.005112133522309145	6.5012796049568164	15.779204348182542
	gen25ind10	427.8008217083986	0.09844431948746779	0.8249980651342261	1.3875253239267273	0.648764436337406	2640.531408912746	2246.2390175127657	0.003476980322680838	6.512100378915639	15.775373741481648
	gen28ind11	427.80816706571505	0.098599723117719	0.8249980651342261	1.38816165236786	0.648764436337406	2640.531408912746	2303.9415250650877	0.003142378310766636	6.504720769199117	15.768913417736211
	gen25ind19	427.8196774200909	0.09864609788732454	0.8249980651342261	1.3843341715903867	0.6487798170931587	2638.5429974639746	2246.2390175127657	0.01262877694499465	6.512100378915639	15.762547087396548
	gen27ind4	427.83274894675714	0.09868107528797657	0.8249980651342261	1.381480197859585	0.6471340762276239	2646.496643259061	1947.2945925269446	0.07135108422721426	6.523088388246596	15.816058786058152
	gen27ind18	427.8448681646341	0.09919012169000546	0.8249980651342261	1.3821050858308555	0.6483132675019946	2648.9821575700253	1942.573257260159	0.06218667759485639	6.500467341721231	15.790096772615623
	gen23ind11	427.8481529394823	0.09950569633282608	0.8249980651342261	1.3910990746440421	0.6482722521533208	2650.4734661566044	2114.662929396359	0.049808087704241874	6.523384340055713	15.773547323476166
	gen26ind0	427.8778695368881	0.09876882521268228	0.8249980651342261	1.382790895902506	0.648185094537389	2652.461877605376	1968.8942016494661	0.02827484566267781	6.520606861882335	15.785863467236627
	gen26ind8	427.9494978735602	0.09915235223280099	0.8249980651342261	1.3940141423329462	0.648764436337406	2638.5429974639746	2164.590550119593	0.02469546098713403	6.501742792138069	15.779204348182542
	gen26ind5	427.9503206346872	0.09939425836616814	0.8249980651342261	1.3910990746440421	0.6482722521533208	2650.4734661566044	2114.662929396359	0.049808087704241874	6.523384340055713	15.773547323476166
	gen25ind0	427.9503206346872	0.09939425836616814	0.8249980651342261	1.3910990746440421	0.6482722521533208	2650.4734661566044	2114.662929396359	0.049808087704241874	6.523384340055713	15.773547323476166
	gen28ind9	427.9504285483987	0.0982237418276237	0.8249980651342261	1.38816165236786	0.6487003498551032	2653.953186191954	2258.056672594794	0.006482018797929784	6.512100378915639	15.77870330100869
	gen25ind4	427.958174028995	0.09936528362907587	0.8249980651342261	1.3810173143749163	0.6483132675019946	2642.5198203615178	1942.573257260159	0.06218667759485639	6.500467341721231	15.777968615666712
	gen27ind17	427.980720211802	0.098599723117719	0.8249980651342261	1.38816165236786	0.648764436337406	2637.5487917395885	2303.9415250650877	0.003476980322680838	6.506458398345601	15.763057597721186
	gen24ind10	428.0671027449068	0.09882899401478606	0.8249980651342261	1.3939076285994083	0.6482414906418155	2644.5082318102895	2259.0745231155606	0.0057056896749043545	6.5147328607119075	15.774568344125441
	gen27ind15	428.0896927113177	0.0982237418276237	0.8249980651342261	1.38816165236786	0.6487003498551032	2647.4908489834465	2206.093350830024	0.005266672660452727	6.512100378915639	15.77870330100869
	gen25ind1	428.0914756517898	0.09950569633282608	0.8249980651342261	1.3910990746440421	0.6482722521533208	2650.4734661566044	2037.0572302561272	0.049808087704241874	6.523384340055713	15.773547323476166
	gen24ind11	428.1240406948426	0.0989548475577777	0.8249980651342261	1.3769067467340332	0.647369914482498	2652.461877605376	1906.8096423372808	0.07634537581442843	6.523761357033213	15.798179610997089
	gen23ind19	428.1818574580647	0.09902861568639623	0.8249980651342261	1.3795894716115362	0.647369914482498	2652.461877605376	1906.8096423372808	0.07634537581442843	6.529354489681493	15.798179610997089
	gen25ind16	428.1855316789708	0.09870503479725729	0.8249980651342261	1.380480744237383	0.6479133678524254	2645.502437534675	2154.469312572177	0.012993607671453404	6.517742359485677	15.749049572656782
	gen25ind7	428.194981845427	0.09951901483891401	0.8249980651342261	1.385022661434463	0.6473391529709926	2641.525614637132	2126.1413009714634	0.05970215578951726	6.544393824146567	15.747370598167084
	gen28ind2	428.203579096982	0.0982237418276237	0.8249980651342261	1.3895835032559463	0.6487003498551032	2647.4908489834465	2206.093350830024	0.003258154809928849	6.512100378915639	15.77870330100869
	gen24ind12	428.23087018328886	0.09877544863699039	0.8249980651342261	1.3875253239267273	0.6482722521533208	2644.5082318102895	2340.044423494888	0.02469546098713403	6.503473323532711	15.748915035955243
	gen25ind2	428.2698305451552	0.09925469575502549	0.8249980651342261	1.3903774319056126	0.6481235715143785	2640.5314089127464	2290.795369785498	0.005112133522309145	6.512100378915639	15.746274510413603
	gen27ind19	428.2959657778802	0.09882899401478606	0.8249980651342261	1.3891047750233472	0.6482722521533208	2644.5082318102895	2155.147879586022	0.02295319666653258	6.513342478531447	15.763871705257344
	gen26ind6	428.3378582703218	0.09950569633282608	0.8249980651342261	1.3910990746440421	0.6482722521533208	2650.4734661566044	2037.0572302561272	0.047902618867307775	6.523384340055713	15.763938973608113
	gen26ind14	428.33847622617213	0.09880202835466015	0.8249980651342261	1.3844145212813492	0.6471340762276239	2652.461877605376	1967.5370676217763	0.08390739758576818	6.529595634513955	15.803460662080367
	gen27ind12	428.34068438981984	0.09932902428281354	0.8249980651342261	1.3910990746440421	0.6480030889276492	2650.4734661566044	1942.233973753237	0.03725177434568795	6.523384340055713	15.776375835829354
	gen22ind12	428.3581703181964	0.09879316844877023	0.8249980651342261	1.3745840174524717	0.647369914482498	2652.461877605376	1906.8096423372808	0.07634537581442843	6.529354489681493	15.798179610997089
	gen24ind5	428.36683967785615	0.09876882521268228	0.8249980651342261	1.3817340694849907	0.647369914482498	2652.461877605376	1968.8942016494661	0.06849005429422148	6.529354489681493	15.785863467236627
	gen21ind5	428.3815713256996	0.09879316844877023	0.8249980651342261	1.3780100205149166	0.647369914482498	2652.461877605376	1906.8096423372808	0.07634537581442843	6.529354489681493	15.798179610997089
	gen24ind9	428.39830965126043	0.09898175660895717	0.8249980651342261	1.3795894716115362	0.647369914482498	2652.461877605376	1906.8096423372808	0.07634537581442843	6.539433243226582	15.798179610997089
	gen26ind4	428.4209996435306	0.0991649984662474	0.8249980651342261	1.385022661434463	0.6473391529709926	2642.5198203615178	2213.528954152189	0.049092915457290665	6.5452590898438885	15.73568568319204
	gen26ind18	428.42462083600884	0.09898175660895717	0.8249980651342261	1.3795894716115362	0.647369914482498	2652.461877605376	1906.8096423372808	0.07443990697749434	6.543816479226166	15.798340872753634
	gen25ind3	428.4383425328926	0.09880202835466015	0.8249980651342261	1.3854116710916968	0.6471340762276239	2652.461877605376	1947.2945925269446	0.08390739758576818	6.529595634513955	15.803460662080367
	gen23ind7	428.46173048949004	0.09879316844877023	0.8249980651342261	1.375608593726886	0.6473083914594874	2652.461877605376	1864.9675581199276	0.07594967171269829	6.529354489681493	15.798179610997089
	gen25ind11	428.4721380493237	0.09916286594706183	0.8249980651342261	1.3801533728951587	0.647369914482498	2646.496643259061	1988.458109730453	0.09375891489457729	6.507680111197039	15.772902276449987
	gen24ind3	428.5011908341714	0.09905863407792287	0.8249980651342261	1.383087696316923	0.6473494068081611	2646.496643259061	1988.458109730453	0.08396725116216484	6.507680111197039	15.772902276449987
	gen23ind3	428.5025555577825	0.09863277128537308	0.8249980651342261	1.3875253239267273	0.6482722521533208	2638.5429974639746	2195.632829775686	0.008984817946720125	6.512100378915639	15.75457206066162
	gen24ind14	428.5044664817274	0.09885564721868897	0.8249980651342261	1.3875253239267273	0.6482722521533208	2644.5082318102895	2195.632829775686	0.008984817946720125	6.512100378915639	15.748915035955243
	gen22ind18	428.5044664817274	0.09885564721868897	0.8249980651342261	1.3875253239267273	0.6482722521533208	2644.5082318102895	2195.632829775686	0.008984817946720125	6.512100378915639	15.748915035955243
	gen23ind13	428.52909863295	0.09905863407792287	0.8249980651342261	1.383087696316923	0.6473494068081611	2652.461877605376	1843.3679489974058	0.08396725116216484	6.521900299228246	15.79753456397091
	gen24ind17	428.5333490091578	0.09885564721868897	0.8249980651342261	1.3875253239267273	0.6482722521533208	2644.5082318102895	2184.833025214425	0.012993607671453404	6.512100378915639	15.748915035955243
	gen22ind17	428.5676923196897	0.09882899401478606	0.8249980651342261	1.3939076285994083	0.6483952981993422	2644.5082318102895	2259.0745231155606	0.005903541725769429	6.5160742969223495	15.759101164498702
	gen24ind4	428.56996475851696	0.09941478296977506	0.8249980651342261	1.3879569848562274	0.6473186452966558	2644.5082318102895	2178.104622736233	0.05970215578951726	6.5452590898438885	15.737600986542487
	gen25ind18	428.5905427404549	0.09947215576147496	0.8249980651342261	1.3879569848562274	0.6473186452966558	2644.5082318102895	2178.104622736233	0.05970215578951726	6.535475313493512	15.73444995067621
	gen26ind16	428.5924309313339	0.09905863407792287	0.8249980651342261	1.3852322941903774	0.6473494068081611	2652.461877605376	1930.755602178131	0.08396725116216484	6.522765564925567	15.785849648995866
	gen26ind3	428.60050862988726	0.09880202835466015	0.8249980651342261	1.3854116710916968	0.646672653555044	2653.4560833297614	1850.449951897584	0.08390739758576818	6.529595634513955	15.803460662080367
	gen26ind1	428.6042282893787	0.09866285568642497	0.8249980651342261	1.3912106766959056	0.648764436337406	2638.5429974639746	2246.2390175127657	0.022308438337505898	6.503473323532711	15.756899525840955
	gen21ind2	428.6147720037716	0.09879316844877023	0.8249980651342261	1.3854116710916968	0.6476160065745407	2652.461877605376	1947.2945925269446	0.08390739758576818	6.529595634513955	15.803460662080367
	gen21ind3	428.64759657563195	0.09894388849452307	0.8249980651342261	1.3891047750233472	0.6482722521533208	2644.5082318102895	2175.390354680854	0.005903541725769429	6.512100378915639	15.748915035955243
	gen26ind10	428.6523708379971	0.09882899401478606	0.8249980651342261	1.3891047750233472	0.6482722521533208	2644.5082318102895	2207.111201350792	0.005903541725769429	6.512100378915639	15.748915035955243
	gen24ind13	428.70597563058607	0.09910023962082373	0.8249980651342261	1.3799442386871177	0.64755448355153	2652.461877605376	2105.898825876632	0.09798102220885543	6.534668301195789	15.773816396879244
	gen23ind8	428.73807415108087	0.0992044714899627	0.8249980651342261	1.3770099152653534	0.64755448355153	2652.461877605376	2053.9355041118624	0.09798102220885543	6.534668301195789	15.773816396879244
	gen24ind8	428.7617376711072	0.09875363399190965	0.8249980651342261	1.383557397769132	0.6478210833179094	2644.5082318102895	2020.8575234142354	0.005903541725769429	6.520727434298566	15.748915035955243
	gen22ind19	428.7678945520677	0.09959810409943277	0.8249980651342261	1.3922636772165866	0.647903114015257	2652.461877605376	2198.347097831065	0.06315580926625608	6.534765997039305	15.737600986542487
	gen17ind17	428.7793290782002	0.09885564721868897	0.8249980651342261	1.3891047750233472	0.6482722521533208	2644.5082318102895	2155.147879586022	0.008984817946720125	6.512100378915639	15.748915035955243
	gen23ind18	428.78574118479423	0.09905863407792287	0.8249980651342261	1.390214524667758	0.6475749912258668	2652.461877605376	1843.3679489974058	0.07602543527026717	6.525758282297909	15.79753456397091
	gen20ind15	428.80963225082735	0.09882899401478606	0.8249980651342261	1.3891047750233472	0.6482722521533208	2644.5082318102895	2155.147879586022	0.005903541725769429	6.512100378915639	15.748915035955243
	gen21ind8	428.8439956379532	0.0991470242500942	0.8249980651342261	1.3770099152653534	0.6476160065745407	2652.461877605376	2053.9355041118624	0.09837672631058558	6.534668301195789	15.773816396879244
	gen22ind0	428.8476508567187	0.09915235223280099	0.8249980651342261	1.3917010810376413	0.6482722521533208	2640.5314089127464	2155.147879586022	0.035711136235212604	6.5009141136190784	15.748915035955243
	gen26ind12	428.8767788607385	0.09882899401478606	0.8249980651342261	1.3891047750233472	0.6482722521533208	2644.5082318102895	2155.147879586022	0.006652771632784493	6.5012796049568164	15.751743548308431
	gen26ind15	428.9017027319844	0.09880202835466015	0.8249980651342261	1.3854116710916968	0.646647018962123	2652.461877605376	1947.2945925269446	0.08390739758576818	6.551558875726623	15.788161653330553
	gen27ind5	428.91164897109263	0.09882899401478606	0.8249980651342261	1.3891047750233472	0.6482722521533208	2638.5429974639746	2155.147879586022	0.006652771632784493	6.503729585034968	15.748915035955243
	gen22ind6	428.9341649758473	0.09941478296977506	0.8249980651342261	1.3922636772165866	0.6477800679692357	2644.5082318102895	2178.104622736233	0.05970215578951726	6.534765997039305	15.737600986542487
	gen25ind15	428.946020504543	0.09877162122308616	0.8249980651342261	1.3921133143765592	0.6487336748259007	2643.514026085904	2155.147879586022	0.005903541725769429	6.514310512774939	15.75206607182152
	gen23ind6	428.9585720864547	0.09877154677491756	0.8249980651342261	1.3915062018113777	0.6482722521533208	2644.5082318102895	2196.9899638033753	0.006299245827499571	6.514087337918994	15.748915035955243
	gen22ind4	428.96070502467774	0.09882899401478606	0.8249980651342261	1.3939076285994083	0.6482722521533208	2644.5082318102895	2155.147879586022	0.005903541725769429	6.512100378915639	15.759101164498702
	gen21ind0	428.96070502467774	0.09882899401478606	0.8249980651342261	1.3939076285994083	0.6482722521533208	2644.5082318102895	2155.147879586022	0.005903541725769429	6.512100378915639	15.759101164498702
	gen22ind8	428.9643454760703	0.09961601688244069	0.8249980651342261	1.3872582230575219	0.6476160065745407	2652.461877605376	2074.1779792066945	0.06315580926625608	6.524699809602421	15.728435878648304
	gen23ind2	428.97890838734224	0.09901231514444378	0.8249980651342261	1.3922636772165866	0.6477800679692357	2644.5082318102895	2178.104622736233	0.06629693906360343	6.53340167957084	15.75242311914305
	gen22ind7	428.9956815587938	0.09894388849452307	0.8249980651342261	1.384301921447286	0.6483542828506683	2644.5082318102895	2279.3169982103927	0.005903541725769429	6.512100378915639	15.715985198186303
	gen24ind1	429.0081195627385	0.09961143070138423	0.8249980651342261	1.3737716620883287	0.6472263607621399	2652.461877605376	1991.8509447996773	0.09837672631058558	6.534668301195789	15.737600986542487
	gen24ind15	429.01814249966935	0.09882899401478606	0.8249980651342261	1.394188926688881	0.6480261600612782	2646.496643259061	2155.147879586022	0.017899051502921755	6.529026320625752	15.753444139792325
	gen24ind2	429.02620672308376	0.09879316844877023	0.8249980651342261	1.3814059819281372	0.6471545839019608	2653.4560833297614	1811.647102327468	0.10098697931472966	6.528853614100221	15.815454282327739
	gen24ind0	429.0363485363431	0.09915235223280099	0.8249980651342261	1.3925230567290523	0.6482722521533208	2640.5314089127464	2155.147879586022	0.00881182920333869	6.5009141136190784	15.748915035955243
	gen25ind5	429.0665344584607	0.0989310072415654	0.8249980651342261	1.394273414574958	0.6487541825002376	2644.5082318102895	2184.833025214425	0.012993607671453404	6.512100378915639	15.748915035955243
	gen21ind4	429.07213568999697	0.09879316844877023	0.8249980651342261	1.3810623920463394	0.6476160065745407	2652.461877605376	1947.2945925269446	0.07634537581442843	6.532037362102376	15.76724525174361
	gen21ind15	429.07441631323394	0.09879316844877023	0.8249980651342261	1.3806088175156357	0.6476980372718881	2652.461877605376	1947.2945925269446	0.07634537581442843	6.532037362102376	15.76724525174361
	gen23ind16	429.12319571907403	0.09905863407792287	0.8249980651342261	1.390214524667758	0.6476160065745407	2652.461877605376	1843.3679489974058	0.05570831548065926	6.511538094266702	15.772902276449987
	gen21ind6	429.1236228032288	0.09970972278638475	0.8249980651342261	1.3891047750233472	0.6482722521533208	2644.5082318102895	2155.147879586022	0.008984817946720125	6.512100378915639	15.717980676701764
	gen23ind10	429.13522985323647	0.09959810409943277	0.8249980651342261	1.3769628144246693	0.6472263607621399	2652.461877605376	1971.6084697048454	0.09837672631058558	6.534668301195789	15.737600986542487
	gen23ind5	429.1747472301325	0.09997926289529499	0.8249980651342261	1.3915139231681173	0.6472878837851506	2652.461877605376	2292.152503813188	0.09837672631058558	6.528415464200032	15.711970959763834
	gen21ind9	429.18094674776535	0.09997926289529499	0.8249980651342261	1.3915139231681173	0.6472878837851506	2656.438700502919	2074.1779792066945	0.09837672631058558	6.534668301195789	15.737600986542487
	gen21ind19	429.2461730076657	0.09941478296977506	0.8249980651342261	1.3922636772165866	0.6474519451798456	2648.4850547078327	2074.1779792066945	0.05970215578951726	6.534765997039305	15.737600986542487
	gen23ind9	429.2511786650752	0.09905863407792287	0.8249980651342261	1.3914113773834034	0.6481081907586258	2646.496643259061	1883.8528991870696	0.07737246788807867	6.513322091767076	15.777995340721716
	gen20ind1	429.25144459450314	0.09879316844877023	0.8249980651342261	1.3854116710916968	0.6476160065745407	2652.461877605376	1947.2945925269446	0.07634537581442843	6.532037362102376	15.76724525174361
	gen19ind8	429.25144459450314	0.09879316844877023	0.8249980651342261	1.3854116710916968	0.6476160065745407	2652.461877605376	1947.2945925269446	0.07634537581442843	6.532037362102376	15.76724525174361
	gen19ind11	429.2554670690536	0.09959810409943277	0.8249980651342261	1.3854116710916968	0.6476160065745407	2652.461877605376	2074.1779792066945	0.09837672631058558	6.534668301195789	15.737600986542487
	gen17ind0	429.2554670690536	0.09959810409943277	0.8249980651342261	1.3854116710916968	0.6476160065745407	2652.461877605376	2074.1779792066945	0.09837672631058558	6.534668301195789	15.737600986542487
	gen22ind10	429.2609298634475	0.09959810409943277	0.8249980651342261	1.3854116710916968	0.6476160065745407	2650.4734661566044	2074.1779792066945	0.09837672631058558	6.534668301195789	15.737600986542487
	gen22ind3	429.29475766330194	0.0998880042901287	0.8249980651342261	1.3939153499561479	0.6472878837851506	2656.438700502919	2074.1779792066945	0.08787459709933212	6.5296371770514705	15.737600986542487
	gen20ind2	429.30678824674106	0.09962934348439215	0.8249980651342261	1.3872582230575219	0.6479441293639308	2652.461877605376	2074.1779792066945	0.09837672631058558	6.534668301195789	15.743258011248866
	gen20ind3	429.3112142226611	0.09985913244386617	0.8249980651342261	1.3976161752445382	0.6477800679692357	2652.461877605376	2114.6629293963583	0.06486240207054006	6.534668301195789	15.737600986542487
	gen19ind0	429.3237979921278	0.09885830705497184	0.8249980651342261	1.3717076588419173	0.6479441293639308	2652.461877605376	2155.147879586022	0.09221417386868419	6.531884638155065	15.737600986542487
	gen23ind12	429.37781385769966	0.09879316844877023	0.8249980651342261	1.3854116710916968	0.6476160065745407	2655.444494778533	1947.2945925269446	0.07634537581442843	6.532037362102376	15.761588227037233
	gen23ind0	429.3952867407648	0.09882899401478606	0.8249980651342261	1.3939076285994083	0.6483542828506683	2640.5314089127464	2217.2324388982074	0.005903541725769429	6.512149226837396	15.740993459330323
	gen25ind9	429.40526125684573	0.09868801270886404	0.8249980651342261	1.3854116710916968	0.6477339257019777	2656.438700502919	1885.2100332147593	0.10304683079543726	6.5243002401899055	15.803460662080367
	gen20ind6	429.4071725482526	0.09997926289529499	0.8249980651342261	1.3941102291824117	0.6474519451798456	2652.461877605376	2074.1779792066945	0.09837672631058558	6.534668301195789	15.737600986542487
	gen24ind7	429.46107856919616	0.09882899401478606	0.8249980651342261	1.3988091672818137	0.6482722521533208	2644.5082318102895	2155.147879586022	0.005903541725769429	6.512220951331869	15.761741690040342
	gen22ind2	429.4708296286325	0.09997926289529499	0.8249980651342261	1.395714801081289	0.6472878837851506	2656.438700502919	2074.1779792066945	0.08736105106250701	6.534668301195789	15.73431541397467
	gen20ind11	429.4743734720831	0.098350370263557	0.8249980651342261	1.3717076588419173	0.6481081907586257	2652.461877605376	2155.147879586022	0.09118708179503396	6.534472909508759	15.768535345795964
	gen22ind9	429.4800050119061	0.09882899401478606	0.8249980651342261	1.3939076285994083	0.6482722521533208	2644.5082318102895	2155.147879586022	0.005903541725769429	6.50443326069807	15.748915035955243
	gen24ind16	429.491782638259	0.09959810409943277	0.8249980651342261	1.382372780565912	0.6477493064577304	2652.461877605376	1971.6084697048454	0.09837672631058558	6.534668301195789	15.737600986542487
	gen22ind1	429.55074849725526	0.09959810409943277	0.8249980651342261	1.3962848687050906	0.6477800679692357	2648.4850547078327	2074.1779792066945	0.06469644737673143	6.524797505445935	15.737600986542487
	gen21ind14	429.56767340631166	0.09905863407792287	0.8249980651342261	1.390214524667758	0.6476160065745407	2652.461877605376	1843.3679489974058	0.07737246788807867	6.524606052907152	15.76724525174361
	gen25ind6	429.56874731809813	0.09878985673661617	0.8249980651342261	1.3854116710916968	0.6476160065745407	2652.461877605376	1761.7194816042336	0.10580469423931191	6.529595634513955	15.821934877721059
	gen20ind12	429.63696059720604	0.09959810409943277	0.8249980651342261	1.3922636772165866	0.6474519451798456	2652.461877605376	2074.1779792066945	0.09837672631058558	6.534765997039305	15.737600986542487
	gen23ind1	429.69370019391556	0.09941744696112845	0.8249980651342261	1.3996092601027306	0.6477800679692357	2638.5429974639746	2178.104622736233	0.05970215578951726	6.517888903250949	15.737600986542487
	gen19ind2	429.7081363409616	0.09959810409943277	0.8249980651342261	1.3828153650774024	0.6474519451798456	2652.461877605376	2074.1779792066945	0.09837672631058558	6.545854566492349	15.716476782209371
	gen20ind9	429.7755118983938	0.0986959444007556	0.8249980651342261	1.3745078109324274	0.6477800679692357	2652.461877605376	2155.147879586022	0.09837672631058558	6.540034046037556	15.737600986542487
	gen21ind16	429.7848033002769	0.0986959444007556	0.8249980651342261	1.3745078109324274	0.6476980372718881	2652.461877605376	2155.147879586022	0.09837672631058558	6.542524621547736	15.737600986542487
	gen18ind8	429.8026850246156	0.09959810409943277	0.8249980651342261	1.3854116710916968	0.6476160065745407	2652.461877605376	2155.147879586022	0.09632254216328512	6.544825994923537	15.70666662728901
	gen22ind14	429.8108475044192	0.09932694913329077	0.8249980651342261	1.3941102291824117	0.6476160065745407	2652.461877605376	2114.6629293963583	0.0904423272834577	6.534743115781282	15.737600986542487
	gen21ind11	429.8545026251245	0.098350370263557	0.8249980651342261	1.3717076588419173	0.6476160065745407	2656.438700502919	2155.147879586022	0.09221417386868419	6.545992679671178	15.74213009037957
	gen16ind14	429.88834660615106	0.098350370263557	0.8249980651342261	1.3717076588419173	0.6479441293639308	2652.461877605376	2155.147879586022	0.09221417386868419	6.534472909508759	15.737600986542487
	gen19ind19	429.92704232549863	0.098350370263557	0.8249980651342261	1.3717076588419173	0.6480261600612782	2652.461877605376	2155.147879586022	0.09221417386868419	6.534472909508759	15.737600986542487
	gen14ind8	429.9768353331794	0.09879316844877023	0.8249980651342261	1.3891047750233472	0.6476160065745407	2652.461877605376	2155.147879586022	0.09426835801598465	6.539649452216148	15.737600986542487
	gen21ind18	429.9900669219241	0.09932694913329077	0.8249980651342261	1.3941102291824117	0.6476160065745407	2652.461877605376	2114.6629293963583	0.09837672631058558	6.537302325694915	15.737600986542487
	gen20ind4	430.0089097383964	0.09879316844877023	0.8249980651342261	1.3854116710916968	0.6474519451798456	2652.461877605376	1947.2945925269446	0.10043091045788605	6.535139919240477	15.757973243629408
	gen11ind1	430.05111495759377	0.09879316844877023	0.8249980651342261	1.3854116710916968	0.6476160065745407	2652.461877605376	2155.147879586022	0.09837672631058558	6.550002537630926	15.737600986542487
	gen13ind10	430.0524325295259	0.09879316844877023	0.8249980651342261	1.3854116710916968	0.6476160065745407	2652.461877605376	2074.1779792066945	0.09837672631058558	6.534668301195789	15.737600986542487
	gen20ind8	430.05440008276696	0.09879316844877023	0.8249980651342261	1.3854116710916968	0.6476160065745407	2652.461877605376	2074.1779792066945	0.09837672631058558	6.534570605352274	15.737600986542487
	gen20ind0	430.0633525769551	0.09879316844877023	0.8249980651342261	1.3854116710916968	0.6476570219232144	2652.461877605376	2155.147879586022	0.09837672631058558	6.550002537630926	15.737600986542487
	gen25ind13	430.0679128519529	0.0993192915215311	0.8249980651342261	1.3770099152653534	0.64755448355153	2652.461877605376	2053.9355041118624	0.13701287692705313	6.534668301195789	15.773816396879244
	gen19ind5	430.1904847071108	0.09829347657542432	0.8249980651342261	1.3758059639395745	0.6477800679692357	2652.461877605376	2155.147879586022	0.09837672631058558	6.540034046037556	15.737600986542487
	gen23ind4	430.22758682613306	0.09879316844877023	0.8249980651342261	1.3936405277302029	0.6474519451798456	2652.461877605376	2211.1826034338605	0.07903944105005142	6.5321300029660545	15.722778853941925
	gen21ind12	430.2337815072642	0.09843047877160296	0.8249980651342261	1.3745078109324274	0.6478620986665833	2652.461877605376	2259.0745231155606	0.09837672631058558	6.5490166338018305	15.722778853941925
	gen20ind17	430.3127702163647	0.09959810409943277	0.8249980651342261	1.3994627272103632	0.6476160065745407	2652.461877605376	2074.1779792066945	0.09837672631058558	6.537158876705968	15.737600986542487
	gen22ind13	430.32176510044735	0.09879316844877023	0.8249980651342261	1.3936405277302029	0.6474519451798456	2652.461877605376	2033.6930290170308	0.07903944105005142	6.527050030899979	15.737600986542487
	gen23ind17	430.40132478968155	0.09959810409943277	0.8249980651342261	1.3854116710916968	0.6476160065745407	2654.4502890541476	2074.1779792066945	0.13494467597272658	6.534668301195789	15.731943961836109
	gen16ind4	430.41969524090644	0.09879316844877023	0.8249980651342261	1.3854116710916968	0.6476160065745407	2652.461877605376	1947.2945925269446	0.09837672631058558	6.532037362102376	15.737600986542487
	gen18ind7	430.45161311751696	0.09826223719046495	0.8249980651342261	1.3758059639395745	0.6477800679692357	2652.461877605376	2155.147879586022	0.09837672631058558	6.550002537630926	15.737600986542487
	gen20ind10	430.52053388998957	0.0986113986079904	0.8249980651342261	1.3552499455649052	0.6479441293639308	2652.461877605376	2155.147879586022	0.09221417386868419	6.534472909508759	15.70666662728901
	gen21ind1	430.52065962470857	0.09997926289529499	0.8249980651342261	1.3941102291824117	0.6473288991338243	2652.461877605376	2074.1779792066945	0.14153204238204298	6.534668301195789	15.731943961836109
	gen20ind19	430.5499432600487	0.09879316844877023	0.8249980651342261	1.3854116710916968	0.6476160065745407	2652.461877605376	1906.8096423372808	0.09837672631058558	6.532037362102376	15.737600986542487
	gen21ind17	430.56262466693545	0.09959810409943277	0.8249980651342261	1.3854116710916968	0.6476160065745407	2656.438700502919	2074.1779792066945	0.1430726804925183	6.534668301195789	15.737600986542487
	gen18ind11	430.5717866670367	0.09879316844877023	0.8270290293637874	1.3854116710916968	0.6471238223904556	2652.461877605376	2074.1779792066945	0.11835389265944227	6.526903487134706	15.726942789226726
	gen18ind9	430.57814683669574	0.0986113986079904	0.8249980651342261	1.3839121629947586	0.6479441293639308	2652.461877605376	2155.147879586022	0.09221417386868419	6.534472909508759	15.70666662728901
	gen19ind12	430.68434242365004	0.09804083809785834	0.8249980651342261	1.3758059639395745	0.6477800679692357	2652.461877605376	2155.147879586022	0.09837672631058558	6.550002537630926	15.737600986542487
	gen19ind14	430.7402872289749	0.09826223719046495	0.8249980651342261	1.3994627272103635	0.6477800679692357	2652.461877605376	2155.147879586022	0.061941025040255115	6.550002537630926	15.743258011248866
	gen21ind10	430.74171877225956	0.09874455642476292	0.8249980651342261	1.3854116710916968	0.6476980372718881	2652.461877605376	2074.1779792066945	0.10939240155866416	6.534668301195789	15.722778853941925
	gen19ind3	430.9360131090073	0.0991956362741015	0.8249980651342261	1.3891047750233472	0.6476160065745407	2652.461877605376	2195.632829775686	0.08325268276790608	6.539649452216148	15.675732268035532
	gen20ind14	430.96676402165446	0.0991956362741015	0.8249980651342261	1.3872582230575219	0.6475339758771932	2652.461877605376	2091.706186246147	0.07429119166712797	6.539649452216148	15.675732268035532
	gen19ind13	430.9814996681727	0.09820893078265913	0.8249980651342261	1.3839121629947586	0.6479441293639308	2652.461877605376	2155.147879586022	0.09221417386868419	6.534472909508759	15.70666662728901
	gen21ind7	431.0778028201478	0.09826223719046495	0.8249980651342261	1.3792319670020194	0.6476980372718881	2652.461877605376	2155.147879586022	0.10939240155866416	6.550002537630926	15.722778853941925
	gen22ind5	431.12400504184444	0.09820893078265913	0.8249980651342261	1.3839121629947586	0.6475339758771932	2652.461877605376	2155.147879586022	0.09221417386868419	6.545805718570592	15.701009602582634
	gen17ind1	431.1526313743565	0.09947316464822434	0.8355475258637604	1.4186032823236907	0.6557718779747262	2700.4103459623584	2237.580942947608	0.09426835801598465	6.52824647073331	15.853193338888843
	gen23ind15	431.15425694523435	0.09879316844877023	0.8249980651342261	1.3917939757643776	0.6474519451798456	2652.461877605376	1919.645147940076	0.11426035809438093	6.527050030899979	15.737600986542487
	gen17ind12	431.2715215358173	0.09759874102070029	0.8249980651342261	1.3854116710916968	0.6476160065745407	2652.461877605376	2074.1779792066945	0.09837672631058558	6.534668301195789	15.737600986542487
	gen15ind17	431.35434143821317	0.09835794380123417	0.8249980651342261	1.4172614310010017	0.649584743310881	2686.564662143511	2152.4088777238076	0.04457136387642714	6.503268079017886	15.811571091571713
	gen16ind1	431.40543618780725	0.09839142158749573	0.8209361366751036	1.3694867911370445	0.6476160065745407	2812.214574266496	1973.6035231725132	0.10076449697069367	6.5491556880259445	15.737600986542487
	gen22ind15	431.46578369215393	0.09879316844877023	0.8249980651342261	1.3854116710916968	0.6476160065745407	2656.438700502919	2074.1779792066945	0.14461331860299365	6.534668301195789	15.737600986542487
	gen19ind9	431.47836772711366	0.09720924924329288	0.8249980651342261	1.3417912484817693	0.6476160065745407	2652.461877605376	2074.1779792066945	0.048341896247335536	6.534668301195789	15.70666662728901
	gen17ind3	431.58783136887666	0.09879316844877023	0.8249980651342261	1.3891047750233472	0.6476160065745407	2652.461877605376	2155.147879586022	0.09426835801598465	6.539649452216148	15.675732268035532
	gen20ind16	431.6213190210038	0.0991956362741015	0.8249980651342261	1.3926094755922611	0.6474519451798456	2652.461877605376	2195.632829775686	0.08325268276790608	6.539649452216148	15.665170165868973
	gen18ind15	431.6320241606468	0.09879316844877023	0.8249980651342261	1.3891047750233472	0.6477800679692357	2652.461877605376	2155.147879586022	0.09426835801598465	6.539649452216148	15.675732268035532
	gen13ind1	431.6327452408989	0.0987666218310859	0.8198939070296544	1.3854116710916968	0.6476160065745407	2700.4103459623584	1970.7231538296573	0.09837672631058558	6.550002537630926	15.737600986542487
	gen16ind7	431.70620891264315	0.09718329714744514	0.8249980651342261	1.3854116710916968	0.6476160065745407	2652.461877605376	2155.147879586022	0.09837672631058558	6.550002537630926	15.737600986542487
	gen18ind0	431.8939960565921	0.09879316844877023	0.8249980651342261	1.3713333431028696	0.6476160065745407	2679.2850304665762	2054.5734235518407	0.12613815935469186	6.550002537630926	15.669681574774398
	gen21ind13	432.1291508246766	0.0991956362741015	0.8249980651342261	1.399461481717151	0.6474519451798456	2652.461877605376	2195.632829775686	0.08325268276790608	6.539982957082007	15.675356294412435
	gen17ind5	432.3901512860468	0.09720924924329288	0.8249980651342261	1.3417912484817693	0.6476160065745407	2652.461877605376	2074.1779792066945	0.08185622048738106	6.534668301195789	15.737600986542487
	gen22ind11	432.45031947382455	0.09775534799765037	0.8249980651342261	1.3758059639395745	0.6474929605285193	2656.438700502919	2155.147879586022	0.1430726804925183	6.550002537630926	15.747411141462848
	gen15ind5	432.83562427546826	0.09640431359263034	0.8249980651342261	1.3891047750233472	0.6482722521533208	2700.4103459623584	2155.147879586022	0.09426835801598465	6.539649452216148	15.737600986542487
	gen20ind5	432.88347244123963	0.09876192906381086	0.8249980651342261	1.3872582230575219	0.6474519451798456	2652.461877605376	2051.2212360564836	0.13896431219791738	6.539649452216148	15.670075243329155
	gen11ind19	433.0461819125068	0.09401545873649045	0.8249980651342261	1.3402867584119815	0.6489284977321009	2748.3588143193415	2155.147879586022	0.05225984117097082	6.550002537630926	15.765955157691257
	gen17ind18	433.07452073752506	0.09827111175990344	0.8249980651342261	1.3610026627860141	0.6472878837851506	2652.461877605376	2074.1779792066945	0.16540537479067663	6.534668301195789	15.799469705049443
	gen18ind14	433.4019013340996	0.09945666461853489	0.8249980651342261	1.4013092791761885	0.6477800679692357	2652.461877605376	2155.147879586022	0.09426835801598465	6.539649452216148	15.644797908782053
	gen18ind12	433.42417664336483	0.0995614324765633	0.8209361366751036	1.3977710792710518	0.6469597609957605	2553.7659675342384	2074.1779792066945	0.16540537479067663	6.534668301195789	15.836653057798841
	gen18ind19	433.46675960956793	0.09728487714799142	0.8353502060728965	1.3854116710916968	0.6474519451798457	2652.461877605376	2074.1779792066945	0.09837672631058558	6.539974710187662	15.750295787766113
	gen17ind19	433.55212207986915	0.09401545873649045	0.8331219220524713	1.2981708258718418	0.6482722521533208	2932.0857451589536	2341.9604697717496	0.050427906068473166	6.5584263891311885	15.663234281043692
	gen20ind7	433.66491392937667	0.09959810409943277	0.8249980651342261	1.3759633589525126	0.6471238223904556	2542.441298042533	2166.968130195497	0.1412340228645698	6.562347240780783	15.72351455872662
	gen20ind18	433.7293193379527	0.098350370263557	0.8249980651342261	1.329933788197815	0.6479441293639308	2652.461877605376	2155.147879586022	0.09221417386868419	6.538278954565644	15.737600986542487
	gen14ind11	433.74156758598673	0.09401545873649045	0.8001423605200016	1.3402867584119815	0.6280230358802689	2947.5657029975164	2155.147879586022	0.12908549039965456	6.550002537630926	15.661626033262742
	gen18ind5	433.839961207397	0.09401545873649045	0.8001423605200016	1.3402867584119815	0.6280230358802689	2947.5657029975164	2114.6629293963583	0.12908549039965456	6.55010023347444	15.661626033262742
	gen17ind16	433.8963873969374	0.098350370263557	0.8249980651342261	1.3280872362319898	0.6479441293639308	2652.461877605376	2155.147879586022	0.09221417386868419	6.534472909508759	15.737600986542487
	gen16ind0	433.9529518929617	0.09947316464822434	0.8479753781708727	1.4186032823236907	0.6557718779747262	2700.4103459623584	2237.580942947608	0.09426835801598465	6.520481656672227	15.891180815528715
	gen17ind2	434.24135184878577	0.09441606174823688	0.8209361366751036	1.3402867584119815	0.6489284977321009	2748.3588143193415	2155.147879586022	0.05225984117097082	6.550002537630926	15.758917381174008
	gen19ind7	434.3024215980441	0.0979791418231851	0.8249980651342261	1.3280872362319898	0.6482722521533208	2648.4850547078327	2155.147879586022	0.09221417386868419	6.523188948368684	15.743258011248866
	gen19ind16	434.3456848953371	0.09441606174823688	0.8209361366751036	1.3402867584119815	0.6489284977321009	2748.3588143193415	2091.706186246147	0.05225984117097082	6.548687068084219	15.758917381174008
	gen16ind15	434.3532952546567	0.09401545873649045	0.8331219220524713	1.2981708258718418	0.6486003749427109	2849.8536977476506	2341.9604697717496	0.050427906068473166	6.541448426790854	15.663234281043692
	gen17ind6	434.37485481764384	0.09948337496410672	0.8042937832568855	1.3854116710916968	0.6486003749427108	2872.503036731061	1969.5675776084167	0.006499580760715773	6.501487560931891	15.72352543350799
	gen19ind10	434.5485772067128	0.09826223719046495	0.8229671009046648	1.3513969556338918	0.6477800679692357	2652.461877605376	2155.147879586022	0.12001423792271093	6.568953616988569	15.737600986542487
	gen15ind16	434.60351426773116	0.09875968507759712	0.8147897489250826	1.3817023385741771	0.6476160065745407	2652.461877605376	1901.5644607415657	0.10420259825924061	6.537484522378172	15.864595278984618
	gen17ind15	434.74065489818776	0.09535202675351345	0.8249980651342261	1.4172614310010017	0.6489284977321009	2535.9462511397523	2174.752435240876	0.12033552596082545	6.50736981693697	15.811571091571713
	gen18ind2	434.82321386311395	0.09872618488498536	0.8249980651342261	1.3212352301071	0.6481081907586258	2652.461877605376	2195.632829775686	0.0891328976477335	6.534375213665244	15.737600986542487
	gen20ind13	435.04090656212963	0.09804083809785834	0.8353502060728965	1.3636014597867332	0.6477800679692357	2542.441298042533	2207.4530803851612	0.177829623325566	6.550002537630926	15.775573122313213
	gen19ind1	435.05851092217114	0.09885564721868897	0.8249980651342261	1.4196135444190259	0.6481902214559734	2644.5082318102895	2155.147879586022	0.008984817946720125	6.512100378915639	15.717980676701764
	gen14ind18	435.1512828669535	0.09798450317093803	0.816874208215981	1.3854116710916968	0.6476160065745407	2855.4516444619935	2074.1779792066945	0.09837672631058558	6.534668301195789	15.72352543350799
	gen18ind1	435.30526321774306	0.09479444229130525	0.8249980651342261	1.3628492147518392	0.6476160065745407	2652.461877605376	2155.147879586022	0.11373110835512007	6.550002537630926	15.699613509902616
	gen14ind19	435.4113648999318	0.0927254258820003	0.7952922042721399	1.350106665593224	0.6273667903014888	2797.997888601683	2012.8651048717998	0.1512126302965176	6.577693841362884	15.606729003825928
	gen13ind9	435.45448506672574	0.09235368324346992	0.8249980651342261	1.4172614310010017	0.6489284977321009	2598.8155718829744	2356.296791654385	0.038745491927772116	6.531120330705777	15.811571091571713
	gen10ind17	435.66480075995656	0.09536020021489677	0.8249980651342261	1.3402867584119815	0.6476160065745407	2652.461877605376	2155.147879586022	0.09837672631058558	6.550002537630926	15.765955157691257
	gen16ind10	435.7018396053014	0.09879316844877023	0.8124176401751306	1.3854116710916968	0.6476160065745407	2625.6387247441753	2074.1779792066945	0.09837672631058558	6.534668301195789	15.68709875946081
	gen13ind7	435.78223545712734	0.09728990996305681	0.8249980651342261	1.4238990073862068	0.6476160065745407	2652.461877605376	2155.147879586022	0.09837672631058558	6.550002537630926	15.737600986542487
	gen12ind9	435.8615973451536	0.09235368324346992	0.8249980651342261	1.4172614310010017	0.6476160065745407	2598.8155718829744	2155.147879586022	0.038745491927772116	6.539639353327358	15.811571091571713
	gen18ind18	435.90357150068894	0.08645738180935718	0.7934213628859188	1.272965217185328	0.6241675931049355	3048.0144502992835	2237.365468769959	0.12263060120066638	6.574376834046877	15.606339635125401
	gen18ind16	435.90462451041776	0.0866576833152304	0.7934213628859188	1.272965217185328	0.6243316544996306	3048.0144502992835	2184.444123866759	0.12263060120066638	6.574376834046877	15.606339635125401
	gen16ind13	435.9954147141617	0.0866576833152304	0.7934213628859188	1.272965217185328	0.6243316544996306	3048.0144502992835	2143.9591736770954	0.12263060120066638	6.574376834046877	15.606339635125401
	gen16ind5	436.0652373286184	0.09401545873649045	0.8260402947796754	1.3402867584119815	0.6515534800472215	2797.4823418947917	2280.5681032835137	0.09271939494679027	6.550002537630926	15.78569163500635
	gen18ind3	436.1809101629915	0.0866576833152304	0.7934213628859188	1.272965217185328	0.6243316544996306	3048.0144502992835	2103.4742234874316	0.12468478534796684	6.574376834046877	15.606339635125401
	gen18ind6	436.61440322083445	0.08606046960119543	0.7934213628859188	1.272965217185328	0.6243316544996306	3048.0144502992835	2143.9591736770954	0.12468478534796684	6.574376834046877	15.63727399437888
	gen16ind11	436.65865693815016	0.09085823574436305	0.8249980651342261	1.3402867584119815	0.649584743310881	2748.3588143193415	2067.120463269973	0.015356957502068946	6.550002537630926	15.662117295632836
	gen14ind12	436.82265413977063	0.09235368324346992	0.8249980651342261	1.4172614310010017	0.6489284977321009	2535.9462511397523	2275.3268912750573	0.09360118499036942	6.505693527535479	15.811571091571713
	gen18ind4	436.87410695095315	0.08582679556872014	0.7934213628859188	1.272965217185328	0.6243316544996306	2973.2428290811	2244.5336297112767	0.12263060120066638	6.574376834046877	15.629147602065629
	gen17ind7	436.9484152837191	0.09495998917351448	0.8501589150524173	1.3384402064461565	0.6476160065745407	2788.240340088005	2470.2799976699957	0.2668896223018142	6.575579803273246	15.868552716703206
	gen19ind18	437.0032464460228	0.09731591920057345	0.8042937832568855	1.3854116710916968	0.6486003749427108	2872.503036731061	1969.5675776084167	0.006499580760715773	6.5092523749929745	15.737702519082376
	gen16ind2	437.1843069779703	0.09457049739610707	0.8501589150524173	1.3402867584119815	0.6476160065745407	2812.214574266496	2470.2799976699957	0.2648354381545137	6.575579803273246	15.868552716703206
	gen14ind6	437.4127006869518	0.09401545873649045	0.8331219220524713	1.2981708258718418	0.6482722521533208	2748.3588143193415	2341.9604697717496	0.06533571466417654	6.550002537630926	15.663234281043692
	gen16ind12	437.42937491112576	0.09798450317093803	0.816874208215981	1.3854116710916968	0.6476160065745407	2855.4516444619935	1991.7449158451086	0.0647012872411778	6.534668301195789	15.617787154586921
	gen18ind13	437.435628691788	0.09842988713379286	0.8249980651342261	1.3140089082431625	0.6472878837851506	2652.461877605376	2155.147879586022	0.11997560691279047	6.534472909508759	15.700615934027875
	gen16ind16	437.54808749218245	0.09401545873649045	0.8365362604478724	1.314595974521652	0.6489284977321009	2682.1838944748233	2155.147879586022	0.05225984117097082	6.56812809723747	15.796720907457843
	gen13ind19	437.59486486644056	0.0927254258820003	0.8249980651342261	1.350106665593224	0.6463035154169804	2652.461877605376	2222.755134336927	0.09837672631058558	6.550002537630926	15.602055814769642
	gen15ind8	437.7751221115224	0.09436486947628367	0.8480744557615187	1.4103257009994827	0.6423660419442996	2502.8299058055495	2320.014006309194	0.17244662329571842	6.525227197733215	16.01109235237382
	gen19ind4	437.7894380413753	0.09879316844877023	0.8146459241955558	1.410914986328311	0.6482722521533208	2762.4824571682184	2102.842678786883	0.09426835801598465	6.523059082084199	15.668694491518284
	gen15ind2	437.89563070841024	0.09476476056828786	0.816874208215981	1.3854116710916968	0.6482722521533208	2855.4516444619935	2074.1779792066945	0.06856110911917884	6.532894315950783	15.72352543350799
	gen17ind8	437.9100171127094	0.0866576833152304	0.7934213628859188	1.272965217185328	0.6243316544996306	3154.220731889078	2143.9591736770954	0.12263060120066638	6.5965313390946	15.606339635125401
	gen16ind8	437.9839244841157	0.09235368324346992	0.8249980651342261	1.4172614310010017	0.6393781044770075	2569.361688247984	2226.579158704312	0.09360118499036942	6.525204276581243	15.790471336348947
	gen12ind10	438.0078511204751	0.08966420028665725	0.8249980651342261	1.3294453049595127	0.6469597609957605	2748.3588143193415	2046.3126259643882	0.05225984117097082	6.550002537630926	15.667999379407078
	gen11ind3	438.36013368674423	0.09536020021489677	0.8501589150524173	1.3402867584119815	0.6476160065745407	2652.461877605376	2361.629680920363	0.22832565497616678	6.575579803273246	15.861338423556397
	gen15ind3	438.5627693057607	0.08869934541257724	0.8310374627615728	1.2981708258718418	0.6463035154169805	2855.6514257641443	2341.9604697717496	0.06533571466417654	6.562189685838901	15.663234281043692
	gen19ind15	438.6173726837495	0.09827111175990344	0.8146459241955558	1.3658055163620753	0.6476980372718881	2762.4824571682184	1981.3878282178919	0.16540537479067663	6.534668301195789	15.799469705049443
	gen15ind12	438.78350026415035	0.09235368324346992	0.8249980651342261	1.449301456126658	0.649584743310881	2540.5577586501627	2543.178006921131	0.038745491927772116	6.531120330705777	15.811571091571713
	gen17ind13	438.82514682740555	0.09401545873649045	0.8001423605200016	1.3402867584119815	0.6280230358802689	3027.4420513280766	2353.198888817673	0.21231484632161862	6.570458288669654	15.661626033262742
	gen17ind11	439.0566037055868	0.09214045761224662	0.8501589150524173	1.3562116383666338	0.6476160065745407	2652.461877605376	2421.7191867648808	0.22832565497616678	6.575579803273246	15.89832347607101
	gen17ind9	439.0864262628904	0.09813798049563578	0.860403230477985	1.4411657386635484	0.6655683633218621	2700.4103459623584	2133.654299418069	0.09426835801598465	6.511499068907952	15.929168292168587
	gen16ind9	439.1630936027812	0.09640431359263034	0.8249980651342261	1.428369186259368	0.6482722521533208	2698.2278618248656	2155.147879586022	0.08182691194577768	6.5180562081546345	15.737600986542487
	gen17ind10	439.28559024913756	0.09536020021489677	0.8501589150524173	1.3402867584119815	0.6482722521533208	2625.6387247441753	2361.629680920363	0.22832565497616678	6.575579803273246	15.861338423556397
	gen15ind13	439.2909432850635	0.08472708578119452	0.8021198296882257	1.306882848619655	0.6273667903014888	2859.8166127369796	2155.147879586022	0.12325961845099953	6.577854789318817	15.565942933132426
	gen15ind15	439.3519268252879	0.09457049739610707	0.8501589150524173	1.3402867584119815	0.6476160065745407	2652.461877605376	2570.854453704177	0.277355476090109	6.575579803273246	15.912575545735066
	gen14ind13	439.39136524879706	0.08867479553283988	0.8249980651342261	1.4101130814801832	0.6489284977321009	2663.906696255146	2356.296791654385	0.038745491927772116	6.532954393498974	15.811571091571713
	gen19ind17	440.5547238972314	0.09188015987145581	0.8249980651342261	1.3280872362319898	0.6479441293639308	2652.461877605376	2149.5535266315587	0.09221417386868419	6.534472909508759	15.687437490460683
	gen18ind17	440.57836404297836	0.09720924924329288	0.8249980651342261	1.3356914873917733	0.6476160065745407	2504.9099649093055	2074.1779792066945	0.06342056222189588	6.534668301195789	15.737600986542487
	gen15ind1	440.6889094511432	0.09495665151670896	0.8480744557615187	1.3884423195602	0.6423660419442996	2607.7612375258013	2320.014006309194	0.19643636853847013	6.539519198230975	15.873102591104882
	gen15ind11	440.86772454909203	0.08956820288987292	0.8269755343024502	1.3181532426251201	0.6463035154169804	2701.585405180826	2321.755782384254	0.05807753914503061	6.5597043317012975	15.534495276061667
	gen15ind7	441.62088905765813	0.09297212929948517	0.8356466034544066	1.3273925269258324	0.6423660419442996	2554.2148224544753	2320.014006309194	0.19643636853847013	6.539519198230975	15.873102591104882
	gen13ind14	441.6514165471867	0.09297212929948517	0.8480744557615187	1.3658798632203424	0.6423660419442996	2554.2148224544753	2320.014006309194	0.19643636853847013	6.539519198230975	15.873102591104882
	gen11ind10	441.8347313456706	0.09535233308357499	0.8249980651342261	1.3402867584119815	0.6293355270378291	2717.5530019775474	2155.147879586022	0.020781059632258514	6.550002537630926	15.765955157691257
	gen15ind9	442.2339163612117	0.0968634587006102	0.8249980651342261	1.3017994221174716	0.6469597609957605	2679.2850304665762	2157.8143242190113	0.09837672631058558	6.57223227391466	15.7908388236836
	gen18ind10	442.31257897046	0.09235368324346992	0.8092097140100725	1.4172614310010017	0.6489284977321009	2598.8155718829744	2391.1873888895852	0.038745491927772116	6.531120330705777	15.811571091571713
	gen6ind4	442.3204347840756	0.0866576833152304	0.8208291465524291	1.318603851507044	0.6436785331018599	2867.0471004949814	2143.9591736770954	0.12263060120066638	6.574376834046877	15.665426866988039
	gen17ind14	442.3284908671842	0.09120004877275639	0.8371838505115938	1.3140957058264942	0.648928497732101	2620.040778029832	2483.0198759955947	0.0355200974727698	6.54822855238592	15.707257110075552
	gen14ind15	442.3403637775191	0.08956820288987292	0.8208291465524291	1.3283697554427212	0.6463035154169804	2701.585405180826	2222.755134336927	0.08672498241327553	6.5597043317012975	15.53559156903384
	gen13ind16	442.7552585099294	0.09455153493706457	0.8147897489250826	1.3531813807496893	0.6476160065745407	2652.461877605376	1901.5644607415657	0.09837672631058558	6.550002537630926	15.770628346747543
	gen15ind18	443.0253510539933	0.08956820288987292	0.8208291465524291	1.3220205142073946	0.6463035154169804	2701.585405180826	2222.755134336927	0.08672498241327553	6.5597043317012975	15.515645553144829
	gen14ind17	443.59467135901593	0.0866576833152304	0.8301022232387979	1.350106665593224	0.6463035154169804	2652.461877605376	2252.187777248293	0.12819234350199232	6.543939485569517	15.649773355018311
	gen13ind15	443.61469601883636	0.0866576833152304	0.8249980651342261	1.3259900593703446	0.6463035154169804	2878.5410630636848	2384.506066075374	0.11441386461146452	6.5536706632173205	15.504008127178363
	gen13ind6	444.42675498043593	0.0866576833152304	0.7932077449812414	1.350106665593224	0.6267105447227086	2797.997888601683	2087.153682436916	0.14538675834786258	6.577693841362884	15.504008127178363
	gen11ind6	444.58851000416433	0.08934716627204306	0.8480744557615187	1.3501284561772524	0.6423660419442996	2567.960615622247	2320.014006309194	0.1906104965898151	6.5597043317012975	15.873102591104882
	gen14ind10	444.738424276913	0.09116662732455144	0.8352063813433697	1.3413946428454107	0.6453191470488102	2652.461877605376	2246.1647607817413	0.116329535704281	6.51899422658296	15.504008127178363
	gen16ind19	444.7831164730321	0.08464347937498921	0.8208291465524291	1.318603851507044	0.64400665589125	2968.54198392329	2143.9591736770954	0.12263060120066638	6.574376834046877	15.658389090470791
	gen12ind14	445.3232729964697	0.08971729352202593	0.8352063813433697	1.3413946428454107	0.6463035154169804	2652.461877605376	2415.1620774771177	0.09837672631058558	6.51899422658296	15.504008127178363
	gen12ind6	445.88661934816486	0.09092182536403418	0.8249980651342261	1.3402867584119815	0.6280230358802689	2717.5530019775474	1951.2017910404275	0.020781059632258514	6.5682832599428895	15.765955157691257
	gen9ind13	446.0205753298836	0.0866576833152304	0.8249980651342261	1.350106665593224	0.6463035154169804	2652.461877605376	2222.755134336927	0.09837672631058558	6.550002537630926	15.504008127178363
	gen19ind6	446.2587555119991	0.09522997390484977	0.8249980651342261	1.440885143996412	0.6594222440066908	2652.461877605376	1952.888945481408	0.08316851264459449	6.5120853998333175	15.737600986542487
	gen10ind19	446.65623770879466	0.08531294183682406	0.8249980651342261	1.350106665593224	0.6463035154169804	2652.461877605376	2222.755134336927	0.08769026641063132	6.550002537630926	15.53197805988024
	gen12ind7	446.96919389193096	0.0866576833152304	0.8249980651342261	1.3368315128228137	0.6489284977321009	2652.461877605376	2390.100419029837	0.09837672631058558	6.550002537630926	15.625635264322238
	gen13ind5	447.80535310557946	0.08754166429710933	0.8352063813433697	1.3413946428454107	0.6453191470488102	2652.461877605376	2415.1620774771177	0.09837672631058558	6.51899422658296	15.504008127178363
	gen10ind1	448.0373224963477	0.08934716627204306	0.8208291465524291	1.3501284561772524	0.6423660419442996	2567.960615622247	1831.5078270372667	0.1906104965898151	6.5597043317012975	15.737399241105244
	gen15ind19	448.1482022650421	0.09003375959737284	0.8531786138660905	1.3943457135855892	0.6430222875230798	2554.2148224544753	2320.014006309194	0.19643636853847013	6.539519198230975	15.893573963516967
	gen7ind12	448.8630884489297	0.0866576833152304	0.8208291465524291	1.318603851507044	0.6463035154169804	2652.461877605376	2222.755134336927	0.08672498241327553	6.5597043317012975	15.532159233247357
	gen12ind16	449.23492136508605	0.092008502788117	0.8135073168156749	1.361916215070167	0.6436785331018599	2545.0709783227067	1820.4573102002012	0.1603225137833817	6.562189685838901	15.522700883403507
	gen11ind12	449.40838752349987	0.0823064248653972	0.8249980651342261	1.350106665593224	0.6443347786806399	2652.461877605376	2222.755134336927	0.08769026641063132	6.554853434666112	15.53197805988024
	gen12ind3	449.4565374395668	0.0900496450791379	0.8294546331750766	1.3279904747029587	0.6469597609957605	2652.461877605376	2155.147879586022	0.20990655153298393	6.550002537630926	15.85657464781655
	gen14ind2	449.52874849671883	0.07568994280855712	0.7752866559057772	1.2941344024482653	0.6071175740284368	3008.674167889095	2057.652414444531	0.20754078178835628	6.582043952264446	15.61942652281721
	gen12ind18	449.86321182306654	0.07781075956440996	0.7752866559057772	1.310249547619269	0.6071175740284368	3008.674167889095	2143.9591736770954	0.20754078178835628	6.574376834046877	15.602912842714684
	gen12ind15	450.12091920278175	0.0866576833152304	0.8208291465524291	1.326969050686833	0.6463035154169804	2652.461877605376	2021.6062222685641	0.11769787614967359	6.5597043317012975	15.54150561135993
	gen12ind13	450.139442982526	0.09995544764531986	0.8412457789707163	1.3011798060114175	0.6463035154169804	2472.5615293504493	2528.773059957477	0.12452847329699701	6.503675466416182	15.755706558468006
	gen17ind4	451.0547562019783	0.09457049739610707	0.8666486958186521	1.3192287921419117	0.6476160065745407	2812.214574266496	2470.2799976699957	0.2648354381545137	6.575579803273246	15.868552716703206
	gen9ind8	451.1718930772895	0.0776381693367335	0.7752866559057772	1.318603851507044	0.6071175740284368	2997.2293492393246	2143.9591736770954	0.19239679038513957	6.574376834046877	15.602912842714684
	gen9ind3	451.58237955775235	0.0866576833152304	0.8208291465524291	1.3668370639528022	0.6436785331018599	2545.0709783227067	1820.4573102002012	0.1603225137833817	6.567040582874087	15.522700883403507
	gen7ind16	451.90499292611685	0.0866576833152304	0.8208291465524291	1.3668370639528022	0.6436785331018599	2545.0709783227067	1820.4573102002012	0.1603225137833817	6.574376834046877	15.522700883403507
	gen15ind0	452.342689546438	0.07568994280855712	0.7701824978012054	1.2941344024482653	0.6089222493700821	3014.39657721398	2057.652414444531	0.17772516459694954	6.589024035722453	15.61942652281721
	gen14ind16	452.49460889977667	0.0882750138708948	0.8391613196798178	1.3011798060114175	0.6463035154169804	2579.854140795252	2528.773059957477	0.1366554107420374	6.533086580558079	15.518104912104253
	gen16ind17	452.7562212941029	0.0968217832995429	0.856467777259859	1.3402867584119815	0.6489284977321009	2615.3399328720225	2155.147879586022	0.05225984117097082	6.530491788585162	15.765955157691257
	gen10ind5	453.0046760470063	0.08900198581669014	0.8135073168156749	1.3668370639528022	0.6436785331018599	2545.0709783227067	1820.4573102002012	0.1603225137833817	6.567040582874087	15.522700883403507
	gen13ind12	453.3097814320109	0.08376525688164635	0.8412457789707163	1.3011798060114175	0.6463035154169804	2644.9452651674237	2489.3750796275613	0.12452847329699701	6.533086580558079	15.567536037981021
	gen13ind17	453.65200923251086	0.09015583154987526	0.8561983126797639	1.3501284561772524	0.6423660419442996	2478.0104414947837	2320.014006309194	0.20368637008302082	6.551246353164874	15.88717814413938
	gen8ind6	453.6743750385284	0.08934716627204306	0.8208291465524291	1.3668370639528022	0.6436785331018599	2460.6680041774443	1820.4573102002012	0.1906104965898151	6.5597043317012975	15.737399241105244
	gen11ind7	453.8529646306544	0.0866576833152304	0.8171682316840521	1.3668370639528022	0.6436785331018599	2545.0709783227067	1820.4573102002012	0.1603225137833817	6.578044959633272	15.584648295447362
	gen11ind9	453.8576582959529	0.0866576833152304	0.8208291465524291	1.3668370639528022	0.6436785331018599	2497.3714351868075	1820.4573102002012	0.1603225137833817	6.574376834046877	15.522700883403507
	gen12ind11	453.86817294986616	0.07881032058746337	0.7716257410374001	1.3427204577299232	0.6071175740284368	2943.53389959799	2143.9591736770954	0.19239679038513957	6.574376834046877	15.602912842714684
	gen13ind18	454.1416931727529	0.08515442482951696	0.8208291465524291	1.3222969554386945	0.6463035154169804	2604.513409248393	2222.755134336927	0.10978342498308291	6.5597043317012975	15.510977175704937
	gen12ind5	454.41126334956596	0.0866576833152304	0.8229136058433276	1.377678517405271	0.6436785331018599	2437.778366877904	1826.0516631546645	0.1603225137833817	6.574376834046877	15.572965028755117
	gen14ind3	454.7660447688592	0.0882750138708948	0.8412457789707163	1.318832308760654	0.6463035154169804	2472.5615293504493	2528.773059957477	0.12452847329699701	6.533086580558079	15.64895566292942
	gen12ind12	455.7728151442887	0.08098364220657385	0.8391549456708003	1.2734789388273287	0.6469597609957605	2759.8036329691117	2222.755134336927	0.08672498241327553	6.574337126204444	15.532159233247357
	gen13ind4	455.8404753065674	0.07655975729622641	0.8208291465524291	1.318603851507044	0.6443347786806399	2814.0692282469236	2481.9538070678486	0.08672498241327553	6.60774154493133	15.532159233247357
	gen15ind10	455.90610201812285	0.081899423283942	0.8178094477387559	1.331009664160528	0.6463035154169804	2679.95346394092	2481.9538070678486	0.08672498241327553	6.590372804571571	15.649677622104209
	gen11ind16	456.1209046398363	0.07272630461184201	0.8504462202391316	1.3274665579558265	0.6436785331018599	2760.993068160999	2293.8623223776654	0.11254088855122002	6.6479009279954	16.098432466834232
	gen12ind4	456.34142329673375	0.07306403465601896	0.8252853703209405	1.3490851193219975	0.6449910242594201	2760.993068160999	2293.8623223776654	0.017408040114361173	6.635713779787424	16.048888862561245
	gen15ind6	456.40032812673525	0.07568994280855712	0.7637484605921309	1.2813378500440848	0.6071175740284368	3008.674167889095	1975.2193510829452	0.20754078178835628	6.587285621964421	15.5658528061104
	gen10ind13	456.6050516811258	0.08963560018998906	0.846631212525324	1.3395319648665653	0.6449910242594201	2599.332958299911	2246.1603217395696	0.09837672631058558	6.550002537630926	15.504008127178363
	gen14ind9	456.9410904467524	0.0882750138708948	0.8412457789707163	1.3011798060114175	0.6463035154169804	2521.6850569258995	2446.339996595891	0.12452847329699701	6.538328250258054	15.532159233247357
	gen14ind7	456.9742747851508	0.07881032058746337	0.7716257410374001	1.3427204577299232	0.6097425563435573	2943.53389959799	2061.5261103155094	0.19239679038513957	6.579618503746852	15.535162040433487
	gen12ind0	457.96741682409925	0.07940775726034617	0.8208291465524291	1.318603851507044	0.6463035154169804	2679.95346394092	2481.9538070678486	0.08672498241327553	6.590372804571571	15.532159233247357
	gen16ind18	458.1580758054525	0.07568994280855712	0.7682050286329813	1.3275383122405917	0.6089222493700821	3014.39657721398	2057.652414444531	0.16559822715190914	6.569169769296909	15.61942652281721
	gen14ind14	459.0051839889001	0.07881032058746337	0.7614174248282566	1.3427204577299232	0.6071175740284368	2943.53389959799	2120.549547232281	0.17349504494327883	6.603019946053623	15.602912842714684
	gen16ind6	459.0328654582792	0.09235368324346992	0.8249980651342261	1.4172614310010017	0.6686034991237203	2598.8155718829744	2356.296791654385	0.01583653581111323	6.503055470819942	15.863620546917103
	gen13ind11	459.3231272106478	0.07157042676996359	0.7752866559057772	1.318603851507044	0.6077738196072169	2997.2293492393246	2143.9591736770954	0.19239679038513957	6.574376834046877	15.602912842714684
	gen11ind5	459.5566570044342	0.08215579345730373	0.8208291465524291	1.318603851507044	0.6436785331018599	2974.339711939784	2143.9591736770954	0.25306217186492547	6.595103202654012	15.789363265548504
	gen9ind18	459.6625915559723	0.08215579345730373	0.8208291465524291	1.318603851507044	0.6436785331018599	2974.339711939784	2143.9591736770954	0.25306217186492547	6.595103202654012	15.796401042065753
	gen14ind5	459.9567885349171	0.08453686655937756	0.8157249884478573	1.3024887063360402	0.6463035154169804	2652.461877605376	2222.755134336927	0.08672498241327553	6.567371449918866	15.548672913349886
	gen10ind2	460.52813607385053	0.0882750138708948	0.8412457789707163	1.3011798060114175	0.6463035154169804	2472.5615293504493	2528.773059957477	0.12452847329699701	6.533086580558079	15.532159233247357
	gen14ind1	461.10831650766426	0.08783302337995533	0.8412457789707163	1.3011798060114175	0.6463035154169804	2472.5615293504493	2432.5695883873814	0.11870260134834199	6.553441633117248	15.532159233247357
	gen15ind4	461.50360781918425	0.09079748360091543	0.8249980651342261	1.4238990073862068	0.6267105447227086	2652.461877605376	2005.8256909810952	0.09837672631058558	6.5745473170136615	15.737600986542487
	gen9ind19	461.5488655495608	0.0866576833152304	0.8451879692891293	1.2974544500537268	0.6436785331018599	2546.204038994446	2244.856168011058	0.2729128533549515	6.610290089356707	15.540398818441329
	gen13ind13	462.21812103776506	0.09258440367635404	0.8249980651342261	1.350106665593224	0.6662246089006423	2652.461877605376	2222.755134336927	0.020736256001892855	6.550002537630926	15.53655139552456
	gen10ind3	462.3332957729106	0.07055298299273152	0.7752866559057772	1.318603851507044	0.6071175740284368	3057.70162025674	2238.609738192338	0.0480953578509174	6.574376834046877	15.602912842714684
	gen16ind3	463.3282355559666	0.08197135489948826	0.7701824978012054	1.3526424818315412	0.619046857506608	2910.719209648178	2057.652414444531	0.17772516459694954	6.589024035722453	15.61942652281721
	gen11ind17	463.4098170449375	0.0866576833152304	0.8517353706298958	1.3668370639528022	0.6436785331018599	2545.0709783227067	1820.4573102002012	0.12764677674393754	6.570708708460482	15.594063875195772
	gen15ind14	464.11930250711436	0.07301961120673184	0.7752866559057772	1.2941344024482653	0.6175703049543528	2866.8446645179097	2158.2268704787125	0.16237078255241505	6.582043952264446	15.61942652281721
	gen12ind1	465.078715640473	0.07765390359937704	0.8559042892116928	1.2765872385933719	0.6449910242594201	2759.7544890501786	2987.568063975353	0.3475881237417937	6.5877871492588005	15.704051835385375
	gen13ind0	465.1128211809493	0.07563121338836006	0.7716257410374001	1.3559956105003335	0.6071175740284368	2943.53389959799	2143.9591736770954	0.19239679038513957	6.574376834046877	15.518714294429191
	gen11ind13	465.3847689237367	0.08900198581669014	0.8135073168156749	1.3668370639528022	0.6436785331018599	2652.3635897675094	1820.4573102002012	0.2907540844476408	6.587766951481222	15.66071283499847
	gen13ind2	465.6150547397634	0.07828358994024137	0.8412457789707163	1.2798341993305307	0.6463035154169804	2618.0975403467564	2528.773059957477	0.171538505334274	6.533086580558079	15.532159233247357
	gen12ind17	465.9020439324331	0.08220727130412489	0.8412457789707163	1.3011798060114175	0.6443347786806399	2472.5615293504493	2528.773059957477	0.1366554107420374	6.5452737287660545	15.503927826529868
	gen11ind15	466.7892912708679	0.07765390359937704	0.8501589150524173	1.2765872385933719	0.6449910242594201	2759.7544890501786	2786.4191519069905	0.3475881237417937	6.596306171880381	15.713398213497946
	gen11ind8	468.9343086794554	0.0882750138708948	0.8412457789707163	1.3262536129667564	0.6463035154169804	2311.573468264312	2528.773059957477	0.12452847329699701	6.533086580558079	15.532159233247357
	gen11ind11	469.00002526108335	0.07779666787614875	0.8208291465524291	1.3559956105003335	0.6436785331018599	2545.0709783227067	1814.8629572457378	0.2073325458206587	6.5865639822548525	15.522700883403507
	gen10ind11	470.0530521570151	0.061045870837416964	0.8504462202391316	1.3382436658695287	0.6436785331018599	2760.993068160999	2293.8623223776654	0.11254088855122002	6.6479009279954	16.098432466834232
	gen3ind17	470.2922918027569	0.0632968157663803	0.8504462202391316	1.3382436658695287	0.6436785331018599	2622.0412741150426	2333.260302707581	0.11254088855122002	6.6479009279954	16.098432466834232
	gen11ind14	470.3549432392129	0.06487538995614048	0.8252853703209405	1.3382436658695287	0.6449910242594201	2760.993068160999	2293.8623223776654	0.017408040114361173	6.6479009279954	15.96736770507296
	gen9ind0	471.2304978626383	0.0632968157663803	0.8504462202391316	1.3382436658695287	0.6436785331018599	2600.054150993795	2333.260302707581	0.11254088855122002	6.6479009279954	16.098432466834232
	gen8ind17	472.04012753187266	0.0866576833152304	0.7935838373433395	1.318603851507044	0.6436785331018599	2867.0471004949814	2143.9591736770954	0.11817306969740393	6.574376834046877	15.594063875195772
	gen14ind0	472.1124440447033	0.08220727130412489	0.8412457789707163	1.283527303262181	0.6463035154169804	2472.5615293504493	2535.2609115725877	0.1480334893156355	6.533086580558079	15.584637196434706
	gen10ind14	473.9024652056104	0.07765390359937704	0.8732353056797099	1.2765872385933719	0.6436785331018599	2867.0471004949814	2797.469668744056	0.3475881237417937	6.601157068915567	15.808183136437282
	gen9ind2	474.4573561161817	0.0866576833152304	0.8412457789707163	1.318603851507044	0.6463035154169804	2396.878956587867	2501.729750193139	0.3779285746020262	6.528477582933229	15.532159233247357
	gen8ind4	474.6943371950184	0.0866576833152304	0.8004125141341419	1.3668370639528022	0.6436785331018599	2545.0709783227067	1265.17594397749	0.1603225137833817	6.574376834046877	15.539548302851232
	gen8ind10	476.99906378946775	0.07765390359937704	0.8753197649706084	1.2765872385933719	0.6436785331018599	2867.0471004949814	2797.469668744056	0.3475881237417937	6.601157068915567	15.794107583402784
	gen9ind11	477.1638877069905	0.07765390359937704	0.8753197649706084	1.2765872385933719	0.6436785331018599	2867.0471004949814	2242.1883025213447	0.3475881237417937	6.621359243146872	15.794107583402784
	gen10ind15	478.5850236016668	0.07765390359937704	0.8753197649706084	1.3007038448162511	0.6436785331018599	2867.0471004949814	2635.718737005609	0.3475881237417937	6.601157068915567	15.722744591610518
	gen10ind16	479.6079705559065	0.07765390359937704	0.8753197649706084	1.2765872385933719	0.6436785331018599	2867.0471004949814	2242.1883025213447	0.3475881237417937	6.577260944999821	15.794107583402784
	gen9ind14	480.1319972676377	0.08070184956571305	0.8019216745069335	1.318603851507044	0.6463035154169804	2652.461877605376	2198.045793205772	0.08672498241327553	6.5597043317012975	15.558505897094992
	gen5ind16	480.8432074873847	0.07231629810539728	0.8504462202391316	1.3523160542054582	0.6436785331018599	2280.34288293892	2333.260302707581	0.11254088855122002	6.6479009279954	16.098432466834232
	gen13ind3	481.4430353839247	0.0866576833152304	0.8624341947075462	1.350106665593224	0.6463035154169804	2480.0781417884014	2222.755134336927	0.11634115860609918	6.550002537630926	15.504008127178363
	gen12ind8	481.7444505204284	0.0671263348851038	0.823454912886752	1.3382436658695287	0.6449910242594201	2546.3587013524602	2132.1113906392184	0.028961788926410714	6.63937180648503	15.96736770507296
	gen7ind5	482.20979314391593	0.06574223610034235	0.8375048208796172	1.296497249321267	0.6436785331018599	2515.2144679378034	2195.4374857487483	0.16923757678990659	6.51754417783557	15.540398818441329
	gen10ind18	482.23512313923004	0.06574223610034235	0.79992503871294	1.296497249321267	0.6253980535651483	2515.2144679378034	2195.4374857487483	0.20916552770686636	6.51754417783557	15.707360993618446
	gen11ind2	483.5920293259912	0.07765390359937704	0.8774042242615069	1.316455251859341	0.6436785331018599	2867.0471004949814	2635.718737005609	0.35341399569044873	6.596306171880381	15.70866903857602
	gen11ind18	483.59303687077437	0.06464155724478662	0.8504462202391316	1.3382436658695287	0.6436785331018599	2396.8646028350263	2333.260302707581	0.11254088855122002	6.64056467682261	16.134418653892837
	gen10ind8	485.34132569543715	0.07497724954080534	0.8083923741866907	1.3668370639528022	0.6436785331018599	2545.0709783227067	1820.4573102002012	0.1603225137833817	6.618475132193928	15.522700883403507
	gen8ind2	486.56463948993803	0.0866576833152304	0.8150561736076504	1.318603851507044	0.6436785331018599	2501.096732080211	2143.9591736770954	0.30232159283458326	6.574376834046877	15.534745411469025
	gen9ind10	488.69140424981674	0.09833811708965545	0.8753197649706084	1.2808054669677096	0.6436785331018599	2829.1284829346832	2244.856168011058	0.19758592090924987	6.609906089079648	15.575539004734276
	gen7ind17	490.3826543893386	0.08673955234288759	0.8201693413906977	1.296497249321267	0.6033193878808292	2370.572680918385	2244.856168011058	0.16923757678990659	6.5597043317012975	15.540398818441329
	gen9ind6	493.8732033517077	0.06426289377860209	0.8375048208796172	1.2696863661199622	0.6436785331018599	2477.1120916626564	2396.586397817111	0.11614151700275699	6.51754417783557	15.540398818441329
	gen14ind4	495.6208703567532	0.07881032058746337	0.7488544957140741	1.3427204577299232	0.612475396665835	3115.9176354149645	2143.9591736770954	0.2452326943710716	6.574376834046877	15.602912842714684
	gen6ind8	497.4884587870626	0.07765390359937704	0.8753197649706084	1.2536838218697646	0.6436785331018599	2867.0471004949814	2244.856168011058	0.16923757678990659	6.579107919842041	15.721729079126028
	gen7ind14	498.7027246235662	0.0866576833152304	0.8753197649706084	1.296497249321267	0.6436785331018599	2546.204038994446	2244.856168011058	0.16923757678990659	6.602953838183917	15.540398818441329
	gen8ind11	499.0685781075005	0.08961636795871092	0.8208291465524291	1.3722256179096535	0.6071175740284368	2728.6666301556697	1820.4573102002012	0.19291710198757472	6.574376834046877	15.542237095010323
	gen10ind4	500.0647642660958	0.07765390359937704	0.8620022556700302	1.2765872385933719	0.6240855624075881	3039.4308363119558	2242.1883025213447	0.3475881237417937	6.628695494319662	15.794107583402784
	gen5ind7	501.064464119808	0.0866576833152304	0.8753197649706084	1.3166894500421242	0.6436785331018599	2867.0471004949814	2244.856168011058	0.16923757678990659	6.5597043317012975	15.665426866988039
	gen12ind19	501.5775631814914	0.06836717903068704	0.8208291465524291	1.3559956105003335	0.6436785331018599	2357.928197849712	1814.8629572457378	0.2073325458206587	6.612962844925546	15.522700883403507
	gen10ind6	501.72961102446334	0.06574223610034235	0.8226962840362659	1.296497249321267	0.6436785331018599	2476.729320041635	1939.0359894950584	0.16923757678990659	6.519217869138691	15.747466973274033
	gen13ind8	501.87258181463403	0.08596894069547079	0.7835474540968786	1.3505208194009835	0.6436785331018599	2717.454714139681	1684.85585830019	0.1603225137833817	6.562189685838901	15.572153241171668
	gen11ind4	503.8788463963802	0.0866576833152304	0.8753197649706084	1.3166785547501099	0.6436785331018599	2909.2977314865457	2244.856168011058	0.16923757678990659	6.554853434666112	15.665426866988039
	gen6ind3	504.9456930163252	0.0866576833152304	0.8753197649706084	1.296497249321267	0.6436785331018599	2515.2144679378034	2244.856168011058	0.16923757678990659	6.5597043317012975	15.540398818441329
	gen8ind9	511.29228669684005	0.0866576833152304	0.8753197649706084	1.3166894500421242	0.6436785331018599	2867.0471004949814	2244.856168011058	0.09497103970449339	6.5597043317012975	15.665426866988039
	gen9ind5	516.6467402043806	0.07296529859645756	0.8150561736076504	1.318603851507044	0.6436785331018599	2405.9353418129704	2143.9591736770954	0.30232159283458326	6.542251700644634	15.534745411469025
	gen8ind12	517.8766007675935	0.08127871740160506	0.9401357480624786	1.3274541428371966	0.6904732834065195	2986.750707278657	3293.9235422431584	0.4399103766936847	6.589049336392455	16.065771423902167
	gen9ind4	523.0324415337918	0.06574223610034235	0.8375048208796172	1.3213279313027932	0.6634432451562449	2500.004166192637	2195.4374857487483	0.18214552985887883	6.51103282630147	15.634406473292078
	gen8ind19	523.8774865460783	0.07619995970778637	0.8836576021342024	1.3166894500421242	0.6436785331018599	2867.0471004949814	2244.856168011058	0.1925410645845267	6.5597043317012975	15.665426866988039
	gen11ind0	524.7861848973614	0.09197610558231105	0.9082993265030779	1.3166894500421242	0.6632715037961316	2604.713190550544	2244.856168011058	0.16923757678990659	6.5390592049568985	15.630050062254377
	gen10ind10	528.3359682256303	0.09383622723172877	0.8877565373363467	1.2858612364040458	0.6436785331018599	2867.0471004949814	2244.856168011058	0.21249465729978023	6.5464334892770335	15.665426866988039
	gen10ind9	528.7050159243186	0.0866576833152304	0.8753197649706084	1.351380756991662	0.6436785331018599	2866.4805701591117	2244.856168011058	0.03867586991870847	6.5597043317012975	15.665426866988039
	gen12ind2	530.7913154353491	0.09879316844877023	0.8613919650620969	1.3560490607470856	0.6293355270378291	2717.5530019775474	2243.1752959020714	0.01988791273459628	6.550002537630926	15.765955157691257
	gen8ind14	535.4626922297259	0.05984453880938205	0.8504462202391316	1.3755681708918672	0.6858329395257505	2876.9942503335888	2254.4643420477496	0.11254088855122002	6.517222825772794	15.824671558701425
	gen9ind1	536.2364115236096	0.07746718845438424	0.8354728060259375	1.3534519424982971	0.6436785331018599	2501.096732080211	2143.9591736770954	0.593525185023334	6.550486336451598	15.534745411469025
	gen7ind11	537.6148786982706	0.08127871740160506	0.9401357480624786	1.3274541428371966	0.7115504866184649	2986.750707278657	3293.9235422431584	0.4399103766936847	6.589049336392455	16.065771423902167
	gen7ind2	537.7235256482838	0.0632968157663803	0.8504462202391316	1.3682652154700963	0.6858329395257505	2622.0412741150426	2333.260302707581	0.11254088855122002	6.502550323427216	15.627085458466029
	gen8ind1	540.7522272114156	0.06415609308204848	0.8504462202391316	1.3682652154700963	0.6858329395257505	2622.0412741150426	2434.4249469174465	0.11254088855122002	6.526835076819099	15.627085458466029
	gen4ind13	542.3220685194062	0.0632968157663803	0.8504462202391316	1.3682652154700963	0.6858329395257505	2622.0412741150426	2333.260302707581	0.11254088855122002	6.502550323427216	15.720174542948854
	gen10ind0	542.8411353080045	0.07765390359937704	0.902565074179698	1.2765872385933719	0.6436785331018599	3028.0351615811187	2797.469668744056	0.3475881237417937	6.597488943329172	15.86547057519505
	gen7ind4	559.5122657228201	0.07025129372603256	0.9567909253131188	1.3346815889889634	0.687809314539017	2573.2612429730543	3293.9235422431584	0.7060784087830381	6.589049336392455	15.872471317067285
	gen9ind12	560.9113735119979	0.06415609308204848	0.8380094478733933	1.404149198544511	0.6858329395257505	2622.0412741150426	2434.4249469174465	0.11254088855122002	6.523366680559252	15.627085458466029
	gen9ind17	563.5367018679804	0.06574223610034235	0.7898428792522404	1.3094683479881546	0.6436785331018599	2515.2144679378034	2195.4374857487483	0.1993015262759536	6.51754417783557	15.558165376173552
	gen8ind3	566.1000840797197	0.07228776658399268	0.9401357480624786	1.3363168492859792	0.6776145098601624	2986.750707278657	2813.5919224753698	0.06062902220114463	6.589049336392455	16.084688123589867
	gen6ind13	592.0920102628236	0.0729757663438111	1.0128263199831353	1.3205182529719637	0.7115504866184649	2829.3006359308038	3464.965827841294	0.7060784087830381	6.709793029363723	16.265975429868803
	gen5ind12	596.6469151395112	0.0729757663438111	1.0128263199831353	1.3205182529719637	0.7115504866184649	2764.755922886209	3464.965827841294	0.7060784087830381	6.709793029363723	16.349677921633734
	gen4ind6	602.6266513433195	0.07383576011427284	1.0128263199831353	1.3205182529719637	0.7115504866184649	2764.755922886209	3293.9235422431584	0.7060784087830381	6.589049336392455	16.06059906745883
	gen2ind3	614.5042469516793	0.07383576011427284	1.0338697219771058	1.2523785001144465	0.734192300354393	3025.320048883521	2993.292189050614	0.38053279909093873	6.589049336392455	16.06059906745883
	gen9ind15	618.4262616355813	0.07619995970778637	0.8836576021342024	1.3016786752418406	0.6226013298899145	2867.0471004949814	2244.856168011058	0.1925410645845267	6.5597043317012975	15.665426866988039
	gen10ind12	621.5367599475765	0.08562944855324808	0.8836576021342024	1.3016786752418406	0.6226013298899145	2867.0471004949814	2150.205603495815	0.26280170624137944	6.533305469030603	15.514411154603799
	gen7ind7	627.1562812535594	0.09414152294538841	1.0153500325547147	1.2454939261729359	0.7463435557744917	2856.968657456093	3702.113121444475	0.7992923599615185	6.5597043317012975	15.688405616613698
	gen8ind13	635.6211695922992	0.0638618574370317	0.9161530298071827	1.3462834205758782	0.6871990648440304	2570.4664813495697	3254.5219061225175	0.9659009269066859	6.538703571379431	15.506703979545879
	gen7ind6	636.8581048570737	0.07909211322832416	0.7601848602032203	1.2536838218697646	0.6436785331018599	3050.6427523279444	1857.250638863818	0.16923757678990659	6.579107919842041	15.656791100712198
	gen5ind3	650.511073688268	0.07210083028291112	1.0189802933133383	1.3166894500421242	0.716800451248706	2300.01600464691	3495.7175309110835	0.7992923599615185	6.5597043317012975	15.665426866988039
	gen5ind6	652.1120354183862	0.043443334558399056	0.9829719609862557	1.3166894500421242	0.6687373853122596	2740.3605368661892	2639.769070262256	0.9299953081192951	6.570690731298834	15.880710902261256
	gen9ind7	654.2531890002693	0.05927291387768473	0.9161530298071827	1.3462834205758782	0.6871990648440304	2355.881258459964	3405.8673976234613	0.8634533000969568	6.538703571379431	15.50953068303203
	gen8ind5	660.0170575802068	0.08074031402826934	0.967913906636704	1.305912342128422	0.7054862303421393	2254.849970449117	3451.515463562822	0.9776429069134056	6.558735259560636	15.665426866988039
	gen7ind8	660.8611330989313	0.0929591511760301	0.9401357480624786	1.3106983457907213	0.7115504866184649	2684.020416228328	3199.2729777279155	0.8711035975363002	6.589049336392455	16.06059906745883
	gen4ind7	663.0265614845505	0.0927033133164413	0.932211832552064	1.3166894500421242	0.716800451248706	2646.4093813677714	3702.113121444475	0.7992923599615185	6.5597043317012975	15.665426866988039
	gen7ind0	672.1394188258535	0.05927291387768473	0.9161530298071827	1.3462834205758782	0.6871990648440304	2355.881258459964	3355.41890045648	0.9299953081192951	6.538703571379431	15.506703979545879
	gen7ind9	672.5147622910946	0.08074031402826934	1.0341337788776035	1.305912342128422	0.716800451248706	2254.849970449117	3451.515463562822	0.9776429069134056	6.5597043317012975	15.665426866988039
	gen9ind16	672.8769433885591	0.06415609308204848	0.8203144245576526	1.3682652154700963	0.6858329395257505	2439.0660899076574	2383.9764497504652	0.11254088855122002	6.526835076819099	15.561744730706522
	gen8ind15	675.4732671147171	0.05927291387768473	0.9161530298071827	1.3462834205758782	0.6871990648440304	2355.881258459964	3879.9525875725303	0.9299953081192951	6.55337607372501	15.506703979545879
	gen9ind9	677.6648598768531	0.0866576833152304	0.8753197649706084	1.2818346975537418	0.6071175740284368	2546.204038994446	1917.833270601675	0.0566145413199558	6.623680206791052	15.604739176648701
	gen3ind5	683.0179027975603	0.08024672171475161	0.8758077921702387	1.2523785001144465	0.6889354167281264	2944.9833007465686	2993.292189050614	0.5112357472487152	6.589049336392455	16.06059906745883
	gen6ind15	683.0484576148316	0.08127871740160506	0.9401357480624786	1.3205182529719637	0.7115504866184649	2684.020416228328	3293.9235422431584	0.8711035975363002	6.589049336392455	16.06059906745883
	gen6ind6	696.6986539250122	0.09169647937152818	0.8758077921702387	1.1923855803356291	0.6889354167281264	2519.75009650627	2993.292189050614	0.20557636908467536	6.589049336392455	16.06059906745883
	gen6ind9	720.318348555751	0.09286705137175569	0.9589295132051394	1.2505891500530006	0.6523477138091137	2261.5865183943233	3013.3262813339516	0.6228968086911	6.658483505766263	15.711384366239358
	gen5ind2	722.6355540769898	0.0927033133164413	1.0692303603649607	1.239148171483625	0.7463435557744917	2550.8700924331606	3702.113121444475	0.7992923599615185	6.5597043317012975	15.688405616613698
	gen8ind16	723.5022345954646	0.07383576011427284	1.0128263199831353	1.316498375618789	0.6897902207473796	2764.755922886209	2782.8442433687087	0.29735119899900053	6.64364801470044	16.356463311103006
	gen6ind11	733.9786073312823	0.07410978462512449	0.8280649587224456	1.348844925005963	0.6640681424595691	2301.0310564020187	2346.2884620968257	0.5866195724141459	6.5597043317012975	15.68434356667574
	gen2ind2	748.4267629452438	0.0953096413223855	0.991782917989165	1.1616068929251258	0.7027647421534313	2430.9626962458215	3131.64575348449	0.47959792121807143	6.658483505766263	15.711384366239358
	gen1ind17	758.2426702169039	0.07383576011427284	1.0338697219771058	1.1035325364242643	0.734192300354393	3196.023992153546	2993.292189050614	0.38053279909093873	6.53703596179572	16.06059906745883
	gen4ind15	762.9378759672184	0.07210083028291112	1.1218075568194938	1.3166894500421242	0.7749715190698117	2421.7806663439715	3495.7175309110835	0.7992923599615185	6.5597043317012975	15.855810600143565
	gen10ind7	770.2923287383205	0.07619995970778637	0.9035810816065378	1.3016786752418406	0.6226013298899145	3050.0222847023665	2295.304665178039	0.056736008074893596	6.564313329326147	15.665426866988039
	gen4ind17	770.3618179086211	0.07383576011427284	1.0338697219771058	1.183764235252856	0.7178456481683089	2944.1247004943843	2452.128010663928	0.3517559495147484	6.544890113413503	15.834384260505269
	gen5ind11	788.357783815326	0.07469575388473458	1.0338697219771058	1.1131369151389057	0.734192300354393	2782.714770388947	2993.292189050614	0.38053279909093873	6.598511507982784	15.801010040889675
	gen5ind13	797.9714528665252	0.06161079697501647	1.0115338676282857	1.1105398519116654	0.734192300354393	2782.714770388947	2993.292189050614	0.05498718939883934	6.522232184988484	15.834564842523793
	gen2ind17	803.6321802508567	0.05317616768277286	1.0587631780872317	1.1035325364242643	0.7701352360695697	3197.2815362217652	3382.1207177814376	0.18519955816776046	6.53703596179572	16.04420904969357
	gen0ind16	815.6783220252262	0.07383576011427284	1.0338697219771058	1.1035325364242643	0.734192300354393	2782.714770388947	2993.292189050614	0.38053279909093873	6.522232184988484	15.801010040889675
	gen6ind18	821.1863885696487	0.08378126405733616	0.9285898021729211	1.305912342128422	0.716800451248706	2254.849970449117	3451.515463562822	0.7992923599615185	6.5597043317012975	15.665426866988039
	gen2ind6	828.617505142477	0.07383576011427284	1.0338697219771058	1.1228142215560744	0.7178456481683089	2863.787952357432	2452.128010663928	0.38053279909093873	6.544890113413503	15.834384260505269
	gen7ind3	863.8840782193997	0.04776644893519129	0.9161530298071827	1.421933012779529	0.716800451248706	2567.0982073769665	3495.7175309110835	0.9299953081192951	6.518658989038107	15.681311330155616
	gen6ind14	866.9471674874701	0.05347874689260941	0.9161530298071827	1.3812479720353599	0.716800451248706	2567.0982073769665	3495.7175309110835	0.9299953081192951	6.503986486692527	15.681311330155616
	gen7ind18	872.2380995470787	0.05347874689260941	0.9161530298071827	1.3758594180785089	0.716800451248706	2567.0982073769665	3473.6164972369525	0.9299953081192951	6.503986486692527	15.681311330155616
	gen7ind15	877.5398455181167	0.09927801297223446	0.8016763495326442	1.248674748588081	0.6523477138091137	2261.5865183943233	3013.3262813339516	0.6228968086911	6.658483505766263	15.551139712409869
	gen5ind17	884.571426398473	0.0927033133164413	0.9111684305580936	1.3336057781377544	0.716800451248706	2264.507505448019	3965.704168026825	0.8488249210250849	6.5739801044769965	15.665426866988039
	gen7ind1	895.8787450002944	0.08837623794656675	0.705065076397818	1.2601055086812076	0.6210500912887266	2595.8338655464004	2346.2884620968257	0.44259126605774424	6.5156060335542465	15.520669858434527
	gen4ind14	900.5733268178342	0.06818199566763991	0.9161530298071827	1.3166894500421242	0.716800451248706	2531.5126165360252	3495.7175309110835	0.9299953081192951	6.524590517444514	15.665426866988039
	gen8ind7	900.8785684972003	0.08837623794656675	0.6722116716137925	1.2708826165949099	0.6155108677846964	2779.4295173793635	2346.2884620968257	0.099215530352595	6.5597043317012975	15.737172658357624
	gen2ind10	921.3894150524645	0.07210083028291112	0.9161530298071827	1.3166894500421242	0.716800451248706	2254.849970449117	3495.7175309110835	0.7992923599615185	6.5597043317012975	15.665426866988039
	gen8ind18	951.0839972073054	0.0632968157663803	0.7842263479982321	1.3500693451500667	0.6858329395257505	2622.0412741150426	2408.68579088162	0.24921773318513885	6.502550323427216	15.617220978462628
	gen3ind2	971.1917798871016	0.04612630165874161	0.8826107424092586	1.2747294374688984	0.6098765685105861	3165.0800283276494	3381.0348101080795	1.2407026967677233	6.757420048703652	16.257911416157516
	gen5ind0	983.909952862123	0.07818273034104474	0.705065076397818	1.3166894500421242	0.6210500912887266	2460.57026079928	2346.2884620968257	0.44259126605774424	6.5597043317012975	15.68434356667574
	gen5ind14	992.742690540678	0.09449535254577282	1.0338697219771058	1.1277742367338655	0.6958375419606211	3137.866733638656	2433.421374721655	0.38053279909093873	6.629931960214864	16.06059906745883
	gen2ind18	993.7425344323175	0.09449535254577282	1.0338697219771058	1.1277742367338655	0.6958375419606211	3194.7664480853264	2604.4636603197905	0.38053279909093873	6.629931960214864	16.06059906745883
	gen6ind10	999.0031272414861	0.0729757663438111	1.0128263199831353	1.3046193523552163	0.7115504866184649	2764.755922886209	3464.965827841294	1.002847168898947	6.680367233562251	16.330761221946034
	gen8ind8	1002.3294263150073	0.0866576833152304	0.7131285294814962	1.3166894500421242	0.6436785331018599	2499.538360925073	2770.954969783585	0.2711636753714928	6.5597043317012975	15.535550910160378
	gen4ind5	1009.9822608878255	0.07383576011427284	1.0338697219771058	1.1228142215560744	0.6917661437389282	2863.787952357432	2452.128010663928	0.38053279909093873	6.544890113413503	15.766674117097534
	gen2ind5	1017.5786363478493	0.0632968157663803	0.7177458623633716	1.3166894500421242	0.6436785331018599	2622.0412741150426	2676.304405268342	0.11254088855122002	6.5597043317012975	15.92517878064336
	gen8ind0	1053.4863324709545	0.0866576833152304	0.9853634977923218	1.3897404806764095	0.6436785331018599	2545.0709783227067	2373.070810933199	0.1603225137833817	6.596425983120403	15.522700883403507
	gen1ind1	1055.4058373704388	0.0953096413223855	0.991782917989165	1.2398120421392984	0.6889086728825368	2261.5865183943233	3594.5548954357027	1.0316240184751375	6.658483505766263	15.711384366239358
	gen2ind11	1067.350390463211	0.0866576833152304	0.6983199926381449	1.3166894500421242	0.6436785331018599	2622.0412741150426	2676.304405268342	0.16923757678990659	6.5597043317012975	15.665426866988039
	gen5ind15	1077.8931817989221	0.08071757386694911	0.9888350619301206	1.2255560856757584	0.6889086728825368	2262.387334029087	3682.959030132226	1.0316240184751375	6.616387123326481	15.821134097545322
	gen5ind19	1098.8114819534715	0.0866576833152304	0.6983199926381449	1.3166894500421242	0.6436785331018599	2622.0412741150426	2676.304405268342	0.2711636753714928	6.5597043317012975	15.535550910160378
	gen6ind0	1108.1733643592374	0.09242820132689414	1.0667231267611315	1.1099609346521984	0.6958375419606211	3194.7664480853264	3185.6922744215417	0.7892600088749763	6.568276754939421	16.06059906745883
	gen6ind16	1172.7511240090926	0.09199049626372105	1.0692303603649607	1.292857862274868	0.7463435557744917	2550.8700924331606	3702.113121444475	1.8416500859870084	6.5597043317012975	15.688405616613698
	gen4ind2	1203.2371142835727	0.09828568639278558	1.0574980286807754	1.2805232767863055	0.6889086728825368	2261.5865183943233	3934.313766845984	1.0316240184751375	6.82287459956343	15.93198951705764
	gen5ind10	1211.739173250101	0.06368916646046838	1.0338697219771058	1.1035325364242643	0.734192300354393	3015.5365431425216	2993.292189050614	1.2135107446811388	6.522232184988484	15.906544344856929
	gen7ind10	1214.379399215535	0.08127871740160506	0.9401357480624786	1.3214754537044235	0.7115504866184649	2632.874827423942	3868.90572652619	1.162827501327486	6.596385587565244	16.06059906745883
	gen6ind19	1237.7079023204324	0.08889867972190671	0.991782917989165	1.2417264436042181	0.7228446496408393	2332.943842779907	3594.5548954357027	1.2490813851809102	6.673156008111842	15.711384366239358
	gen1ind3	1241.4399334470809	0.07383576011427284	1.0338697219771058	1.1035325364242643	0.6736421121893448	2533.964530150979	3453.7722877010347	0.38053279909093873	6.522232184988484	15.801010040889675
	gen6ind17	1261.9394246819902	0.0866576833152304	0.7177458623633716	1.3166894500421242	0.6436785331018599	2622.0412741150426	2676.304405268342	0.6419386954064918	6.5597043317012975	15.665426866988039
	gen0ind4	1261.9394246819902	0.0866576833152304	0.7177458623633716	1.3166894500421242	0.6436785331018599	2622.0412741150426	2676.304405268342	0.6419386954064918	6.5597043317012975	15.665426866988039
	gen1ind6	1306.5637660453308	0.07168678904140063	0.991782917989165	1.2398120421392984	0.6313359081040837	2261.5865183943233	3403.024606183369	2.109145648588735	6.767463771788175	15.540457409412188
	gen2ind12	1347.0913416203998	0.09828568639278558	1.0785414306747458	1.2805232767863055	0.6889086728825368	2261.5865183943233	3594.5548954357027	1.0316240184751375	6.76607790338705	15.993489464190597
	gen4ind18	1367.0546448258906	0.05319897817212332	1.0450107152448738	1.3382436658695287	0.6436785331018599	2495.34533672875	2914.0091511270875	0.30738355008554286	6.751087713838276	16.098432466834232
	gen7ind13	1445.6245337791524	0.0927033133164413	1.1504204102369626	1.239148171483625	0.7463435557744917	2550.8700924331606	3702.113121444475	1.0960611200774275	6.530278535899825	15.669488916925998
	gen3ind19	1453.8859925028369	0.07403375637043663	0.6967024603694012	1.3166894500421242	0.6436785331018599	2622.0412741150426	2676.304405268342	0.4380864982433194	6.5597043317012975	15.92517878064336
	gen1ind12	1484.6390324245103	0.07328543576452809	1.144993944617326	1.3212345114333126	0.6937501597256654	2383.729111050055	3072.5445569201925	2.5469957972805073	6.8999496747079485	16.464363853276904
	gen6ind2	1513.559550729117	0.07210083028291112	0.9161530298071827	1.2222318433879948	0.7428799556780865	2531.5126165360252	3675.52127706545	0.9299953081192951	6.524590517444514	15.665426866988039
	gen5ind18	1541.6861315221217	0.09757286934006534	1.1080009741973273	1.3001630911487903	0.6889086728825368	2435.235020388679	3594.5548954357027	1.0316240184751375	6.76607790338705	15.901437667922455
	gen3ind10	1651.5573163023155	0.07241012600883236	1.0717454070282986	1.359797881696933	0.616750867147146	3081.29246224278	1813.407930753774	2.4652482511419187	6.7434994126931205	15.876495474922544
	gen6ind1	1656.738251560243	0.06072969223440731	1.0717454070282986	1.3855857644109189	0.616750867147146	3112.0529268749206	1857.6099981020357	2.4368999070225756	6.7360975242895025	15.903869312902952
	gen2ind8	1658.5510640042178	0.07241012600883236	1.0717454070282986	1.359797881696933	0.616750867147146	3112.0529268749206	1813.407930753774	2.4652482511419187	6.7360975242895025	15.876495474922544
	gen6ind7	1669.8561031722784	0.03882398383969418	1.0658496949102099	1.3570738514838387	0.6206743193758132	3047.6138727385437	1424.3634375799636	3.195156899497577	6.559303503450333	15.753869410211626
	gen3ind8	1679.15305521989	0.057080720325725205	1.1217826381965321	1.262860267453908	0.6610568553534971	3064.1052220281	1990.21620014682	3.426574185534598	6.7360975242895025	15.966536979300734
	gen5ind9	1686.8617797097845	0.03882398383969418	1.0658496949102099	1.3570738514838387	0.6206743193758132	3164.2355259136357	1408.9875860450688	3.0831984498294487	6.651904759409938	16.095994937534474
	gen0ind13	1687.7930967516386	0.04612630165874161	1.072721461427559	1.256646350840989	0.6324916384009246	3165.0800283276494	3381.0348101080795	1.2407026967677233	6.8606068345465285	16.421942714758796
	gen4ind16	1688.0266836619708	0.08316041269274718	1.1887547918004833	1.3717363446695912	0.6969282004921676	2612.358467061437	1990.21620014682	3.426574185534598	6.759435477512873	15.935183481024982
	gen2ind13	1688.5149783227598	0.04612630165874161	1.0550390124502798	1.2026829019364178	0.6038901553224664	3165.0800283276494	3381.0348101080795	2.3258788189812827	6.8606068345465285	16.242094590777675
	gen4ind9	1688.8141233601282	0.04322599109795959	1.0658496949102099	1.3312859687698528	0.6206743193758132	3064.1052220281	1990.21620014682	3.426574185534598	6.651904759409938	16.095994937534474
	gen5ind4	1698.8903894234238	0.06715429365981437	0.7946135917364572	1.2704615867423559	0.702881305911211	2941.6150267739654	2993.292189050614	0.5112357472487152	6.589049336392455	16.06059906745883
	gen0ind3	1699.2831622695066	0.07793287454857689	0.991782917989165	1.2398120421392984	0.6889086728825368	2261.5865183943233	3403.024606183369	2.109145648588735	6.839926272304389	15.711384366239358
	gen3ind13	1705.608636234509	0.0953096413223855	0.991782917989165	1.2613662579667029	0.6889086728825368	2261.5865183943233	3594.5548954357027	2.345264931261677	6.658483505766263	15.711384366239358
	gen7ind19	1706.3303414613365	0.07210083028291112	0.7588998661346875	1.3147750485772045	0.6828644744904034	2316.5073539364666	3495.7175309110835	0.5818349932557458	6.545031829355718	15.665426866988039
	gen4ind8	1710.4190738881748	0.07373676198619095	1.197546647219042	1.183764235252856	0.7631025317945754	2944.1247004943843	2452.128010663928	0.38053279909093873	6.544890113413503	15.834384260505269
	gen3ind1	1723.0088155112978	0.024043132809900163	1.071110695652099	1.1852674671120287	0.6588432802547816	3093.3856961666493	2938.622424007231	3.066293169579379	6.717286925319882	16.33457448279976
	gen3ind6	1734.2961868241205	0.014213603676130861	1.0905365653773256	1.261824374320391	0.6285680097953756	3138.490633913336	2938.622424007231	3.066293169579379	6.879072361695286	16.46445043962742
	gen4ind19	1740.5571518621596	0.04563096266894864	1.1712639636799498	1.359797881696933	0.6687196832513616	2910.6615737316015	1990.21620014682	3.426574185534598	6.845506952354231	16.017739035366574
	gen5ind8	1745.0519979661096	0.08467078483323305	1.0797748084007392	1.359797881696933	0.616750867147146	3112.0529268749206	1813.407930753774	2.3998967770630304	6.7360975242895025	15.876495474922544
	gen2ind15	1777.4538122083895	0.057080720325725205	1.1887547918004833	1.359797881696933	0.6687196832513616	3064.1052220281	1990.21620014682	3.426574185534598	6.806699943092612	15.935183481024982
	gen0ind10	1779.3510446783098	0.08449613361105851	1.1096290466627672	1.3212345114333126	0.6855445718145035	2383.729111050055	3072.5445569201925	3.1929827482756012	6.9384784221264235	16.104667605314667
	gen3ind7	1797.306921241543	0.024043132809900163	1.0905365653773256	1.261824374320391	0.6079929492780474	3008.033724531637	2744.751113478498	3.066293169579379	6.743293612618249	16.33457448279976
	gen6ind5	1809.6406920712457	0.06742479851379407	1.1806011846526157	1.3205182529719637	0.7115504866184649	2764.755922886209	3452.417434134294	0.7060784087830381	6.603721838738034	16.32312314610806
	gen4ind12	1814.6490674640786	0.024043132809900163	1.0905365653773256	1.261824374320391	0.6130945610098338	3008.033724531637	2434.5428403503656	3.066293169579379	6.546499458261788	16.33457448279976
	gen2ind19	1817.1831869360772	0.010188403582134548	1.0905365653773256	1.261824374320391	0.6079929492780474	3077.913714253701	2938.622424007231	3.066293169579379	6.879072361695286	16.33457448279976
	gen2ind1	1833.2836828809714	0.07330554530896932	1.1096290466627672	1.3212345114333126	0.6855445718145035	2303.9498328600466	3367.7846309390243	3.1929827482756012	6.9384784221264235	16.104667605314667
	gen1ind2	1836.3944311386626	0.04612630165874161	1.072721461427559	1.2026829019364178	0.6079929492780474	3165.0800283276494	3381.0348101080795	2.0028853434837357	6.8606068345465285	16.421942714758796
	gen3ind3	1864.450346269481	0.0632968157663803	0.7177458623633716	1.3166894500421242	0.6144925347192458	2622.0412741150426	2478.184329442417	1.3145109499280234	6.5597043317012975	15.734795047487834
	gen3ind14	1866.363769090721	0.057080720325725205	1.0464238251849833	1.3291520434065816	0.6715246503525474	3064.1052220281	1990.21620014682	3.426574185534598	6.5161260103329015	16.095994937534474
	gen5ind5	1984.5292214348638	0.06646200812671643	1.1068748523748557	1.3500283531684638	0.633982323437406	2368.649399342458	3837.8021021073546	1.1943968233211872	6.721979605239999	16.24358457533784
	gen0ind5	2035.449807684695	0.014781887162016272	1.1912298087536022	1.4349723948100708	0.7836484744722769	2447.7086459671455	1791.4796330666456	2.7687543475977785	6.5966353859988125	16.15239247187093
	gen3ind0	2060.2723380825223	0.06646200812671643	1.1068748523748557	1.3500283531684638	0.633982323437406	2368.649399342458	3837.8021021073546	1.0316240184751375	6.76607790338705	16.24358457533784
	gen4ind11	2099.0850272633656	0.07241012600883236	1.1634571578972857	1.2545631671291013	0.6428303715765267	3001.5844861399373	1949.0096095598788	2.4652482511419187	6.727113040399235	15.857578775234844
	gen4ind1	2317.788600390616	0.075556077814256	0.8758077921702387	1.2572632643786812	0.7063040966351042	2944.9833007465686	2069.499238070347	1.7087108307784453	6.589049336392455	16.06059906745883
	gen0ind0	2616.1958950498897	0.057080720325725205	0.9637207083896651	1.359797881696933	0.6610568553534971	3064.1052220281	1990.21620014682	3.426574185534598	6.7360975242895025	16.01193423936978
	gen1ind15	2690.123001619192	0.08449613361105851	1.1652999433603268	1.3212345114333126	0.6855445718145035	2309.3656171118682	1616.2265530615755	4.931602155822454	6.9826525670297475	16.104667605314667
	gen3ind15	2753.077967947739	0.09769894290265091	1.1530083030055576	1.3415901287568162	0.7600206687440714	2268.7800005288655	3072.5445569201925	3.496042372364979	6.992275620936817	16.18724688227471
	gen4ind10	2826.2631662144595	0.0953096413223855	0.7457567522736239	1.2398120421392984	0.6763880978077859	2261.5865183943233	3594.5548954357027	1.0316240184751375	6.534985700070606	15.711384366239358
	gen6ind12	2887.3231980518376	0.0709043038248851	0.705065076397818	1.3166894500421242	0.6866965842727024	2460.57026079928	2755.9950249181966	0.7066556083527571	6.5597043317012975	15.844473411667334
	gen3ind18	3077.6550851967913	0.07267821841920025	1.1096290466627672	1.3212345114333126	0.7600206687440714	2285.849606839475	3072.5445569201925	3.195519913146249	6.9384784221264235	15.817154829360483
	gen2ind9	3336.405131930839	0.09621092036745087	1.1096290466627672	1.3212345114333126	0.7600206687440714	2268.7800005288655	3072.5445569201925	3.496042372364979	6.9384784221264235	16.04619433329909
	gen4ind4	3356.417804117931	0.08398595722819449	1.1096290466627672	1.307162123097383	0.7826624824799995	2650.6467657734643	3072.5445569201925	3.1704967626728795	6.849964138629126	16.04619433329909
	gen3ind16	3532.331216977836	0.09621092036745087	1.1096290466627672	1.2617763195027227	0.7669487033795186	2268.7800005288655	2841.0899859445863	3.496042372364979	6.88468122331603	16.04619433329909
	gen2ind7	3611.3593015113165	0.05595860351806458	0.9637207083896651	1.2515496076879549	0.6904560246997599	2855.014811993543	1990.21620014682	3.426574185534598	6.7360975242895025	16.335083876905088
	gen4ind3	3702.5921897757307	0.09621092036745087	1.1096290466627672	1.3212345114333126	0.7600206687440714	2268.7800005288655	3072.5445569201925	3.75623650797819	6.9384784221264235	16.04619433329909
	gen4ind0	3715.61980241621	0.0808436817764528	0.5276351433450711	1.3166894500421242	0.6436785331018599	2622.0412741150426	2217.1791601846617	0.21074547456387638	6.5597043317012975	15.501395568386759
	gen3ind11	3956.3981223191595	0.06754322281690026	0.7177458623633716	1.3166894500421242	0.6436785331018599	2622.0412741150426	2676.304405268342	2.1154268275647548	6.5597043317012975	15.81570180355325
	gen5ind1	4020.355617676459	0.09810744097200697	0.6583387481185781	1.2175939556562207	0.6866854706050025	2622.0412741150426	2676.304405268342	0.823587588172017	6.5597043317012975	15.665426866988039
	gen0ind18	4287.773467594536	0.09566661236870647	1.1637316605319836	1.3749311787272958	0.8100090492126331	2759.086998870259	2482.0644088825284	4.032693433713353	6.7995251491968745	15.894987695338632
	gen3ind12	4310.762811084181	0.04502567528345533	0.8669826999618728	1.359797881696933	0.6610568553534971	3057.1402069882256	1990.21620014682	3.426574185534598	6.7360975242895025	16.01193423936978
	gen0ind6	4618.914298968998	0.09347114694641818	0.90997313403848	1.201106130298968	0.7004405210150445	2993.6937280360717	1134.977196559972	3.5479175090439092	6.708638878280377	15.766165024126435
	gen0ind17	4675.30019482954	0.03908222656665563	0.9391932842955868	1.1206975829468087	0.7296678861786164	2516.914292001219	988.4511922887582	2.535576059318134	6.885117718064736	16.494825727377147
	gen1ind5	4790.172943852853	0.030684777733706023	0.7924521992664815	1.4436744500645027	0.6057171911875028	3150.8135684545405	3063.284135546421	4.291190143563051	6.51376137765701	15.622788807355704
	gen2ind4	4802.540965015782	0.0607943991370261	0.5417147511675284	1.4012244638046285	0.6298663215792495	3140.026688314814	194.24548674069072	1.4364512415091784	6.626258934181955	15.693958926101782
	gen1ind7	4904.468585863344	0.043176948748058545	0.9385290860551507	1.27275111081411	0.7622540886020471	2386.2441991864944	3850.20161438184	2.3031846678762977	6.752686425288135	16.071887569784145
	gen1ind11	5059.769927972066	0.08449613361105851	0.888742173834899	1.3212345114333126	0.6903682171716938	2383.729111050055	3072.5445569201925	3.434649382393696	6.8330661063103495	16.104667605314667
	gen3ind4	5078.706725693383	0.09621092036745087	1.1096290466627672	1.2890790364694737	0.8052775523703379	2268.7800005288655	3231.0384488113286	3.6300383276348382	6.953150924472002	16.11390447670683
	gen1ind8	5200.19040162231	0.07229065481269711	0.5417147511675284	1.4012244638046285	0.6160102523083549	3140.026688314814	194.24548674069072	1.9884773387662444	6.626258934181955	15.693958926101782
	gen0ind15	5594.445469235374	0.05269578008180787	0.7571216949913498	1.2953871320770622	0.8080613568472902	3034.307429138712	3603.044276876384	0.07671976950443368	6.804437191214027	16.227231423977624
	gen0ind11	5859.3436969480335	0.036130804848910285	0.5417147511675284	1.4012244638046285	0.6160102523083549	3140.026688314814	194.24548674069072	1.9884773387662444	6.626258934181955	15.986489722078828
	gen2ind0	6513.950571791472	0.06007995827939305	0.8178203246998386	1.27275111081411	0.7500800698651693	2438.069120457338	2740.5378603745976	2.3031846678762977	6.600840571720424	16.071887569784145
	gen0ind12	6809.997595022875	0.030684777733706023	0.7924521992664815	1.4436744500645027	0.6471085590451411	2886.364612930635	2308.473070788548	4.427455797333215	6.607761424255707	15.568204018481056
	gen1ind16	7247.061663187969	0.02156530305726092	0.7030319344492189	1.389779502452823	0.7891347582568091	2958.0050627952933	2022.3913226468433	0.855714001923271	6.651176554885374	16.25048845894213
	gen0ind14	7257.572965757159	0.06150362225971648	0.868463488386469	1.1648242130049673	0.7132567103562926	2648.117972814865	690.4082691591501	3.827549961308322	6.962175212901686	15.632888644560287
	gen2ind14	7487.972112521568	0.07004642119737586	0.6085689284602005	1.1847279157866721	0.6748085910008804	2721.8458682457003	1300.1347335505143	1.5513205896739926	6.906361405402146	16.210463687887824
	gen0ind19	7547.698413003898	0.043176948748058545	0.8178203246998386	1.27275111081411	0.7622540886020471	2438.069120457338	3807.3888264871266	2.3031846678762977	6.752686425288135	16.071887569784145
	gen0ind9	7573.651101696892	0.07004642119737586	0.6085689284602005	1.1847279157866721	0.6748085910008804	2721.8458682457003	1300.1347335505143	1.5513205896739926	6.906361405402146	16.340258201172404
	gen1ind4	7710.577305623594	0.02641337826487633	0.7924521992664815	1.4436744500645027	0.6663326187228471	2886.364612930635	2308.473070788548	4.434429516849621	6.607761424255707	15.785480759825003
	gen3ind9	7923.572954208254	0.046715140764963886	0.868463488386469	1.1648242130049673	0.7257772854310434	2648.117972814865	690.4082691591501	3.827549961308322	6.962175212901686	15.632888644560287
	gen0ind2	8604.030758092096	0.014337983387656721	0.7030319344492189	1.389779502452823	0.7891347582568091	2958.0050627952933	2033.386220684488	1.2899354778337768	6.651176554885374	16.25048845894213
	gen1ind10	8952.017029306411	0.02515571104673453	0.5961974449301672	1.4946362529053736	0.6020491343128772	3163.557931167901	219.3583895456714	4.571495250165984	6.526566772063486	15.522294668073618
	gen0ind8	9222.00803667616	0.06462514684704072	0.5920959763213693	1.14552469394078	0.7438395910687737	2338.461584798451	480.59407063107335	0.8638660673271283	6.979143128114937	15.902764661620482
	gen1ind19	9292.160620140985	0.014337983387656721	0.7030319344492189	1.3302222728565782	0.7891347582568091	2958.0050627952933	2033.386220684488	1.5031506831984762	6.673772277765547	16.25048845894213
	gen1ind13	9465.362247455108	0.029286065019778713	0.6033665750878772	1.4917107064154251	0.7682347013381112	2958.0050627952933	2033.386220684488	1.2899354778337768	6.651176554885374	16.178898285062978
	gen2ind16	9483.02603678588	0.06698083159320828	0.868463488386469	1.2163999784329391	0.7275393188325788	2648.117972814865	690.4082691591501	4.9204857056917595	6.899920557773173	15.632888644560287
	gen1ind9	10152.82684976617	0.06462514684704072	0.5920959763213693	1.14552469394078	0.7428657448861022	2338.461584798451	1041.0840046280014	1.1141207647773315	6.981599149123513	15.902764661620482
	gen0ind1	11175.448199744424	0.02515571104673453	0.523247253085254	1.4946362529053736	0.6020491343128772	2850.5398803825206	219.3583895456714	4.8668099910048666	6.526566772063486	15.522294668073618
	gen1ind0	11190.937380271058	0.05560640757621825	0.507114716949635	1.4436744500645027	0.6471085590451411	2831.741082346288	1653.0302895707616	3.4750116571978897	6.799015295313769	15.556609886644168
	gen1ind18	12734.696819885921	0.014337983387656721	0.525544134917125	1.4198010520533906	0.7891347582568091	2958.0050627952933	2033.386220684488	1.2899354778337768	6.651176554885374	16.25048845894213
	gen1ind14	14448.697871142751	0.0192166317923811	0.6681309632036566	1.4686920677027235	0.7377452062758854	2654.9073283311654	1512.4007898004331	4.588270325782508	6.879893500300224	16.10963410101572
	gen0ind7	15711.297396746979	0.0192166317923811	0.6681309632036566	1.4686920677027235	0.7729410883338775	2554.702664907306	1512.4007898004331	4.588270325782508	6.697123586848788	16.36938601467104
