#	Simulation	Obj	b0__FREE	b1__FREE	b2__FREE	gamma__FREE	mult__FREE	r__FREE	t0__FREE	t1__FREE	t2__FREE
	gen40ind4	367.9853424708582	0.3764100837910534	0.7971585761955472	1.4204242727495693	0.7789728371851956	4629.5222293859915	5.8825582290504155	0.020012197798590786	6.928352375752869	11.660410973929256
	gen38ind4	368.0923301467037	0.3630269260390889	0.7943001658251987	1.4113262105987054	0.764819262631456	4624.672320007461	4.732250205119636	0.0297462527557896	6.944257440299452	11.648699974657822
	gen41ind7	368.2204653452858	0.36047297487953883	0.795729371010373	1.417737485961088	0.772797644956992	4625.500327307031	5.780446681827463	0.04505410443671373	6.944257440299452	11.679592181987196
	gen37ind18	368.22525660955654	0.3630269260390889	0.7971585761955472	1.4204242727495693	0.7714928412947164	4629.5222293859915	5.630967980002752	0.027666123639052853	6.944257440299452	11.671788808512737
	gen41ind19	368.2275322697834	0.36953567364062356	0.7971585761955472	1.4189180337820573	0.7742890710028456	4617.909706779521	5.630967980002752	0.0297462527557896	6.946824495252354	11.617807876175842
	gen40ind3	368.2281146422525	0.3694034661070875	0.7971585761955472	1.4189180337820573	0.7742890710028456	4617.909706779521	5.630967980002752	0.0297462527557896	6.946824495252354	11.617807876175842
	gen41ind1	368.23279605041375	0.36047297487953883	0.7971585761955473	1.419047533030568	0.772797644956992	4625.500327307031	5.780446681827463	0.04505410443671373	6.944257440299452	11.679592181987196
	gen41ind2	368.2408248960629	0.3630269260390889	0.795729371010373	1.419940080524132	0.766812949113331	4622.43863003853	4.732250205119636	0.028706188197421226	6.944257440299452	11.687222840003702
	gen40ind8	368.2577863582556	0.3652439128642421	0.7943001658251987	1.4173723712527238	0.7718485698849138	4615.614473489443	4.732250205119636	0.0297462527557896	6.944257440299452	11.641185909228298
	gen41ind5	368.2607619580582	0.37498655157049315	0.7985877813807214	1.42044398453048	0.7778512046529865	4617.909706779521	6.206121991968142	0.0297462527557896	6.946824495252354	11.617807876175842
	gen40ind0	368.2612798231467	0.36205564283024283	0.795729371010373	1.4187700234871914	0.7686244635034872	4615.614473489443	4.716922126426098	0.0297462527557896	6.9429739128230015	11.664355010301632
	gen41ind3	368.2734681861951	0.3630269260390889	0.795014768417786	1.419940080524132	0.7665906596351146	4620.42767899905	4.806989556031992	0.03844024315462004	6.944257440299452	11.679592181987196
	gen40ind12	368.2853317561554	0.36205564283024283	0.7928709606400244	1.4183944179947985	0.7656028678949508	4622.377086717383	4.716922126426098	0.0297462527557896	6.9429739128230015	11.67980111396632
	gen39ind8	368.2894419120039	0.36205564283024283	0.7943001658251987	1.4187700234871914	0.7686244635034872	4615.614473489443	4.716922126426098	0.0297462527557896	6.9429739128230015	11.664355010301632
	gen40ind9	368.2974814036529	0.36047297487953883	0.795729371010373	1.419047533030568	0.772797644956992	4625.500327307031	5.780446681827463	0.04505410443671373	6.944257440299452	11.679592181987196
	gen40ind5	368.3020961341443	0.36177154472417444	0.7971585761955472	1.4206912915089176	0.7697434586760081	4613.3807835205125	5.14328889582735	0.0297462527557896	6.944257440299452	11.656527492479727
	gen41ind8	368.30810269854476	0.3695455151601217	0.795729371010373	1.4189180337820573	0.7753416266072984	4619.026551763986	5.425448634648895	0.0297462527557896	6.946824495252354	11.610137084550129
	gen41ind14	368.3090188154434	0.3609586164839619	0.7971585761955472	1.4171993303735726	0.7725757624256873	4628.881633921001	6.229805569269022	0.04505410443671373	6.944257440299452	11.664146132746207
	gen40ind16	368.317543416449	0.3630269260390889	0.795729371010373	1.419940080524132	0.7659382578039768	4622.43863003853	4.732250205119636	0.0297462527557896	6.944257440299452	11.679592181987196
	gen37ind1	368.32149881703	0.363291341106161	0.7971585761955472	1.4206912915089176	0.7708624538485289	4611.147093551582	5.6003118226156765	0.0297462527557896	6.944257440299452	11.648699974657822
	gen41ind4	368.3258860971479	0.36177154472417444	0.7971585761955472	1.4206912915089176	0.7737986503443415	4622.568351437718	5.28441209904472	0.024879225277190192	6.936304908026161	11.656527492479727
	gen41ind18	368.33145755007223	0.3694034661070875	0.7971585761955472	1.4202280808515373	0.7742890710028456	4622.852633688315	5.630967980002752	0.037400178596251665	6.946824495252354	11.617807876175842
	gen35ind0	368.3345573846631	0.3630269260390889	0.7971585761955472	1.4206912915089176	0.7708624538485289	4611.147093551582	5.630967980002752	0.0297462527557896	6.944257440299452	11.648699974657822
	gen39ind15	368.344807743561	0.3753759290134899	0.7971585761955472	1.4204242727495693	0.7789728371851956	4629.5222293859915	7.038052511042994	0.027666123639052853	6.944257440299452	11.671788808512737
	gen39ind14	368.3486913826614	0.3622571863285975	0.7971585761955472	1.4206912915089176	0.7708624538485289	4611.147093551582	5.6003118226156765	0.0297462527557896	6.944257440299452	11.648699974657822
	gen37ind9	368.35805398373486	0.3694034661070875	0.7971585761955472	1.41929363927445	0.777310666611382	4611.147093551582	5.630967980002752	0.0297462527557896	6.946824495252354	11.602361772511154
	gen40ind17	368.36589723639634	0.3628947185055529	0.796887719389111	1.4183777765623489	0.764819262631456	4633.859887924666	4.298219396371615	0.0297462527557896	6.944257440299452	11.70268101584211
	gen39ind7	368.37676499503704	0.3630269260390889	0.7943001658251987	1.419940080524132	0.764819262631456	4624.672320007461	4.732250205119636	0.0297462527557896	6.944257440299452	11.679592181987196
	gen41ind11	368.37955602474204	0.3558150375762743	0.7955939426071549	1.417746775393581	0.7686244635034872	4615.614473489443	4.716922126426098	0.03078631731415797	6.9429739128230015	11.664355010301632
	gen41ind10	368.38808869115473	0.36047297487953883	0.7971585761955472	1.4199184602442507	0.7712542564802762	4625.500327307031	6.222141529922253	0.04505410443671373	6.944257440299452	11.679696647976758
	gen36ind11	368.39227013039346	0.36205564283024283	0.7943001658251987	1.4180711973699576	0.7718485698849138	4615.614473489443	4.732250205119636	0.0297462527557896	6.944257440299452	11.641185909228298
	gen39ind17	368.4093235428984	0.3630269260390889	0.7971585761955472	1.4213587143266566	0.7679781876679875	4634.051152645001	5.630967980002752	0.027666123639052853	6.944257440299452	11.671788808512737
	gen41ind0	368.41399156627267	0.3609586164839619	0.7971585761955472	1.4205577821292434	0.7749176455168623	4625.500327307031	6.229805569269022	0.04505410443671373	6.944257440299452	11.691136598914653
	gen41ind16	368.42238697651106	0.3609586164839619	0.7971585761955472	1.4188191680283104	0.7743771074752578	4625.500327307031	6.446820973643032	0.04505410443671373	6.944257440299452	11.679592181987196
	gen38ind19	368.42743070982874	0.3609586164839619	0.7971585761955472	1.4206912915089176	0.7708624538485289	4625.500327307031	6.229805569269022	0.04505410443671373	6.944257440299452	11.679592181987196
	gen37ind8	368.45090724702766	0.3630269260390889	0.7943001658251987	1.4180711973699576	0.764819262631456	4624.672320007461	4.732250205119636	0.0297462527557896	6.944257440299452	11.648699974657822
	gen32ind18	368.45090724702766	0.3630269260390889	0.7943001658251987	1.4180711973699576	0.764819262631456	4624.672320007461	4.732250205119636	0.0297462527557896	6.944257440299452	11.648699974657822
	gen39ind9	368.4551629721909	0.3664277844667655	0.7971585761955472	1.4206912915089176	0.7686684817396935	4625.500327307031	6.229805569269022	0.04505410443671373	6.926720739055144	11.676300895809131
	gen40ind7	368.4586425953984	0.363291341106161	0.7971585761955472	1.4206912915089176	0.7708624538485289	4611.147093551582	5.6003118226156765	0.02209232691532753	6.944257440299452	11.625530873584488
	gen41ind9	368.48912263627096	0.3609586164839619	0.7971585761955472	1.4215779203723478	0.7708624538485289	4625.500327307031	6.229805569269022	0.04505410443671373	6.9429739128230015	11.679592181987196
	gen39ind6	368.52552214019124	0.3628947185055529	0.7943001658251987	1.4211166182139379	0.764819262631456	4624.672320007461	4.298219396371615	0.0297462527557896	6.944257440299452	11.691136598914653
	gen38ind15	368.52690666522597	0.3628947185055529	0.7943001658251987	1.419940080524132	0.764819262631456	4624.672320007461	4.298219396371615	0.0297462527557896	6.944257440299452	11.679592181987196
	gen36ind19	368.5601936994425	0.3630269260390889	0.7943001658251987	1.4199170388610312	0.764819262631456	4627.967248822928	4.732250205119636	0.0297462527557896	6.944257440299452	11.648699974657822
	gen39ind1	368.5636339858149	0.3628947185055529	0.7928709606400244	1.419940080524132	0.764819262631456	4624.672320007461	4.298219396371615	0.0297462527557896	6.928352375752869	11.679592181987196
	gen40ind15	368.5781582607364	0.3597725522383216	0.7928709606400244	1.4122377000684494	0.7585735606414931	4631.434933235401	4.732250205119636	0.0297462527557896	6.944257440299452	11.648699974657822
	gen36ind2	368.5832748091231	0.3609586164839619	0.7971585761955472	1.4206912915089176	0.7708624538485289	4611.147093551582	6.229805569269022	0.04505410443671373	6.944257440299452	11.648699974657822
	gen41ind15	368.5994326988088	0.3609586164839619	0.7971585761955472	1.4232966237808324	0.7708624538485289	4625.500327307031	6.229805569269022	0.04505410443671373	6.944257440299452	11.679592181987196
	gen39ind11	368.6757014397737	0.38206769369342375	0.8120496569039224	1.4072013179664131	0.7685635059445122	4598.824881906591	4.354230732553033	0.10498985682104317	6.8858840984881695	11.573845625180049
	gen40ind18	368.697945840522	0.3577703464499626	0.7971585761955472	1.4206912915089176	0.7708624538485289	4611.147093551582	6.229805569269022	0.04505410443671373	6.944257440299452	11.648699974657822
	gen41ind17	368.70576778329365	0.3610908240174979	0.7945710226316349	1.4206912915089176	0.7705472601254352	4601.959525634376	6.229805569269022	0.046094168995082105	6.944257440299452	11.637155557730363
	gen38ind18	368.7140616104013	0.3609586164839619	0.8063357716221484	1.4199198462817988	0.7708624538485289	4615.2945031094405	6.73298606736435	0.04505410443671373	6.944257440299452	11.648699974657822
	gen41ind6	368.75132526662316	0.363291341106161	0.7919834690677227	1.4259019560527473	0.7668072621801956	4611.147093551582	4.881441478402017	0.03078631731415797	6.944257440299452	11.648699974657822
	gen38ind1	368.77819285394787	0.3630269260390889	0.7977679214666286	1.419738793448702	0.766657506150094	4627.967248822928	4.206711060764114	0.0297462527557896	6.938731812018405	11.62594430549086
	gen38ind13	368.7902493786182	0.363291341106161	0.7919834690677227	1.4259019560527473	0.7708624538485289	4611.147093551582	5.6003118226156765	0.0297462527557896	6.944257440299452	11.648699974657822
	gen41ind13	368.85048431026644	0.3753759290134899	0.7993023839733087	1.4215727095066288	0.7816026301619847	4623.907232803091	7.794494232464456	0.027666123639052853	6.944257440299452	11.656238238858489
	gen40ind19	368.895030952783	0.3630269260390889	0.7943001658251987	1.4199170388610312	0.7643262046132636	4627.967248822928	4.368175892725423	0.0297462527557896	6.912447311206286	11.62594430549086
	gen39ind5	368.96994626320264	0.3479540850268478	0.7971585761955472	1.4206912915089176	0.7714664034666507	4634.738412242274	5.367852991802202	0.0297462527557896	6.944257440299452	11.648699974657822
	gen37ind5	368.9954870965895	0.3630269260390889	0.7945745797141632	1.4244290578172665	0.7591775102596148	4656.673716333826	4.732250205119636	0.0297462527557896	6.944257440299452	11.71048438931657
	gen37ind12	369.1071139755474	0.3630269260390889	0.7943001658251987	1.4199170388610312	0.764819262631456	4627.967248822928	3.918817005283865	0.0297462527557896	6.912447311206286	11.62594430549086
	gen40ind1	369.1208716049236	0.3630269260390889	0.7943001658251987	1.4199170388610312	0.7651344563545498	4637.154816740132	3.918817005283865	0.028706188197421226	6.912447311206286	11.62594430549086
	gen40ind2	369.58332224999896	0.3568524245518885	0.7943001658251987	1.4110725936544364	0.764819262631456	4624.672320007461	3.1726324522400713	0.0297462527557896	6.944257440299452	11.648699974657822
	gen37ind7	369.7983624101522	0.3995491481315697	0.8120496569039224	1.4072013179664131	0.7761027673751385	4563.911066650863	5.2607846275793175	0.3328277940424795	6.8858840984881695	11.518030511817177
	gen35ind9	369.8099291399893	0.39993881932174274	0.8211286627636779	1.4051215825727112	0.7773635422675136	4591.594961164826	6.770326121865303	0.4958757058006717	6.910821224472402	11.571722244956533
	gen39ind2	369.81383797406335	0.398663267953498	0.8056710257719243	1.413158583858928	0.7812091355114092	4618.790024180816	5.668424009464627	0.2391032091797598	6.899448647408262	11.618165076363848
	gen38ind16	369.8736808311125	0.398663267953498	0.8030650701926396	1.4127318570347178	0.7753913101947436	4618.790024180816	5.668424009464627	0.19695442274745528	6.927789176263278	11.618165076363848
	gen36ind14	369.8821753865589	0.3995491481315697	0.8120496569039224	1.4072013179664131	0.7761027673751385	4563.964456170199	6.157197956403852	0.43417940750336986	6.910293577127657	11.525131145340328
	gen35ind19	369.903244599375	0.39716633787376376	0.8096483407802262	1.4099118729103797	0.7734190781219735	4609.834494513212	6.759840139640762	0.36416259273912105	6.972253186901434	11.628169409568244
	gen33ind6	369.92282471810057	0.39798983491538087	0.8189746332202971	1.4045767758941885	0.7798977854927088	4554.844689496005	6.545357995172206	0.48542212719866223	6.911190105060383	11.53706974793208
	gen39ind4	369.9313319129761	0.39982963026459756	0.8030650701926396	1.4127318570347178	0.7753913101947436	4618.790024180816	5.668424009464627	0.19695442274745528	6.927789176263278	11.602718972699162
	gen33ind7	369.94277981453587	0.39993881932174274	0.8223542133266574	1.4066672804477165	0.7773635422675136	4591.594961164826	6.770326121865303	0.4958757058006717	6.920706459325943	11.564208179527007
	gen34ind8	369.9472672419618	0.39252165252824606	0.8164243882329328	1.4040632725191053	0.7787051019036173	4609.834494513212	6.647701492317004	0.36416259273912105	6.959640181751378	11.585923512002836
	gen34ind5	369.9630873215585	0.39805473163470073	0.8067471999614568	1.4011338083094889	0.763304927760598	4609.279197429113	5.020835092645463	0.6496366784191518	6.899242320565563	11.579236310386056
	gen38ind11	369.9821463436445	0.3871857391857455	0.7997553947268023	1.4079168870416465	0.7647136457509036	4569.37404206454	6.0131349537028065	0.34939518509077017	6.898006235341974	11.664398649249868
	gen29ind8	369.9839719847714	0.3989138879074886	0.8103482869985886	1.4072013179664131	0.7761027673751385	4554.844689496005	6.218510271178002	0.5000359640341452	6.921552016992804	11.53706974793208
	gen32ind7	369.98555342657363	0.39993881932174274	0.8175855806098525	1.4060384961812933	0.7773635422675136	4582.228744517354	6.988839792506388	0.5000359640341452	6.91903142999934	11.564208179527007
	gen38ind5	369.9954511741138	0.3990203179974256	0.8093521649015767	1.4072013179664131	0.7765958253933309	4554.844689496005	6.218510271178002	0.3643295628398108	6.907773321382953	11.513938207235915
	gen35ind10	370.0048767714477	0.3871857391857455	0.79923118975665	1.4079168870416465	0.7644671167418073	4573.933925401637	5.982478796315732	0.3164669068253825	6.905687114566598	11.664398649249868
	gen33ind13	370.0070974315941	0.398663267953498	0.8124640207021538	1.406373996587409	0.7753913101947436	4582.228744517354	6.8182706424116954	0.4320992783866331	6.91903142999934	11.564208179527007
	gen33ind19	370.0085733073059	0.398663267953498	0.8170129900119023	1.406373996587409	0.7728875615774304	4561.493898302539	6.988839792506388	0.5000359640341452	6.91903142999934	11.578565766653057
	gen35ind1	370.0201178320546	0.3995491481315697	0.8120496569039224	1.4072013179664131	0.7761027673751385	4554.844689496005	6.218510271178002	0.5000359640341452	6.8858840984881695	11.518030511817177
	gen35ind6	370.0305434195637	0.3939181125244466	0.7989925206676456	1.4085433195908756	0.7583505042006511	4572.714209247451	5.937070671749765	0.4155583538475053	6.917337760946042	11.647716508101915
	gen38ind0	370.0320576851671	0.38767138079016855	0.79923118975665	1.4079168870416465	0.7644671167418073	4573.933925401637	5.982478796315732	0.3164669068253825	6.905687114566598	11.65677784738115
	gen35ind15	370.03681471387625	0.3990203179974256	0.813098066844227	1.4072013179664131	0.7765958253933309	4554.844689496005	6.218510271178002	0.5000359640341452	6.894931818678409	11.518030511817177
	gen34ind18	370.0379296767656	0.3871857391857455	0.812360405239033	1.4070182766950363	0.768438207804202	4592.86047160402	4.990408376320255	0.3018530699898995	6.90176645209712	11.636161035042107
	gen37ind10	370.0417463882966	0.39252165252824606	0.8164243882329328	1.4040632725191053	0.779972223516215	4609.834494513212	6.647701492317004	0.3589358034381163	6.954882004618598	11.572354296205372
	gen30ind1	370.0460537625408	0.3990203179974256	0.8120496569039224	1.4072013179664131	0.7761027673751385	4554.844689496005	6.218510271178002	0.5000359640341452	6.894931818678409	11.518030511817177
	gen40ind6	370.04658973228396	0.3992811170914571	0.8044942753778139	1.4127318570347178	0.7765103053672644	4618.790024180816	6.110118857559416	0.19695442274745528	6.927789176263278	11.610337558541943
	gen40ind11	370.0476475226349	0.38698742788544144	0.806837745745353	1.4063478643179925	0.7614455211332709	4601.42882791024	5.331432583193701	0.2485302211778704	6.942565156198203	11.71204939604159
	gen32ind8	370.0490330722942	0.396779180266456	0.8113795836348356	1.402353777796347	0.7644671167418073	4573.933925401637	5.982478796315732	0.6836050212429079	6.905687114566598	11.6180604471032
	gen37ind4	370.06251846565317	0.3876449898479041	0.8046503800808478	1.4076498682822982	0.7648509751788987	4573.933925401637	5.982478796315732	0.3164669068253825	6.918574434890365	11.656884583820345
	gen33ind0	370.07424207174	0.3871857391857455	0.8113795836348356	1.4079168870416465	0.768438207804202	4592.86047160402	5.212149274987347	0.3018530699898995	6.905687114566598	11.636161035042107
	gen36ind0	370.0753205471784	0.3877249319878908	0.8164243882329328	1.406844827141755	0.7787931383760295	4592.161858499474	6.647701492317004	0.2765383223682132	6.962862578751896	11.62474764871998
	gen36ind13	370.0801915700441	0.3939181125244466	0.8043748504277975	1.4077370107935194	0.7660658385761019	4572.714209247451	6.218510271178002	0.5000359640341452	6.899267712387018	11.587809090157782
	gen30ind16	370.096260132138	0.398663267953498	0.8175855806098525	1.406373996587409	0.7773635422675136	4582.228744517354	6.988839792506388	0.5000359640341452	6.91903142999934	11.564208179527007
	gen35ind12	370.09908525816235	0.3877249319878908	0.8164243882329328	1.406844827141755	0.7787931383760295	4592.161858499474	6.647701492317004	0.18059353553035834	6.962862578751896	11.62474764871998
	gen37ind3	370.1014576156691	0.3871857391857455	0.806837745745353	1.4063478643179925	0.7644671167418073	4601.42882791024	5.982478796315732	0.2485302211778704	6.942565156198203	11.690831083913174
	gen38ind7	370.1042817843745	0.38705353165220946	0.806837745745353	1.4063478643179925	0.7644671167418073	4601.42882791024	5.982478796315732	0.2485302211778704	6.942565156198203	11.690831083913174
	gen37ind17	370.104321912352	0.3877249319878908	0.8189851681867821	1.406844827141755	0.7797792544124145	4592.161858499474	6.73298606736435	0.2145618783541144	6.962862578751896	11.62474764871998
	gen33ind18	370.12366688959776	0.3997315877016877	0.812805261543089	1.4038418347498038	0.764291043796983	4567.79202541489	5.628431584022326	0.6836050212429079	6.8736517382132005	11.556147476531141
	gen31ind14	370.1313257200618	0.39252165252824606	0.8073424607944553	1.4099118729103797	0.7734190781219735	4609.834494513212	6.647701492317004	0.36416259273912105	6.972253186901434	11.628169409568244
	gen36ind3	370.1417309637417	0.39993881932174274	0.8288218135911598	1.4066672804477165	0.7838117550303667	4591.594961164826	7.273506619960631	0.4958757058006717	6.920706459325943	11.564208179527007
	gen33ind14	370.1486098748044	0.39993881932174274	0.815093310753968	1.4060384961812933	0.7728875615774304	4551.517823577975	7.318914744526598	0.5000359640341452	6.91903142999934	11.564208179527007
	gen31ind18	370.15374427618565	0.3989138879074886	0.8120496569039224	1.4072013179664131	0.7716267866850555	4554.844689496005	6.218510271178002	0.5000359640341452	6.868311620364015	11.518030511817177
	gen32ind9	370.15551188337594	0.396779180266456	0.8088440198420661	1.402353777796347	0.764291043796983	4609.279197429113	5.020835092645463	0.6836050212429079	6.899242320565563	11.579236310386056
	gen40ind10	370.1714455741474	0.38925732547317377	0.8030650701926396	1.4127318570347178	0.7753913101947436	4607.168278132205	5.668424009464627	0.3063464069584957	6.927789176263278	11.639230630991523
	gen33ind1	370.1843997782137	0.38387503217585295	0.8004567403196294	1.4079168870416465	0.7644671167418073	4566.383797877708	5.982478796315732	0.3164669068253825	6.905687114566598	11.656884583820345
	gen31ind17	370.1870336101669	0.3871857391857455	0.8046503800808478	1.4079168870416465	0.7644671167418073	4573.933925401637	5.982478796315732	0.3164669068253825	6.905687114566598	11.656884583820345
	gen35ind8	370.19670558397206	0.398663267953498	0.8084688377442025	1.4030052345726411	0.7634810007054224	4567.979916660741	6.926604695764815	0.5083564805010922	6.909379811648786	11.578088206608719
	gen33ind16	370.2104359062296	0.396779180266456	0.8088440198420661	1.4034281740603018	0.764291043796983	4609.279197429113	5.05195264101625	0.6836050212429079	6.899242320565563	11.579236310386056
	gen36ind8	370.21051882849025	0.39252165252824606	0.8073424607944553	1.4109862691743345	0.7734190781219735	4609.834494513212	6.67881904068779	0.36000233450564756	6.972262506764782	11.628169409568244
	gen33ind12	370.2121202880693	0.398663267953498	0.8084688377442025	1.4042252040594994	0.7644671167418073	4572.447296598602	6.926604695764815	0.5083564805010922	6.909379811648786	11.578088206608719
	gen33ind9	370.2142762876989	0.39706229405657384	0.8175855806098525	1.4075687696805583	0.7773635422675136	4575.655387758859	6.988839792506388	0.5000359640341452	6.91903142999934	11.574569953916127
	gen37ind13	370.2154540451884	0.3871857391857455	0.8060795852660221	1.4079168870416465	0.7644671167418073	4573.933925401637	5.982478796315732	0.3164669068253825	6.905687114566598	11.660641616535106
	gen35ind11	370.21599089288696	0.398663267953498	0.8091983010874158	1.406373996587409	0.7701159685875132	4567.344067770704	6.988839792506388	0.5000359640341452	6.919012790272645	11.55240772421162
	gen34ind9	370.2323958314035	0.3871857391857455	0.8046503800808478	1.4079168870416465	0.7644671167418073	4573.933925401637	5.982478796315732	0.3164669068253825	6.905687114566598	11.649944570279489
	gen34ind16	370.2451734099523	0.396779180266456	0.8088440198420661	1.402353777796347	0.7602568943239958	4609.279197429113	3.8925402989520865	0.4484601656037301	6.911855325715619	11.579236310386056
	gen29ind4	370.2652768564442	0.398663267953498	0.8091983010874158	1.4042252040594994	0.7644671167418073	4567.344067770704	6.926604695764815	0.5083564805010922	6.919012790272645	11.564208179527007
	gen38ind17	370.2655934541802	0.3876449898479041	0.80478758702533	1.4108287985059527	0.7648509751788987	4573.933925401637	5.982478796315732	0.3164669068253825	6.918574434890365	11.656884583820345
	gen31ind13	370.272008882767	0.396779180266456	0.8113795836348356	1.402353777796347	0.764291043796983	4573.933925401637	5.982478796315732	0.6836050212429079	6.885692224010318	11.579236310386056
	gen34ind6	370.3040075189648	0.398663267953498	0.8071014812068065	1.4030052345726411	0.7634810007054224	4567.344067770704	6.926604695764815	0.4743881376773361	6.919012790272645	11.564208179527007
	gen36ind10	370.3187201759898	0.389996893033608	0.8273324167453078	1.403993985288259	0.7832227677257073	4581.683292485424	6.647701492317004	0.36416259273912105	6.959640181751378	11.530108398639964
	gen39ind18	370.32514900952145	0.389772131414169	0.7982254854177366	1.4127318570347178	0.7753913101947436	4623.649157001486	5.668424009464627	0.08756243853641488	6.929918845790354	11.618165076363848
	gen36ind12	370.32630307575937	0.3871857391857455	0.79923118975665	1.4079168870416465	0.7599911360517242	4573.933925401637	5.982478796315732	0.3164669068253825	6.905687114566598	11.664398649249868
	gen31ind7	370.34157476820894	0.3961121652170085	0.8175855806098525	1.4070449973996402	0.7773635422675136	4591.163504393077	6.988839792506388	0.5000359640341452	6.9310719157964575	11.564208179527007
	gen34ind7	370.3568237545378	0.39104041588257976	0.8088440198420661	1.402353777796347	0.7578428310341299	4605.131787871254	5.020835092645463	0.5918204926385265	6.899242320565563	11.579236310386056
	gen33ind10	370.37548636684284	0.3893738972624625	0.807852260730612	1.4032277111251328	0.7644671167418073	4550.821795086289	6.5939933477641794	0.4845086375442229	6.885729754105228	11.578565766653057
	gen32ind3	370.38136717936004	0.3961121652170085	0.8166576604633723	1.4088139355611256	0.7773635422675136	4591.163504393077	6.8182706424116954	0.5000359640341452	6.9310719157964575	11.564208179527007
	gen36ind5	370.38396298151554	0.398663267953498	0.8091983010874158	1.4042252040594994	0.7644671167418073	4567.344067770704	6.926604695764815	0.4743881376773361	6.919012790272645	11.564208179527007
	gen36ind18	370.38445913327405	0.39285836904730465	0.8024542947280147	1.4099118729103797	0.7657037437465228	4616.0841836505615	6.838324842613308	0.375629769390336	6.976164529507566	11.628169409568244
	gen30ind14	370.43356163786285	0.398663267953498	0.8053304498894105	1.4060607803127945	0.7604006790162885	4567.344067770704	6.634792580212983	0.507877416084286	6.919012790272645	11.564208179527007
	gen35ind17	370.46521735017683	0.3954743895328861	0.8100797043437515	1.4088139355611256	0.7709153295046605	4579.038057696016	6.927527477732238	0.5000359640341452	6.930225081269809	11.564208179527007
	gen33ind11	370.46598192588266	0.398663267953498	0.8091983010874158	1.4042252040594994	0.7624948846690374	4567.344067770704	6.926604695764815	0.5083564805010922	6.919012790272645	11.564208179527007
	gen35ind18	370.48155482662577	0.397721224109977	0.8168358493892275	1.406373996587409	0.7728875615774304	4582.461463131744	6.035954990946712	0.587660234405053	6.909146195145798	11.578565766653057
	gen32ind4	370.48457198893374	0.3783492961284527	0.8072544879631747	1.4107866150654012	0.7717789114204092	4587.037752726934	5.000780892443851	0.11199069241260087	6.964898945834758	11.60040935540482
	gen28ind15	370.4872942754838	0.398663267953498	0.8091983010874158	1.406373996587409	0.7644671167418073	4567.344067770704	6.988839792506388	0.5000359640341452	6.919012790272645	11.564208179527007
	gen39ind0	370.4970484712942	0.3839874851418921	0.8139730987050146	1.4046745992273533	0.7753913101947436	4618.790024180816	5.668424009464627	0.4247923599688916	6.927789176263278	11.562349963000976
	gen35ind4	370.5122985977938	0.398663267953498	0.8091983010874158	1.406373996587409	0.7644671167418073	4567.344067770704	6.988839792506388	0.49272904561640374	6.919012790272645	11.564208179527007
	gen36ind1	370.5150738800409	0.398663267953498	0.8091983010874158	1.40054900006782	0.7699398956426888	4561.320058347675	8.086017037828977	0.5000359640341452	6.919012790272645	11.55240772421162
	gen34ind17	370.5188519187062	0.3939181125244466	0.8061546472373702	1.41439191998215	0.7660658385761019	4572.714209247451	5.175500052531972	0.5000359640341452	6.917337760946042	11.630054987723188
	gen30ind10	370.53935215303085	0.3920418539337128	0.8091983010874158	1.4042252040594994	0.7644671167418073	4567.128489469498	6.926604695764815	0.5083564805010922	6.919012790272645	11.564208179527007
	gen33ind3	370.55249954982884	0.3777190726731408	0.8072544879631747	1.4107866150654012	0.7724092988665967	4605.19716017547	4.568594393200689	0.19961496278350874	6.95668874030782	11.597561646445225
	gen39ind13	370.55999035435013	0.3981220424489169	0.8178162848415591	1.4075692344900466	0.7798977854927088	4554.844689496005	7.386105403838112	0.48542212719866223	6.927095169606966	11.53706974793208
	gen33ind8	370.5688470679326	0.39227763427706086	0.8175855806098525	1.4060384961812933	0.7735685241499433	4591.96632443335	6.988839792506388	0.45891374420573955	6.91903142999934	11.564208179527007
	gen35ind3	370.58116512110354	0.3848131614712198	0.7989349133946066	1.40900154854338	0.7588182648961015	4569.176657766686	5.982478796315732	0.3164669068253825	6.905687114566598	11.656884583820345
	gen34ind13	370.5889491933719	0.398663267953498	0.8091983010874158	1.406373996587409	0.7634810007054224	4567.344067770704	6.988839792506388	0.5000359640341452	6.919012790272645	11.564208179527007
	gen30ind5	370.61264723571037	0.3783492961284527	0.8072544879631747	1.4107866150654012	0.7724092988665967	4605.19716017547	5.385945653108044	0.11199069241260087	6.964898945834758	11.60040935540482
	gen34ind1	370.66057966498073	0.398663267953498	0.799929128839384	1.4042252040594994	0.7626576441554344	4572.447296598602	6.686655160830959	0.5083564805010922	6.928664974515213	11.584357676416577
	gen32ind14	370.66136010386265	0.37248522176758114	0.8072544879631747	1.4107866150654012	0.7724092988665967	4614.741778128286	5.267929915676909	0.11199069241260087	6.964898945834758	11.64090470499038
	gen34ind3	370.67191718382986	0.38663980606889514	0.8020361745176912	1.4032277111251328	0.7612277630564397	4578.3166975948925	6.645165096336578	0.4238788703144523	6.916261295025754	11.578565766653057
	gen29ind13	370.6944345806877	0.3830541509955738	0.8057955612767482	1.4110335206476425	0.7734190781219735	4615.403617831267	5.995387708419754	0.36416259273912105	6.972253186901434	11.628169409568244
	gen36ind9	370.7090929019733	0.3939181125244466	0.8061546472373702	1.4085433195908756	0.7660658385761019	4563.877891240582	6.218510271178002	0.5000359640341452	6.917337760946042	11.607221158516353
	gen38ind14	370.73149560188665	0.398663267953498	0.8224251653847554	1.4007977170080534	0.7773635422675136	4582.228744517354	7.179923279356416	0.6094279482451856	6.918185287948715	11.585273734154683
	gen31ind11	370.7448298416226	0.3830541509955738	0.8057955612767482	1.4110335206476425	0.7734190781219735	4615.403617831267	5.995387708419754	0.38188941041117574	6.94563298858704	11.628169409568244
	gen33ind5	370.7485851551553	0.39121575951846355	0.8103482869985886	1.4072013179664131	0.7761027673751385	4578.874464526287	6.218510271178002	0.486469404595564	6.921552016992804	11.518030511817177
	gen29ind7	370.75050237146206	0.3939181125244466	0.8173953157135427	1.4085433195908756	0.7599213146677171	4572.714209247451	6.690573220902543	0.6707625095220721	6.923366646923359	11.639279143947368
	gen28ind13	370.7536114961069	0.3830541509955738	0.8057955612767482	1.4110335206476425	0.7742067200127785	4615.403617831267	5.995387708419754	0.36416259273912105	6.972253186901434	11.628169409568244
	gen27ind0	370.7668034551806	0.3939181125244466	0.8103482869985886	1.4085433195908756	0.7660658385761019	4572.714209247451	6.218510271178002	0.5000359640341452	6.919012790272645	11.587809090157782
	gen34ind10	370.7820495308734	0.398663267953498	0.8091983010874158	1.411002627491825	0.7644671167418073	4567.344067770704	6.988839792506388	0.5000359640341452	6.925605552524143	11.564208179527007
	gen38ind6	370.7837052443965	0.38205777679582076	0.7943001658251987	1.413172052089779	0.7676859484038571	4627.967248822928	3.913169356238355	0.25723718255450534	6.887784500395764	11.62594430549086
	gen29ind1	370.7922375508861	0.39332104987247873	0.8091983010874158	1.4085433195908756	0.760696068830105	4568.495297333568	6.218510271178002	0.5853992367781087	6.919012790272645	11.590090937338436
	gen30ind0	370.7989023186973	0.3753071777197712	0.8008887651066307	1.4120317155937847	0.776479739584935	4605.19716017547	5.274384371728919	0.11199069241260087	6.991519144149152	11.627335489192916
	gen36ind4	370.8011690255878	0.3939181125244466	0.8074297697310523	1.4085433195908756	0.7666621803706477	4572.714209247451	6.167338522605603	0.5000359640341452	6.917337760946042	11.587809090157782
	gen34ind12	370.8093859808418	0.398663267953498	0.8084688377442025	1.4042252040594994	0.7685262442766142	4572.447296598602	7.109159975996105	0.5083564805010922	6.9422081242833835	11.578088206608719
	gen32ind10	370.8130592377157	0.3920418539337128	0.8091983010874158	1.4034760429638817	0.7644671167418073	4567.128489469498	7.311769456429008	0.5083564805010922	6.925042353034551	11.55240772421162
	gen30ind11	370.82755507211294	0.38244343039797973	0.8105520394881027	1.407232927785842	0.7906121136828684	4633.096969208854	5.156368634297785	0.09477709851668448	6.959039850838595	11.569296959515306
	gen34ind4	370.83224216530175	0.3939181125244466	0.8061546472373702	1.4085433195908756	0.7660658385761019	4572.714209247451	6.187392722807216	0.5000359640341452	6.917337760946042	11.587809090157782
	gen33ind2	370.8495341306907	0.3939181125244466	0.8061546472373702	1.4085433195908756	0.7660658385761019	4572.714209247451	6.218510271178002	0.5000359640341452	6.917337760946042	11.587809090157782
	gen31ind2	370.85274496444094	0.39803962717707975	0.800811021564979	1.4072857510580292	0.7644671167418073	4553.9817759525085	6.655537612460173	0.5083564805010922	6.915662731619439	11.584931728305246
	gen28ind6	370.8538487348048	0.3871857391857455	0.8113795836348356	1.4079168870416465	0.7644671167418073	4573.933925401637	5.982478796315732	0.5000359640341452	6.905687114566598	11.6180604471032
	gen31ind1	370.86144468770954	0.37410225332512836	0.8082756766271826	1.4092303285530385	0.7802231854036217	4651.396903643851	5.156368634297783	0.12398155555406304	6.965702688691618	11.60040935540482
	gen37ind2	370.87145863163806	0.398663267953498	0.8091983010874158	1.4042252040594994	0.7644671167418073	4588.184341814607	6.926604695764815	0.5083564805010922	6.938297953139072	11.564208179527007
	gen29ind16	370.88956967066355	0.39728429919379715	0.8103482869985886	1.4085433195908756	0.7585120237263547	4572.714209247451	6.690573220902543	0.6707625095220721	6.919012790272645	11.586668166567454
	gen30ind2	370.89148912725796	0.37410225332512836	0.8082756766271826	1.4092303285530385	0.783994233315324	4651.396903643851	5.274384371728919	0.04277854104357309	6.965702688691618	11.60040935540482
	gen32ind19	370.9025825766544	0.37215674177419156	0.7900017955197578	1.4160356992098504	0.764819262631456	4624.672320007461	4.732250205119636	0.14121836608356675	6.9856227696996	11.662036612666526
	gen27ind16	370.9105887814238	0.3871857391857455	0.8091983010874158	1.4079168870416465	0.7644671167418073	4584.892215128901	5.982478796315732	0.5000359640341452	6.905687114566598	11.6180604471032
	gen30ind8	370.9131454046592	0.3871857391857455	0.8096596133175323	1.4085878878538778	0.7570069326077127	4566.057506436341	5.982478796315732	0.6864454136223539	6.9044175012065185	11.623263012459127
	gen29ind14	370.91357941393824	0.3871857391857455	0.8096596133175323	1.4079168870416465	0.7517884392166793	4557.122746560618	5.982478796315732	0.6864454136223539	6.905687114566598	11.623263012459127
	gen33ind15	370.914390662365	0.3748745199396133	0.8046503800808478	1.4147578477483982	0.7647312261590439	4581.63048669081	5.982478796315732	0.3164669068253825	6.905687114566598	11.69828473496058
	gen37ind0	370.92243910641264	0.3844962622868133	0.8237689451032519	1.4045767758941885	0.7761190224487433	4553.910741434771	6.545357995172206	0.48542212719866223	6.888682545193438	11.53706974793208
	gen37ind15	370.92311205410243	0.3984847429315342	0.815635697731447	1.4048859396339521	0.7773635422675136	4588.478433654704	6.988839792506388	0.5041962222676186	6.91903142999934	11.587297013381923
	gen36ind6	370.9306929907723	0.39626490768332034	0.8091983010874158	1.4056159813708242	0.7644671167418073	4567.344067770704	6.926604695764815	0.5083564805010922	6.920623988772904	11.58362024788558
	gen32ind15	370.9319477446212	0.3728549717722918	0.791501117582309	1.4161037227889113	0.764819262631456	4624.672320007461	4.732250205119636	0.14121836608356675	6.959002571385206	11.652218227350415
	gen37ind19	370.93617235876496	0.3964250715200809	0.8245415789911625	1.4066672804477165	0.7773635422675136	4591.594961164826	6.984921732434803	0.4958757058006717	6.957584500957546	11.564208179527007
	gen32ind17	370.93992982739996	0.3980928422220482	0.800811021564979	1.4072857510580292	0.7667051070868489	4553.9817759525085	6.655537612460173	0.5083564805010922	6.915662731619439	11.584931728305246
	gen32ind2	370.9410132651543	0.3728549717722918	0.7956947573435273	1.415686922956214	0.764819262631456	4624.672320007461	4.732250205119636	0.14121836608356675	6.959002571385206	11.641856452961296
	gen28ind19	370.94697397541864	0.3728549717722918	0.791501117582309	1.4153514225500983	0.764819262631456	4624.672320007461	4.732250205119636	0.14121836608356675	6.959002571385206	11.641856452961296
	gen30ind4	370.9485951984577	0.3767239946687987	0.791501117582309	1.4153514225500983	0.764819262631456	4634.353327464333	4.6311181729145785	0.25546710087088476	6.959002571385206	11.617602315564174
	gen37ind16	370.9668026909247	0.39993881932174274	0.8288218135911598	1.4070809411372185	0.7844140126296604	4591.594961164826	6.9736264343437835	0.5298440486244278	6.920706459325943	11.564208179527007
	gen30ind3	370.97219508102154	0.37286556106184027	0.79573989397944	1.4153514225500983	0.764819262631456	4624.672320007461	4.732250205119636	0.14121836608356675	6.9427629247299265	11.641856452961296
	gen32ind13	370.97299560028677	0.3830541509955738	0.806646246229415	1.4103625198354113	0.7766020187377598	4615.403617831267	5.759356233557483	0.38188941041117574	6.920282403632724	11.593850582193106
	gen29ind5	370.9752193019229	0.3753071777197712	0.7997981238329207	1.4120317155937847	0.776479739584935	4605.19716017547	5.274384371728919	0.11199069241260087	6.991519144149152	11.60040935540482
	gen35ind7	370.97939658259037	0.39644246374739744	0.8088440198420661	1.402353777796347	0.7720063781724338	4609.279197429113	5.020835092645463	0.6762981028251664	6.899242320565563	11.565667094588592
	gen30ind13	370.97940106863587	0.3728549717722918	0.791501117582309	1.4164360840518317	0.764819262631456	4625.247934788893	4.347085444455443	0.1839000024555485	6.959002571385206	11.654797831867011
	gen30ind9	370.9924259885243	0.39728429919379715	0.8103482869985886	1.4085433195908756	0.7652609054534829	4594.058913539359	6.690573220902543	0.6707625095220721	6.919012790272645	11.586668166567454
	gen34ind15	370.9999843998142	0.3939181125244466	0.8061546472373702	1.4085433195908756	0.7650797225397169	4580.975345589659	6.384815945178319	0.5119598855125798	6.917337760946042	11.580630296594757
	gen32ind16	371.021909216664	0.39693987405689246	0.8073424607944553	1.4099118729103797	0.7734190781219735	4594.202877126296	6.647701492317004	0.46640069994551187	6.942647271267354	11.628169409568244
	gen32ind11	371.02609488831587	0.3871857391857455	0.8108639353167122	1.4110116579389107	0.7649520475700573	4573.933925401637	5.982478796315732	0.49361470817372727	6.905687114566598	11.6217763751939
	gen31ind9	371.02666338030923	0.39049644619563806	0.8091983010874158	1.4096177158548304	0.7644671167418073	4567.344067770704	6.218510271178002	0.4958757058006717	6.919012790272645	11.590090937338436
	gen35ind5	371.0309401905119	0.3929245035696217	0.8147390295086183	1.406373996587409	0.7738736776138154	4564.788827118005	6.988839792506388	0.5000359640341452	6.91903142999934	11.624903968799725
	gen31ind8	371.0323040382857	0.3857591198628949	0.8175855806098525	1.4119371058327084	0.7773635422675136	4582.228744517354	5.891662547183799	0.5000359640341452	6.91903142999934	11.564208179527007
	gen36ind7	371.04120462735546	0.39716633787376376	0.8144426526631809	1.4099118729103797	0.769640315078008	4608.900546451978	6.759840139640762	0.6741078055708022	6.949745627034489	11.628169409568244
	gen31ind15	371.08164996492405	0.39117624499114034	0.8103482869985886	1.4085433195908756	0.7531300028008322	4572.714209247451	6.363725496908339	0.6707625095220721	6.919012790272645	11.608532638936019
	gen34ind19	371.08777864495556	0.398663267953498	0.8053702826195754	1.406373996587409	0.7666154217594017	4582.715686047592	6.988839792506388	0.2648911083949674	6.91903142999934	11.578565766653057
	gen31ind19	371.0916521146005	0.371182467727165	0.79573989397944	1.4153514225500983	0.7621494672385731	4613.999967861508	4.732250205119636	0.14121836608356675	6.944939853055283	11.641856452961296
	gen31ind10	371.0955300146714	0.3711839124217259	0.8072544879631747	1.4141906665450126	0.7725853718114211	4633.861286293849	5.385945653108044	0.11199069241260087	6.964898945834758	11.626292113216248
	gen27ind10	371.10632590265607	0.3878338757070835	0.7954355587380808	1.4110335206476425	0.7742067200127785	4650.501581183089	5.995387708419754	0.36416259273912105	6.972253186901434	11.60032280934924
	gen31ind0	371.11969724979616	0.39728429919379715	0.8122822125975913	1.4085433195908756	0.7672941243162423	4593.951124388756	6.836479278678459	0.6710020417304752	6.919012790272645	11.586668166567454
	gen28ind18	371.12425494668923	0.3939181125244466	0.8103482869985886	1.4085433195908756	0.7569250209184025	4572.714209247451	6.690573220902543	0.6707625095220721	6.919012790272645	11.587809090157782
	gen30ind15	371.13489005380325	0.3878338757070835	0.7954355587380808	1.409036119880446	0.7742067200127785	4650.501581183089	6.3429804646611485	0.36416259273912105	6.947809916912396	11.595515902149682
	gen28ind10	371.13618319326565	0.3939181125244466	0.8074572564785185	1.4081775332831143	0.7671305022829931	4572.714209247451	6.752808317644117	0.5000359640341452	6.921705359216178	11.587809090157782
	gen40ind14	371.14326730103494	0.3735236646617132	0.8034273661556244	1.414829624982935	0.7708624538485289	4611.147093551582	6.229805569269022	0.15444608864775414	6.944257440299452	11.67352256200026
	gen30ind7	371.1671480159257	0.3812570477423068	0.8087369888572992	1.4092303285530385	0.7906121136828684	4654.441673500762	5.6284315840223265	0.09477709851668448	6.959039850838595	11.595250146371628
	gen39ind3	371.1697590663846	0.38017166395817636	0.8189746332202971	1.4038739526761823	0.7798977854927088	4557.785837409328	6.545357995172206	0.4018180422028294	6.91942423707847	11.552337197079066
	gen25ind17	371.17884145592484	0.3871857391857455	0.8091983010874158	1.4085433195908756	0.7644671167418073	4567.344067770704	6.218510271178002	0.5000359640341452	6.919012790272645	11.590090937338436
	gen31ind16	371.1869075561632	0.3830541509955738	0.8093190756342252	1.4125381211252686	0.7606349549238669	4615.403617831267	5.995387708419754	0.4729028451569828	6.972253186901434	11.648892958346483
	gen31ind5	371.20394694411493	0.3990203179974256	0.8120496569039224	1.4082859794681464	0.7761027673751385	4554.844689496005	6.218510271178002	0.5853992367781087	6.897108747003767	11.555565994027358
	gen29ind6	371.2044445891672	0.3871857391857455	0.8097732940430022	1.4085433195908756	0.7591207850484951	4569.178809424806	6.218510271178002	0.5649158967162318	6.919012790272645	11.588950013748109
	gen26ind4	371.20773892679017	0.3871857391857455	0.8091983010874158	1.4085433195908756	0.7628918329601975	4566.493738686432	6.218510271178002	0.5649158967162318	6.919012790272645	11.590090937338436
	gen32ind6	371.2077881002549	0.3871857391857455	0.8113795836348356	1.4077965102124521	0.7709153295046605	4592.524789621921	6.149129886338839	0.5000359640341452	6.913391706655108	11.6180604471032
	gen29ind12	371.2226666918569	0.3830541509955738	0.8057955612767482	1.4125381211252686	0.7606349549238669	4615.403617831267	5.995387708419754	0.4729028451569828	6.972253186901434	11.648892958346483
	gen37ind6	371.29492473662964	0.3831615110453699	0.813098066844227	1.400278321311184	0.7764197524485066	4554.844689496005	6.218510271178002	0.5000359640341452	6.882309493665005	11.475784614251769
	gen27ind13	371.29600313997105	0.3871857391857455	0.8064310592650548	1.4085433195908756	0.7628918329601975	4571.036919716361	6.218510271178002	0.5649158967162318	6.919012790272645	11.590090937338436
	gen25ind16	371.29768260300455	0.3780667978268662	0.8024936155870424	1.4101979623488838	0.7725128886001522	4569.554522520549	5.8709175149366075	0.32408178384612435	6.999834086886993	11.563240376727915
	gen33ind4	371.3056070544365	0.3830541509955738	0.8057955612767482	1.4136125173892233	0.7606349549238669	4615.403617831267	6.026505256790541	0.4729028451569828	6.972253186901434	11.648892958346483
	gen34ind2	371.3224867874505	0.3961121652170085	0.8192184404172216	1.4088139355611256	0.7773635422675136	4591.163504393077	6.8182706424116954	0.5340043068579012	6.9310719157964575	11.564208179527007
	gen32ind0	371.3347223604699	0.38267648700393253	0.8057955612767482	1.4131669053916918	0.7606349549238669	4635.442186624692	5.995387708419754	0.4729028451569828	6.972253186901434	11.649761177477586
	gen29ind9	371.34045942635106	0.37532835629886807	0.8082756766271826	1.4092303285530385	0.7898244717920635	4641.659323727856	5.274384371728919	0.04277854104357309	6.965702688691618	11.60040935540482
	gen34ind11	371.3430021577946	0.39252165252824606	0.8073424607944553	1.408066031419306	0.7734190781219735	4609.834494513212	6.647701492317004	0.4601073795769759	6.972253186901434	11.628169409568244
	gen39ind10	371.40237610278126	0.3630269260390889	0.7917682779122734	1.4189567415818596	0.7571039282560053	4624.672320007461	4.732250205119636	0.08869970025460631	6.944257440299452	11.725580642648369
	gen28ind8	371.4111894621055	0.3816474911509802	0.8091983010874158	1.4100479200685017	0.7644671167418073	4570.411750121724	5.920243699574158	0.5000359640341452	6.918620019709056	11.610814486116674
	gen32ind5	371.4239856101892	0.3830541509955738	0.8099892010379666	1.4136125173892233	0.76708316768672	4615.403617831267	6.026505256790541	0.4729028451569828	6.972262506764782	11.648892958346483
	gen26ind6	371.44297889850736	0.39075755280656865	0.7954355587380808	1.4110335206476425	0.7796288167787364	4655.675261521847	5.995387708419754	0.32497448365371084	6.996904282036219	11.60032280934924
	gen28ind0	371.4608570814688	0.3742222324163246	0.8059651029437087	1.4095332398230433	0.7645937230943527	4556.04192124681	5.8709175149366075	0.46236836299300793	6.95955887952404	11.558081167694723
	gen29ind15	371.4691163884114	0.398663267953498	0.8087369888572992	1.407030717343105	0.7775454747255091	4597.261463245692	6.546626193162419	0.5000359640341452	6.948824192053361	11.564208179527007
	gen35ind16	371.5057428073307	0.39960531179701897	0.8213837703957956	1.4083841059829398	0.7728875615774304	4561.493898302539	7.972842142436851	0.5000359640341452	6.928925984716228	11.578565766653057
	gen31ind4	371.5159347481148	0.39559939098326863	0.8090964248426586	1.4042252040594994	0.7644671167418073	4562.847312209997	7.457675514204924	0.7109859132598225	6.919012790272645	11.573464244848246
	gen30ind18	371.53398523698695	0.3830541509955738	0.8061398981172764	1.412851337399883	0.7639967471787046	4615.403617831267	6.3494349207131595	0.46506139310684186	6.972253186901434	11.648892958346483
	gen36ind15	371.56839731933445	0.3949287292145123	0.8223542133266574	1.4055332548239332	0.7779158658258533	4572.936376663091	6.719154373292904	0.6482900016348236	6.920706459325943	11.564208179527007
	gen26ind15	371.57274032454586	0.3786945429682186	0.8082756766271826	1.4092303285530385	0.7906238327092108	4654.441673500762	5.274384371728919	0.12721706485772777	6.965702688691618	11.60040935540482
	gen26ind1	371.57938479915106	0.3742222324163246	0.8059651029437087	1.4101979623488838	0.7733407198066496	4569.554522520549	5.8709175149366075	0.32408178384612435	6.995812056462293	11.563240376727915
	gen26ind13	371.5875631338535	0.3696338448392699	0.8123906643266046	1.4101216176625506	0.7725128886001522	4567.344067770704	5.969569884211708	0.3293094185462183	6.939886233234083	11.595260964628576
	gen28ind11	371.5888656482115	0.3783367068170127	0.8082756766271826	1.4092303285530385	0.7906238327092108	4644.727006078876	5.098051597627794	0.12721706485772777	6.96530991812803	11.60040935540482
	gen30ind12	371.59181600944396	0.37295577858434237	0.8088506695827691	1.4092303285530385	0.7906238327092108	4641.659323727856	4.889219611064727	0.04277854104357309	6.965702688691618	11.60040935540482
	gen36ind16	371.60378787983836	0.3871857391857455	0.8046503800808478	1.4079168870416465	0.7601672089965485	4573.933925401637	5.982478796315732	0.14925873683371677	6.891689241265608	11.667149866365133
	gen38ind12	371.6109702534645	0.363291341106161	0.7971585761955472	1.4206912915089176	0.7631471194730781	4611.147093551582	5.6003118226156765	0.08869970025460631	6.944257440299452	11.725580642648369
	gen34ind14	371.6429747465215	0.3914674798714908	0.8166576604633723	1.4088139355611256	0.7773635422675136	4582.90236805087	6.620847420040591	0.5000359640341452	6.9310719157964575	11.571386973090032
	gen34ind0	371.6714839353894	0.3833932511123022	0.8164928983308974	1.4042252040594994	0.7644671167418073	4572.447296598602	6.926604695764815	0.5083564805010922	6.898027099995462	11.522273093245847
	gen35ind14	371.6864040588531	0.3989999844725566	0.8091983010874158	1.406373996587409	0.7567517823663565	4573.593756908053	7.1794631428026925	0.5115031406853602	6.9229241328787765	11.564208179527007
	gen29ind2	371.69422098003946	0.37532835629886807	0.8082756766271826	1.4092303285530385	0.7906121136828684	4654.441673500762	5.156368634297785	0.09477709851668448	6.959039850838595	11.60040935540482
	gen29ind3	371.6964696864665	0.38304522351278486	0.8157483080073552	1.4137571613585536	0.7867830461296127	4624.5591750892145	5.072120307318805	0.34048816198723686	6.999091588818235	11.551901080610573
	gen26ind17	371.6996384516928	0.38173257551246753	0.7954355587380808	1.4107105466421181	0.7724054943884048	4608.688505001812	5.69712113681591	0.40249630434753336	6.992354040103711	11.596334856956743
	gen39ind12	371.7291527944847	0.3630269260390889	0.7956108864947147	1.4244290578172665	0.7591775102596148	4638.067132258853	4.732250205119636	0.17310657979058605	6.924972277433025	11.718333726612592
	gen28ind1	371.75469005685386	0.3786945429682186	0.8082756766271826	1.4092303285530385	0.7898361908184058	4654.441673500762	5.392400109160054	0.15965703119877106	6.972365526544641	11.586424600522438
	gen35ind2	371.7553766179929	0.39627140070074296	0.8189746332202971	1.4045767758941885	0.7798977854927088	4557.913512420653	6.545357995172206	0.5886738324542585	6.917852942913406	11.50109332017453
	gen31ind12	371.7593278588691	0.3986614530776448	0.8173953157135427	1.4085433195908756	0.7527542894469756	4553.195181412704	7.457675514204922	0.6707625095220721	6.923366646923359	11.647964747473441
	gen29ind0	371.76448240429534	0.3871857391857455	0.8029595719083884	1.4088662935963998	0.7793566306017188	4601.972636349704	6.728145225325342	0.39973225739009793	6.919012790272645	11.550052187657862
	gen33ind17	371.7737586033236	0.39299670707533446	0.8057955612767482	1.4125381211252686	0.7604588819790425	4615.403617831267	7.092564953742343	0.6564719023657455	6.9389481971879565	11.599978741776724
	gen30ind19	371.7863109753628	0.38304522351278486	0.8157483080073552	1.414070377633168	0.7867830461296127	4632.354906432631	5.4261675196122106	0.34048816198723686	6.999091588818235	11.551901080610573
	gen37ind14	371.806336141874	0.3699067610306863	0.8104045257869985	1.406844827141755	0.7819908069293903	4592.161858499474	6.647701492317004	0.18059353553035834	6.962862578751896	11.62474764871998
	gen29ind10	371.8158357321426	0.398663267953498	0.8098615361262589	1.4045481780650237	0.7644671167418073	4567.344067770704	6.988839792506388	0.3048016334217625	6.906300947825672	11.532053326639758
	gen28ind3	371.8190683465041	0.37532835629886807	0.8082756766271826	1.4092303285530385	0.7898244717920635	4654.441673500762	5.274384371728919	0.12721706485772777	6.965702688691618	11.60040935540482
	gen35ind13	371.8198934631625	0.398663267953498	0.8091983010874158	1.406373996587409	0.7682993965272755	4567.344067770704	7.492020290601715	0.599127411056268	6.91363514232855	11.505142917914542
	gen38ind2	371.8217081261432	0.3630269260390889	0.7943001658251987	1.4180711973699576	0.7646431896866317	4597.655658296815	5.357364500717684	0.17310657979058605	6.924972277433025	11.656549311953846
	gen28ind17	371.83370855556745	0.38151240630524424	0.8091983010874158	1.4085433195908756	0.7561139409749129	4558.5638598485675	6.5661030274193966	0.5555730877871123	6.919012790272645	11.590090937338436
	gen28ind9	371.86367419589874	0.36423068165024053	0.8053326074776428	1.4128819655978089	0.754029938097773	4624.672320007461	4.379584656917387	0.4409433105761015	6.990733603021976	11.641856452961296
	gen26ind16	371.8767426026945	0.37606629220006205	0.7976343808849486	1.4097367718787421	0.779243947998892	4608.657352450364	4.926791615487525	0.22042178965183212	6.998694234553085	11.566057072479719
	gen29ind18	371.8828301883974	0.37125255396715234	0.8057955612767482	1.4119577431227257	0.7641183290552758	4602.488987243453	5.18748618266857	0.4025529516576113	6.981493394961705	11.628169409568244
	gen29ind17	372.0001886422567	0.35896473657572664	0.812826752062787	1.4111304217437217	0.7644671167418073	4628.110273662467	5.223903455202098	0.30543707642108364	6.921574501973521	11.629398975455127
	gen37ind11	372.020799896259	0.3871857391857455	0.79923118975665	1.4015590265943376	0.7701088691136486	4573.933925401637	5.982478796315732	0.5516117624645602	6.905687114566598	11.599063917829547
	gen28ind7	372.02928118268306	0.36423068165024053	0.8069492065494963	1.4128819655978089	0.7532668622085764	4624.672320007461	5.149914178245773	0.5176857260824932	6.990733603021976	11.66471906117932
	gen26ind14	372.0303385696018	0.3753071777197712	0.7997981238329207	1.4098727646425568	0.7811734682755962	4618.111790763284	5.274384371728919	0.22346280574037802	6.991519144149152	11.60040935540482
	gen27ind17	372.07253346571434	0.37240208044193457	0.8052608574094036	1.4104831936514968	0.7802436245958355	4591.786480040913	6.156275174436428	0.1511686197466494	6.992354040103711	11.518576759806916
	gen25ind15	372.0740222513491	0.3838394947182558	0.7954355587380808	1.412375522272105	0.7796288167787364	4655.675261521847	5.398854565212066	0.32497448365371084	6.992354040103711	11.60032280934924
	gen30ind6	372.0812575983195	0.39332104987247873	0.8081619959017128	1.4088868240719572	0.7771457942669355	4568.495297333568	5.51041584659119	0.5853992367781087	6.919012790272645	11.590090937338436
	gen38ind3	372.1421949889329	0.3630269260390889	0.7970681276781637	1.4312005789540776	0.752905370441586	4656.673716333826	4.732250205119636	0.2053986028833882	6.956870445449509	11.752730286881977
	gen28ind16	372.145538256843	0.38228063623844266	0.793404375013294	1.4113585906053907	0.7859958185451862	4695.630115334005	5.398854565212066	0.1105760319238338	6.982025889720548	11.561778953600147
	gen31ind6	372.1488019014109	0.38849404226612244	0.804745460394348	1.4106053694460243	0.7800498882316653	4580.82374487601	6.218510271178002	0.5000359640341452	6.894931818678409	11.518030511817177
	gen28ind5	372.1699558138325	0.3810732588020699	0.8157483080073552	1.411608368830644	0.7886151957938103	4599.10762046165	4.921718823526669	0.34880867845418384	6.990733603021976	11.57121628151291
	gen27ind8	372.17782346663125	0.3753071777197712	0.7997981238329207	1.4098727646425568	0.7819611101664011	4618.536955305421	5.274384371728919	0.22346280574037802	6.991519144149152	11.60040935540482
	gen32ind12	372.21186014561704	0.38747237252422023	0.8078581091125787	1.4095986566357652	0.7734190781219735	4599.772000444351	5.995387708419754	0.5759120462219479	6.94563298858704	11.636994955417435
	gen28ind2	372.2212092303356	0.36396051195876866	0.812826752062787	1.4097884201192592	0.7644671167418073	4600.551374919011	5.969569884211708	0.24700631305609505	6.92411372869368	11.590090937338436
	gen38ind10	372.2809664827157	0.36205564283024283	0.7943001658251987	1.4180711973699576	0.7718485698849138	4615.614473489443	4.732250205119636	0.17310657979058605	6.931415937594909	11.641185909228298
	gen29ind19	372.2826778601283	0.3871857391857455	0.8096596133175323	1.408325682799378	0.7513887587581056	4584.892215128901	6.393574847288914	0.5000359640341452	6.8823421653571115	11.6180604471032
	gen30ind17	372.29773483533614	0.37532835629886807	0.8032993032618791	1.407868508197583	0.7906121136828684	4654.441673500762	5.618002334848259	0.09477709851668448	6.959039850838595	11.60040935540482
	gen38ind8	372.30514072844136	0.3689781793372274	0.8101104226474203	1.4122797668435272	0.7797792544124145	4592.161858499474	6.73298606736435	0.2145618783541144	6.992049249657537	11.62474764871998
	gen27ind9	372.30932803936605	0.36396051195876866	0.8202831161930408	1.4085433195908756	0.7644671167418073	4600.551374919011	5.969569884211708	0.3345370532463122	6.92411372869368	11.590090937338436
	gen29ind11	372.3237177276153	0.3843464303335285	0.792855149119588	1.4122828130804739	0.7869595333808155	4671.600340303723	5.51041584659119	0.1105760319238338	6.982025889720548	11.542739717485244
	gen27ind5	372.40902280089097	0.36423068165024053	0.8069492065494963	1.4128819655978089	0.75959481920823	4624.672320007461	4.677851228521231	0.5176857260824932	6.990733603021976	11.655281733266555
	gen27ind3	372.42581031319617	0.3745915054173594	0.8141317089355017	1.411608368830644	0.7886151957938103	4599.10762046165	4.921718823526669	0.2608315883601734	6.990733603021976	11.57121628151291
	gen24ind5	372.432593538696	0.36396051195876866	0.8249832048202883	1.4085433195908756	0.7644671167418073	4567.344067770704	5.969569884211708	0.5000359640341452	6.888253322319014	11.590090937338436
	gen26ind12	372.48044650107636	0.38228063623844266	0.792855149119588	1.4135279136088574	0.7869595333808155	4695.630115334005	5.398854565212066	0.1105760319238338	6.982025889720548	11.561778953600147
	gen39ind19	372.50216026110235	0.35094751946576064	0.7943001658251987	1.4175799034526668	0.764819262631456	4652.466471999638	4.556494796963145	0.11465413883737521	6.963542603165879	11.648699974657822
	gen25ind2	372.53765163688456	0.36423068165024053	0.8053326074776428	1.4128819655978089	0.764819262631456	4624.672320007461	4.677851228521231	0.39726866964743945	6.990733603021976	11.641856452961296
	gen41ind12	372.5381115828638	0.36047297487953883	0.795729371010373	1.4143197909250294	0.7691069183854388	4625.500327307031	6.405560977425512	0.18841443147151019	6.924972277433025	11.679592181987196
	gen26ind9	372.56835263220904	0.37240208044193457	0.7954355587380808	1.4104831936514968	0.7802436245958355	4619.345378784369	5.74644732145346	0.1511686197466494	6.992354040103711	11.544470335875292
	gen28ind4	372.64434257351974	0.3745915054173594	0.8047466482027017	1.4125325913057272	0.7886151957938103	4618.257211310126	4.615616131779658	0.16903814245847926	6.9876482635148545	11.57121628151291
	gen27ind1	372.6782999623387	0.37397789302315704	0.8060762953348762	1.411238598251673	0.7632674169025307	4556.996707093189	5.538996998981549	0.5270285350116127	6.997217438708063	11.528426143917791
	gen27ind11	372.8303094497364	0.3650320559943401	0.8205181289102556	1.4085889997042789	0.7659041279483714	4563.562755363675	5.290056612015255	0.6226766390515792	6.8814982385349115	11.626909481950916
	gen40ind13	372.8686662391391	0.3694034661070875	0.8015410283792677	1.41929363927445	0.7825966903930258	4608.205945638259	6.316070286549258	0.11335033775162244	6.938590363234267	11.602361772511154
	gen27ind7	372.872897487081	0.3793201385302474	0.7940160627927806	1.4091411920270343	0.7840904375801836	4619.345378784369	6.3429804646611485	0.1511686197466494	6.996904282036219	11.544470335875292
	gen24ind13	372.8888281138215	0.38228063623844266	0.792855149119588	1.4135279136088574	0.7869595333808155	4663.528035560619	5.274384371728919	0.16903814245847926	6.982025889720548	11.57121628151291
	gen26ind2	372.9485786744381	0.38228063623844266	0.792855149119588	1.4119496155371825	0.7869595333808155	4621.084460070513	5.385945653108043	0.16903814245847926	6.982025889720548	11.57121628151291
	gen39ind16	372.9866140143994	0.3694034661070875	0.7971585761955472	1.4129242579955905	0.777310666611382	4611.147093551582	6.56045726001887	0.23196283012957972	6.9298425636664565	11.602361772511154
	gen26ind0	373.03940571452813	0.3581131577597983	0.8135285092627897	1.4096277114155282	0.7536229232098913	4556.996707093189	4.7765035977963315	0.5784121822049656	6.9499383844437075	11.525537963808306
	gen24ind15	373.1122160685845	0.37816616183775453	0.8080280992317646	1.4101979623488838	0.7725128886001522	4569.554522520549	5.274384371728919	0.5627675804352724	6.939886233234083	11.590090937338436
	gen28ind12	373.13778765330136	0.38044473858248673	0.7997981238329207	1.4098727646425568	0.7888081384392086	4618.111790763284	5.266548251585752	0.2307295275695686	6.992204117097671	11.60040935540482
	gen31ind3	373.23043396483234	0.3929761933147523	0.8096714177982451	1.4072013179664131	0.7761027673751385	4578.03176122307	6.218510271178002	0.706825655026349	6.901538486709828	11.53452535793793
	gen23ind0	373.372838136245	0.36396051195876866	0.8249832048202883	1.4085433195908756	0.7644671167418073	4569.554522520549	5.025443984762625	0.7282664912231054	6.888253322319014	11.590090937338436
	gen23ind19	373.37997667252154	0.3745915054173594	0.7997981238329207	1.411608368830644	0.7886151957938103	4633.758682067319	5.274384371728919	0.16903814245847926	6.990733603021976	11.57121628151291
	gen38ind9	373.4153264551778	0.36205564283024283	0.8036991163347129	1.4180711973699576	0.7777368512658512	4615.614473489443	5.882096838066704	0.26489110839496743	6.944257440299452	11.641185909228298
	gen24ind17	373.42538773591986	0.3737483192399581	0.7997981238329207	1.414590697149659	0.7886151957938103	4633.758682067319	4.454728665762984	0.16903814245847926	6.992354040103712	11.57121628151291
	gen27ind12	373.57211168708034	0.3838394947182558	0.7954355587380808	1.4132527501107846	0.7895807143799254	4685.324037119963	5.391018445068898	0.23948283059259035	6.9842906322301435	11.60032280934924
	gen23ind1	373.57319783478437	0.3753071777197712	0.7997981238329207	1.4117650932631651	0.7805586604584971	4654.441673500762	5.274384371728919	0.39726866964743945	6.991519144149152	11.60040935540482
	gen25ind6	373.58779874300524	0.3753071777197712	0.8082756766271826	1.4109377718841611	0.7765357745293247	4654.441673500762	5.274384371728919	0.48001812504135594	6.965702688691618	11.60040935540482
	gen25ind1	373.6428424500351	0.3737483192399581	0.7997981238329207	1.415555635974755	0.7886151957938103	4628.384735902109	3.8581955225552953	0.18253442794721303	6.9915191441491515	11.57121628151291
	gen27ind2	373.6713862931351	0.35204477130731504	0.8188761607036437	1.4104009440006902	0.758468258607077	4558.101934468112	4.7765035977963315	0.5270285350116127	6.958214441615843	11.531427884405382
	gen25ind10	373.6853021235468	0.36396051195876866	0.8249832048202883	1.408608497119815	0.7644671167418073	4569.554522520549	5.497506934487166	0.7387217606232932	6.888253322319014	11.590069300824542
	gen27ind18	373.73356612478995	0.3753071777197712	0.7997981238329207	1.4098727646425568	0.7811734682755962	4618.111790763284	5.274384371728919	0.4303364442251692	6.93719366429055	11.60040935540482
	gen36ind17	373.8954465413048	0.38426702612916463	0.8252596680873663	1.406373996587409	0.7773635422675136	4582.228744517354	8.002634759766952	0.6672441340258108	6.91903142999934	11.553942896982218
	gen32ind1	374.1364407714201	0.3882593535787094	0.8257404620720937	1.4022989442955662	0.7830052946393549	4582.228744517354	7.731969825535572	0.6794447630094345	6.8951158769735805	11.502295208954948
	gen27ind14	374.1648856017404	0.34839787280451817	0.8143790827399973	1.4128819655978089	0.764819262631456	4624.672320007461	4.677851228521231	0.44123806352915035	6.991684067597885	11.641856452961296
	gen23ind16	374.19494245454644	0.36812248225926547	0.810867091122365	1.4144426418553733	0.760742128391272	4629.093229507151	4.0813180853135425	0.8746402628257356	6.870837895716157	11.65875223016085
	gen24ind2	374.2152697425154	0.3678167749204646	0.810867091122365	1.4150232554928894	0.760439079434038	4629.656472568144	4.0813180853135425	0.8746402628257356	6.870837895716157	11.654110476625863
	gen25ind13	374.2317243622597	0.3529127791076889	0.8241027289432428	1.4109265263044706	0.76512746576418	4586.37313831051	4.693523468807567	0.6226766390515792	6.9006705868432965	11.59463299518585
	gen28ind14	374.2725872758789	0.3753071777197712	0.7902596992384399	1.408639176240752	0.7789110891687828	4618.111790763284	5.985015192296158	0.3755049599184072	6.940279003797672	11.58703638258601
	gen25ind19	374.30773227703054	0.36423068165024053	0.7997981238329207	1.4128819655978089	0.7789073208113422	4622.621215257874	4.677851228521231	0.39726866964743945	6.9307857493690666	11.641856452961296
	gen20ind16	374.3454960650082	0.36761804689868793	0.7997981238329207	1.4117650932631651	0.7789073208113422	4624.672320007461	5.274384371728919	0.39726866964743945	6.9746067872748405	11.60040935540482
	gen26ind18	374.3674741040384	0.3504957652813665	0.8226832329979425	1.4091311956166053	0.7612696730732182	4558.814239567053	5.290056612015255	0.6226766390515792	6.896961035620443	11.59463299518585
	gen23ind2	374.3779956482257	0.36761804689868793	0.7997981238329207	1.4117650932631651	0.7789073208113422	4611.079437473986	5.274384371728919	0.3908492454038426	6.982458562446034	11.595469156773646
	gen25ind8	374.3940704247088	0.35217387702681113	0.8135285092627897	1.411238598251673	0.7616686950682362	4556.996707093189	4.7765035977963315	0.5270285350116127	6.986191561381961	11.530697172841498
	gen27ind19	374.4552793856854	0.37240208044193457	0.7954355587380808	1.4104831936514968	0.7892236854510857	4668.684655998698	5.74644732145346	0.1511686197466494	6.991403575527802	11.579283154129165
	gen21ind10	374.52139494687066	0.36761804689868793	0.7997981238329207	1.4128819655978089	0.7789073208113422	4624.672320007461	5.274384371728919	0.39726866964743945	6.990733603021976	11.60040935540482
	gen25ind0	374.55764032102104	0.379147387709026	0.7988528856723434	1.4140300372815346	0.7960036114223527	4633.758682067319	4.454728665762984	0.16903814245847926	6.96608966450011	11.576375490546102
	gen26ind8	374.6861463304771	0.38022352938876125	0.7999385442387751	1.4128819655978089	0.7796288167787364	4655.675261521847	5.398854565212066	0.43908974724819094	6.9842906322301435	11.60032280934924
	gen24ind19	374.72090687371303	0.35074044337234106	0.8337083350099682	1.4090142439144706	0.7644671167418073	4591.8524345444785	4.7765035977963315	0.7282664912231054	6.888253322319014	11.590090937338436
	gen24ind1	374.74682788947763	0.34689587796179944	0.8238668085953655	1.4096928591122855	0.7638610188273394	4567.344067770704	5.37303674100402	0.5314017722347089	6.948201175971923	11.579478727582838
	gen25ind14	374.78442364959824	0.36214974247584164	0.807188734222169	1.4135279136088574	0.7869595333808155	4663.528035560619	5.274384371728919	0.2608315883601734	6.982025889720548	11.57121628151291
	gen22ind9	374.80244320989306	0.3449419463678221	0.8225344802641783	1.411238598251673	0.7616686950682362	4556.996707093189	4.7765035977963315	0.5270285350116127	6.958214441615843	11.530697172841498
	gen25ind9	374.88010469407914	0.3449419463678221	0.822813604381656	1.411238598251673	0.7630679059050218	4556.996707093189	4.7765035977963315	0.5270285350116127	6.958214441615843	11.548124980289693
	gen24ind11	374.89056842779775	0.3838394947182558	0.7954355587380808	1.4128819655978089	0.7796288167787364	4655.675261521847	5.398854565212066	0.43908974724819094	6.9842906322301435	11.60032280934924
	gen25ind7	374.9971032247953	0.35204477130731504	0.8140569274699164	1.412065919630677	0.7656915809974086	4558.101934468112	4.7765035977963315	0.5270285350116127	6.958214441615843	11.530697172841498
	gen27ind15	375.020109816344	0.35217387702681113	0.8135285092627897	1.411238598251673	0.7656915809974086	4558.101934468112	4.727177413158781	0.5270285350116127	6.9580180563340495	11.517271892536236
	gen24ind3	375.0282770900057	0.3435777071930537	0.8241027289432428	1.4104731972410678	0.7612696730732182	4586.37313831051	4.693523468807567	0.6226766390515792	6.896961035620443	11.59463299518585
	gen22ind1	375.073921085317	0.376221056641309	0.791815866489012	1.4117650932631651	0.7799654439662862	4647.265953626867	2.6909470603479644	0.39726866964743945	6.9746067872748405	11.60040935540482
	gen24ind7	375.0917212791136	0.3745915054173594	0.7997981238329207	1.4136473367762319	0.7960036114223527	4633.758682067319	4.454728665762984	0.16903814245847926	6.96608966450011	11.576375490546102
	gen22ind12	375.1896020401402	0.362274139603966	0.8099808591687001	1.4143122867974947	0.7605496940013498	4629.093229507151	3.1371921858644596	0.8537297240253598	6.870837895716157	11.658795503188639
	gen22ind4	375.2468070878758	0.36361049240917226	0.7980256599255908	1.4126212554820516	0.779243947998892	4608.657352450364	3.3861325728307534	0.39726866964743945	6.9746067872748405	11.60040935540482
	gen20ind0	375.27164926380755	0.3400205129567686	0.8225344802641783	1.4104731972410678	0.7616686950682362	4556.996707093189	4.7765035977963315	0.5270285350116127	6.920506953813286	11.555235322442044
	gen19ind0	375.3018852764922	0.36761804689868793	0.7997981238329207	1.4117650932631651	0.7737211571491078	4624.672320007461	5.274384371728919	0.4679381009564439	6.9746067872748405	11.617258199666303
	gen21ind5	375.3240206366384	0.34689587796179944	0.8337083350099682	1.4084558077471487	0.7644671167418073	4569.554522520549	4.7765035977963315	0.7282664912231054	6.888253322319014	11.590090937338436
	gen26ind19	375.3484944341241	0.3461514538413363	0.8140569274699164	1.413413558961076	0.7656915809974086	4558.101934468112	4.7765035977963315	0.5405248205003466	6.958214441615843	11.501000290593028
	gen23ind4	375.3488629358592	0.376221056641309	0.791815866489012	1.4117650932631651	0.7829192737811005	4670.046441468592	2.773927189336729	0.3738307113319302	6.979448709752492	11.60040935540482
	gen23ind9	375.35472228146875	0.34762698020057325	0.8337083350099682	1.4092212087577543	0.7644671167418073	4569.554522520549	4.7765035977963315	0.7282664912231054	6.917081185014688	11.590090937338436
	gen18ind3	375.4574690469717	0.36761804689868793	0.7997981238329207	1.4117650932631651	0.7737211571491078	4610.114285838395	5.10842411375139	0.4859656638792095	6.9746067872748405	11.623275962996729
	gen22ind15	375.4711424721183	0.3753071777197712	0.7997981238329207	1.4128819655978089	0.7796288167787364	4655.675261521847	5.274384371728919	0.43908974724819094	6.9842906322301435	11.60032280934924
	gen22ind14	375.54944940861697	0.33748926716886185	0.824424956585333	1.4104731972410678	0.7616686950682362	4556.596175440286	4.7765035977963315	0.5270285350116127	6.920506953813286	11.555235322442044
	gen26ind5	375.5794623630057	0.3967117311065274	0.798113902024968	1.4128819655978089	0.7886088776339866	4655.675261521847	5.710030048919933	0.43908974724819094	6.998639568525922	11.60032280934924
	gen24ind12	375.5878598922885	0.35597014341060573	0.8090613653263551	1.4104731972410678	0.7643202235571587	4586.37313831051	3.998337956324778	0.71677406365327	6.88903886344619	11.60391260899706
	gen23ind15	375.5898629294244	0.3400205129567686	0.8225344802641783	1.4123927420192812	0.7616686950682362	4585.532472565405	4.7765035977963315	0.5889394063911191	6.887004432360213	11.586818217373075
	gen23ind13	375.6559042724634	0.3435777071930537	0.8241027289432428	1.4104731972410678	0.7612696730732182	4586.37313831051	4.693523468807567	0.6958635248528943	6.888253322319014	11.59463299518585
	gen25ind18	375.66762617917715	0.3678167749204646	0.7987147885672039	1.4150232554928894	0.760439079434038	4629.656472568144	4.0813180853135425	0.8746402628257356	6.870837895716157	11.642402119789393
	gen24ind6	375.80238840341866	0.335830181784489	0.824424956585333	1.4104731972410678	0.7616686950682362	4556.596175440286	4.7765035977963315	0.5270285350116127	6.920506953813286	11.555235322442044
	gen27ind4	375.83458581928153	0.35217387702681113	0.8082637371599758	1.411238598251673	0.7648127435542795	4600.057076593837	4.5404721229340606	0.584532516712646	6.986191561381961	11.54923838915216
	gen24ind10	375.9210019983152	0.35610231240644835	0.810867091122365	1.4144426418553733	0.760742128391272	4617.222655743208	3.873867762841631	0.8746402628257356	6.827661163238243	11.65875223016085
	gen27ind6	376.0455813266668	0.34009097793371795	0.8241027289432428	1.4086456227579176	0.7612696730732182	4586.37313831051	4.693523468807567	0.6791200259598513	6.901707662834745	11.59463299518585
	gen26ind10	376.0796066342275	0.3678167749204646	0.7915479960159134	1.4150232554928894	0.760439079434038	4629.656472568144	4.0813180853135425	0.8287435398748886	6.870837895716157	11.642402119789393
	gen25ind5	376.19023424022095	0.33105179105548044	0.8225344802641783	1.4101645691311813	0.7528810686029084	4569.0338814118495	4.7765035977963315	0.5919084676936994	6.958214441615843	11.530697172841498
	gen21ind8	376.2460465448155	0.3435777071930537	0.8191819657359415	1.4104731972410678	0.7612696730732182	4586.37313831051	4.693523468807567	0.71677406365327	6.888253322319014	11.60391260899706
	gen24ind9	376.2560503428823	0.34689587796179944	0.8238668085953655	1.4100904967357653	0.7636615078298303	4569.554522520549	4.735013533301949	0.7700875688238569	6.888253322319014	11.645257883038635
	gen20ind5	376.2877528258889	0.3435777071930537	0.8191819657359415	1.4104731972410678	0.7612696730732182	4586.37313831051	4.693523468807567	0.71677406365327	6.888253322319014	11.594032211734715
	gen23ind6	376.3961825242321	0.34212221863560355	0.8192999221145941	1.4104731972410678	0.7655127009869896	4572.021698562718	4.7765035977963315	0.5778836566699147	6.953969754369439	11.567786978634183
	gen26ind3	376.4449195800537	0.33389322506041325	0.8241027289432428	1.4104731972410678	0.7612696730732182	4617.5293407092295	4.693523468807567	0.6226766390515792	6.872873588342198	11.59463299518585
	gen25ind4	376.4898887024678	0.3462844632841977	0.8238668085953655	1.409617035022181	0.7638610188273394	4570.681008642535	5.087679081504199	0.7261181749421459	6.917418233373301	11.580807430268461
	gen22ind11	376.490364509937	0.34689587796179944	0.8238668085953655	1.4104731972410678	0.7638610188273394	4569.554522520549	4.7765035977963315	0.7700875688238569	6.888253322319014	11.608650164960855
	gen16ind15	376.6151551287883	0.34689587796179944	0.8238668085953655	1.4104731972410678	0.7644671167418073	4569.554522520549	4.7765035977963315	0.7700875688238569	6.888253322319014	11.613522816036234
	gen25ind11	376.7716528246545	0.36794747248446724	0.810867091122365	1.4164816098009614	0.7681305440198143	4649.749871846981	2.789599429623065	0.8746402628257356	6.914014628194071	11.65875223016085
	gen23ind18	376.7837031351748	0.3462844632841977	0.8238668085953655	1.409617035022181	0.7638610188273394	4570.681008642535	4.7765035977963315	0.7700875688238569	6.90438013806615	11.580807430268461
	gen23ind17	376.83406854701275	0.3484753726330063	0.8155519339817889	1.413862028217857	0.7591504831645641	4595.2554230500145	3.3861325728307534	0.8537297240253598	6.922078036067638	11.642493470722172
	gen21ind18	376.87136740120053	0.33851521561724013	0.822962918378251	1.4104731972410678	0.7612696730732182	4559.18737324356	4.693523468807567	0.7039352151660763	6.903956872661401	11.594032211734715
	gen19ind12	376.8954404562251	0.34689587796179944	0.8191819657359415	1.4104731972410678	0.7636940647310902	4586.37313831051	4.7765035977963315	0.7700875688238569	6.888253322319014	11.613522816036234
	gen23ind3	376.97207323275677	0.36761804689868793	0.7922990188480301	1.4117650932631651	0.7737211571491078	4610.114285838395	5.10842411375139	0.4859656638792095	6.991519144149152	11.642566393859285
	gen23ind5	377.00507499503107	0.36754769296896084	0.799519049837937	1.4117650932631651	0.7774194805330945	4624.872585833913	5.274384371728919	0.49495589846889476	6.9746067872748405	11.60040935540482
	gen25ind12	377.00952331205445	0.33051709457289846	0.8373023772731139	1.4093991681205758	0.7612696730732182	4560.342549805471	5.388708981290356	0.6226766390515792	6.869911118889665	11.572045978704462
	gen19ind13	377.01672586977276	0.3373485593094076	0.8238668085953655	1.4104731972410678	0.7586930145117409	4556.996707093189	4.7765035977963315	0.7224029926545233	6.920506953813286	11.555235322442044
	gen26ind11	377.036057059538	0.35221025109609805	0.807188734222169	1.4116444010327123	0.7793786833623509	4620.467666059971	5.3237105563664695	0.46770522684496457	6.9299755308282	11.566089527250561
	gen22ind5	377.03897985878467	0.343458195459284	0.8238668085953655	1.4094645024941084	0.7630679059050218	4563.275614806869	4.7765035977963315	0.7700875688238569	6.90438013806615	11.613522816036234
	gen25ind3	377.0481999924527	0.342148215134062	0.8150669780365196	1.4112567626982084	0.7652925590023907	4586.37313831051	4.693523468807567	0.6340246082593535	6.9140697777765485	11.609071818030252
	gen24ind16	377.09155586231174	0.36693592731130376	0.7997981238329207	1.4117650932631651	0.7789073208113422	4611.079437473986	5.232894307234536	0.47526674032448335	6.947478002797619	11.595469156773646
	gen20ind13	377.2281631695526	0.36761804689868793	0.8079520924133146	1.4117650932631651	0.7749810731586761	4610.114285838395	8.14825213457055	0.5062328529519928	6.9746067872748405	11.623275962996729
	gen20ind4	377.4496926709477	0.34689587796179944	0.8238668085953655	1.4104731972410678	0.7664269442494416	4569.554522520549	4.7765035977963315	0.7700875688238569	6.921716122875168	11.595629713326577
	gen23ind8	377.4501208427304	0.33748926716886185	0.8306089012239071	1.4104731972410678	0.7616686950682362	4556.596175440286	4.7765035977963315	0.7552590622005729	6.920506953813286	11.555235322442044
	gen21ind13	377.6287567645876	0.33178020866445423	0.8191819657359415	1.4082394525717805	0.7552881575516535	4586.37313831051	4.610543339818802	0.7700875688238569	6.888253322319014	11.613522816036234
	gen24ind18	377.72325247456945	0.3326586977055198	0.830602587679743	1.4080603938244716	0.7628291182912519	4586.37313831051	5.041116225048961	0.6958635248528943	6.888253322319014	11.555660595239656
	gen23ind12	377.75624070488436	0.33705301113969244	0.8278425296088441	1.4095883432309058	0.7644671167418073	4550.591148888026	4.942463855773861	0.759625231028511	6.846301147270053	11.64470601252767
	gen21ind9	377.7656890833566	0.362274139603966	0.8041837557661602	1.4145079762289057	0.7659101086765957	4631.56040554932	3.3861325728307534	0.8537297240253598	6.938204851814774	11.613349723925078
	gen24ind0	377.84759916769616	0.34774762835428125	0.8155519339817889	1.413862028217857	0.7612719971214499	4588.0797031761185	3.3861325728307534	0.8537297240253598	6.95493625209285	11.62907046244634
	gen20ind9	377.9028491041805	0.34689587796179944	0.8191819657359415	1.4104731972410678	0.7636940647310902	4586.37313831051	4.527563210830038	0.8423424410086545	6.888253322319014	11.593762021511543
	gen26ind7	377.92278417300446	0.3562041613069762	0.7987147885672039	1.4150232554928894	0.760439079434038	4629.656472568144	4.0813180853135425	0.8746402628257356	6.870837895716157	11.642402119789393
	gen23ind11	378.0344463749828	0.36761804689868793	0.7997981238329207	1.4117650932631651	0.7804184670612841	4610.114285838395	5.357364500717684	0.4859656638792095	6.9746067872748405	11.623275962996729
	gen22ind8	378.18297360480824	0.3228955841220963	0.8238668085953655	1.4101249752815839	0.7520790103914414	4578.167851312384	4.527563210830038	0.7224029926545233	6.920506953813286	11.555235322442044
	gen20ind7	378.19168657071833	0.362274139603966	0.8041837557661602	1.4145079762289057	0.7677697960361172	4629.093229507151	3.3861325728307534	0.8537297240253598	6.922078036067638	11.642493470722172
	gen22ind10	378.20299888558145	0.34689587796179944	0.8405018765883799	1.4100807586192403	0.7766843346189605	4570.930105810099	4.942463855773861	0.7700875688238569	6.915726504454541	11.63868101072195
	gen22ind16	378.28289154535554	0.33705301113969244	0.8254195493709666	1.409290617179341	0.7710811208621068	4550.591148888026	4.7765035977963315	0.6646921324435606	6.846301147270053	11.64470601252767
	gen22ind17	378.35477089798155	0.34212221863560355	0.8190208481196104	1.4104731972410678	0.7655127009869896	4572.021698562718	4.7765035977963315	0.7299079812663472	6.937842938622303	11.595629713326577
	gen17ind12	378.3601909307519	0.36761804689868793	0.7997981238329207	1.4149406865796426	0.7740096877992875	4621.357473333907	5.10842411375139	0.6529822234716058	6.989034413914087	11.65250402463927
	gen21ind6	378.4397856075146	0.33705301113969244	0.837453891752189	1.408942395219857	0.7644671167418073	4550.591148888026	4.7765035977963315	0.8815963897220798	6.846301147270053	11.64470601252767
	gen24ind4	378.45013235631694	0.35414238848842067	0.8096080011630837	1.4116775814194384	0.7743315248560516	4591.171289411193	5.066934049257007	0.5778836566699147	6.99479010527908	11.567786978634183
	gen24ind8	378.47457359074525	0.3340120757510918	0.8238668085953655	1.409617035022181	0.7641247911683124	4550.679036955786	5.082606289543344	0.6806991998374362	6.913087851367578	11.580807430268461
	gen23ind10	378.4834856519737	0.3254690973160447	0.8238668085953655	1.4085536524628544	0.7590530040476751	4577.956221038607	4.7765035977963315	0.6475057382248816	6.920506953813286	11.522853676715084
	gen22ind6	378.5541313866635	0.362274139603966	0.8041837557661602	1.4145079762289057	0.7677697960361172	4629.093229507151	3.303152443841989	0.8838034717136569	6.908341444999874	11.647498747680721
	gen22ind18	378.5578309859483	0.3450681201187238	0.8342052779884371	1.4104731972410678	0.757324505444434	4586.37313831051	8.470027066603897	0.7564195884118424	6.85354064372677	11.613522816036234
	gen24ind14	378.5831519721771	0.3569512550914428	0.8118324662141432	1.4101326279753512	0.7789073208113422	4584.0837817915235	5.274384371728919	0.5772586949920513	6.939281829968121	11.585668194205468
	gen21ind16	378.606122921818	0.36773308990235354	0.7916589436570112	1.4149406865796426	0.7754858426561957	4664.4858159722935	3.1371921858644596	0.6264736954135237	6.957678679503501	11.632482916805074
	gen22ind19	378.61148293127866	0.3334887789047495	0.8172483842122804	1.4115900695757113	0.7581153984368387	4551.054575240378	4.7765035977963315	0.7224029926545233	6.936633769560421	11.52609157564495
	gen21ind19	378.8044583719473	0.3373485593094076	0.8141748876438551	1.412706941910355	0.7626386302169035	4574.488874604887	4.942463855773861	0.6897283937088374	6.920506953813286	11.555235322442044
	gen21ind4	378.82483459230133	0.3446968275586844	0.8041837557661602	1.4145079762289057	0.7523974834094684	4594.971242760598	3.3861325728307534	0.9685600585852865	6.922078036067638	11.642493470722172
	gen21ind17	379.3819632863834	0.34689587796179944	0.8113923306380004	1.4124905867349868	0.7644671167418073	4569.554522520549	4.7765035977963315	0.830235064200451	6.888253322319014	11.633013420337752
	gen21ind15	379.52251936415297	0.33290091631903673	0.8056743703735736	1.4104731972410678	0.7586930145117409	4556.996707093189	2.8882517988981657	0.7224029926545233	6.953969754369439	11.555235322442044
	gen20ind17	379.62398232134245	0.3373485593094076	0.8141748876438551	1.412706941910355	0.7638508260458394	4574.488874604887	4.942463855773861	0.7163851462941309	6.920506953813286	11.555235322442044
	gen20ind10	379.8922089305815	0.3450681201187238	0.8274117364100254	1.4104731972410678	0.7636940647310902	4586.37313831051	8.553007195592663	0.7564195884118424	6.888253322319014	11.613522816036234
	gen21ind14	379.9129334232306	0.3450681201187238	0.8274117364100254	1.4104731972410678	0.7637938623667077	4586.37313831051	8.553007195592663	0.7564195884118424	6.888253322319014	11.613522816036234
	gen21ind2	379.91498655780003	0.3387120965240653	0.8238668085953655	1.412185521678841	0.7656793125707433	4554.343203196314	4.7765035977963315	0.8310771842044776	6.888253322319014	11.610920791826832
	gen18ind18	379.9233348032773	0.3323769476609846	0.8238668085953655	1.4104731972410678	0.7675702007648824	4569.554522520549	4.7765035977963315	0.7224029926545233	6.888253322319014	11.613522816036234
	gen19ind1	379.93028220619385	0.33705301113969244	0.8238668085953655	1.412185521678841	0.7644671167418073	4554.343203196314	4.7765035977963315	0.8310771842044776	6.888253322319014	11.601175489676073
	gen23ind14	379.99620070257015	0.3529259233985098	0.8087843090497808	1.4125884314506922	0.7677697960361172	4607.73318390883	4.164298214302307	0.8537297240253598	6.9307857493690666	11.615052023626383
	gen18ind2	380.08363366671165	0.362274139603966	0.8024627804952951	1.4145079762289057	0.7677697960361172	4629.093229507151	5.10842411375139	0.8767145791650307	6.922078036067638	11.65250402463927
	gen22ind7	380.2993494207822	0.33428531372966264	0.8191819657359415	1.4104731972410678	0.7636940647310902	4554.111490020137	5.4716891102791205	0.7840209016722168	6.842301470046653	11.613522816036234
	gen20ind19	380.3037878584127	0.3280059876086471	0.8285516514547896	1.4104731972410678	0.7675702007648824	4569.554522520549	4.7765035977963315	0.7224029926545233	6.888253322319014	11.613522816036234
	gen20ind1	380.44184082379786	0.3626082862556749	0.8041837557661602	1.4165284832378813	0.784382015123756	4637.927026599691	5.357364500717684	0.5336030328726793	6.946194314535402	11.644088065961132
	gen22ind0	380.77980010381384	0.33705301113969244	0.8397963131819011	1.408942395219857	0.7725351954983756	4550.591148888026	4.7765035977963315	0.8815963897220798	6.860037738337816	11.64470601252767
	gen18ind14	380.79205321662835	0.3626082862556749	0.7997981238329207	1.4149406865796426	0.784382015123756	4637.927026599691	5.10842411375139	0.511643360853597	6.9431996865900665	11.632482916805074
	gen20ind3	380.856117411616	0.36761804689868793	0.8112299593325423	1.412343508131707	0.7740096877992875	4621.357473333907	12.910371696310346	0.5162992589631026	6.917332334708326	11.66618060532804
	gen19ind2	380.9108955923937	0.3626082862556749	0.7960422133998175	1.4151826660498612	0.7818899209433364	4637.927026599691	5.10842411375139	0.511643360853597	6.96586665408506	11.632482916805074
	gen22ind3	380.97940487631104	0.33856432243920775	0.8238668085953655	1.412185521678841	0.7656793125707433	4554.343203196314	4.7765035977963315	0.8854142799794548	6.888253322319014	11.633890875443846
	gen23ind7	381.0025944678003	0.34982494166141254	0.8041837557661602	1.4142901093273004	0.7677697960361172	4601.936154880126	4.0813180853135425	0.8537297240253598	6.878901303589725	11.64774918893318
	gen18ind17	381.07131988301705	0.353532219499291	0.8118324662141432	1.4145079762289057	0.7693159000575513	4595.455997927228	4.942463855773861	0.8767145791650307	6.922078036067638	11.65250402463927
	gen20ind12	381.15366864118624	0.31095139731422183	0.803061202347664	1.4063557552774002	0.7634751773079538	4574.500533237637	4.7765035977963315	0.4240187569182791	6.96861753138417	11.58456785096977
	gen21ind11	381.5104045184587	0.34689587796179944	0.8238668085953655	1.4128635491237647	0.7774058305863547	4569.554522520549	4.942463855773861	0.7700875688238569	6.915726504454541	11.623002866420654
	gen18ind9	381.6555027902138	0.36761804689868793	0.8073347971272292	1.4149406865796426	0.7740096877992875	4621.357473333907	10.856159639434651	0.6529822234716058	6.917332334708326	11.66618060532804
	gen21ind12	381.7683371316378	0.3754742510456257	0.7901062028814103	1.4139988379324526	0.7892512960076751	4650.449264152052	5.564814823189595	0.39726866964743945	6.997920030589633	11.619769803051586
	gen22ind2	382.2366684058328	0.3450681201187238	0.8216264425399001	1.4114818919880272	0.7653925842010022	4586.37313831051	8.594497260087046	0.8195695129290298	6.888253322319014	11.633013420337752
	gen20ind14	382.42168735978163	0.362274139603966	0.8024627804952951	1.4161240881105956	0.7677697960361172	4642.04396721049	5.10842411375139	0.961648629697325	6.93899039294195	11.660609790845836
	gen17ind13	382.5349051727554	0.34258840595975193	0.7949509596290886	1.4149919351693427	0.7627856076752779	4598.670590858681	5.10842411375139	0.7340324429783257	6.967411971057624	11.601487289375381
	gen17ind2	382.92418186292076	0.3574407309492242	0.7997981238329207	1.4145079762289057	0.7693159000575513	4621.357473333907	5.10842411375139	0.8767145791650307	6.922078036067638	11.65250402463927
	gen20ind11	383.0125143293344	0.37774303005031507	0.7922362185483018	1.4149406865796426	0.7918960864424396	4664.4858159722935	5.10842411375139	0.511643360853597	6.9431996865900665	11.632482916805074
	gen18ind6	383.4642687146761	0.34258840595975193	0.7920077994222947	1.4169594501590361	0.7515615275512684	4596.241842479189	1.1659602579775292	0.7413040299734504	6.972157672416936	11.506700975808348
	gen20ind18	383.6065222072041	0.32338569317387217	0.8238668085953655	1.4104731972410678	0.7710815702840541	4582.048521135179	4.7765035977963315	0.7224029926545233	6.888253322319014	11.595629713326577
	gen18ind10	383.6153936375613	0.34258840595975193	0.7913707772004328	1.4149919351693427	0.7627856076752779	4584.211739377275	5.10842411375139	0.7340324429783257	6.9626582761486455	11.519038004316231
	gen18ind0	383.71805425252734	0.32868322776721615	0.808686476546519	1.417012551407446	0.7742658898706722	4586.775508690493	1.1659602579775292	0.38315257352274695	6.930205497367975	11.583282386966417
	gen19ind4	383.7808646357951	0.353532219499291	0.8074468342809036	1.4137054210044475	0.7693159000575513	4595.455997927228	4.942463855773861	0.9399556698884455	6.922078036067638	11.629734348449366
	gen17ind0	383.81156146816625	0.33613326890458084	0.8051169236942353	1.4099735384107788	0.7817282361498512	4579.515007283531	8.884927711547721	0.35717426616280573	6.90548430023486	11.526437266029637
	gen20ind15	383.879725581788	0.33893289027360063	0.8078303185486007	1.4136010904757894	0.7569513691773637	4565.7319918113135	10.690199381457123	0.7066964821542968	6.828753514005413	11.617778826285313
	gen19ind10	384.19837105454803	0.34487003403955885	0.7997981238329207	1.4149406865796426	0.7715175936188678	4598.91672826897	5.10842411375139	0.6867108080097194	6.989034413914087	11.65250402463927
	gen15ind19	384.357752074165	0.35471290086166585	0.7997981238329207	1.4149406865796426	0.7740096877992875	4621.357473333907	5.10842411375139	0.7580518761030719	6.989034413914087	11.65250402463927
	gen15ind1	384.4711280627431	0.34258840595975193	0.7920077994222947	1.4179326251044522	0.7515615275512684	4598.670590858681	5.10842411375139	0.9986938099262722	6.972157672416936	11.62780937191895
	gen21ind3	384.50583580756836	0.3387666233118599	0.7920077994222947	1.4169594501590361	0.7515615275512684	4602.520750192869	1.1659602579775292	0.8389912587949057	6.972157672416936	11.506700975808348
	gen20ind6	384.54883091036015	0.34258840595975193	0.7946463939901784	1.4170093246632618	0.7627856076752779	4603.441384794294	5.10842411375139	0.8111882362335794	6.9626582761486455	11.567672355414844
	gen21ind0	384.56605428665046	0.3270154257490759	0.8074468342809036	1.4104731972410678	0.7675702007648824	4569.554522520549	4.7765035977963315	0.7224029926545233	6.888253322319014	11.595629713326577
	gen17ind18	384.938772282862	0.34242948974224346	0.7926377589756093	1.4157013597293273	0.7837039366324126	4581.918011931507	4.7765035977963315	0.4534116214603603	6.9795270240961305	11.465227582527174
	gen19ind19	385.16357249536804	0.3282458276472083	0.7960238967801347	1.4178774487653483	0.7515615275512684	4574.0506954656485	1.1659602579775292	0.851669439110994	6.899231035782222	11.506700975808348
	gen20ind2	385.5691688641364	0.3387562358096816	0.7965728616138728	1.4101599828142488	0.771489855780151	4616.983264814746	4.7765035977963315	0.6837889134193916	6.955178923431321	11.644469620778441
	gen17ind17	385.5971876812898	0.3188076014611596	0.7910268599664416	1.4085894999466877	0.7734326264989281	4598.871098342882	4.7765035977963315	0.4240187569182791	6.960179160635594	11.59404790135419
	gen18ind11	385.6773147249988	0.3188076014611596	0.7910268599664416	1.4085894999466877	0.7734326264989281	4608.6867852772075	4.7765035977963315	0.4240187569182791	6.96861753138417	11.59404790135419
	gen17ind10	385.7690079288059	0.3265294917661924	0.7927569719599836	1.417012551407446	0.7678130952754028	4586.775508690493	1.1659602579775292	0.4974556940739546	6.972157672416936	11.590425664907775
	gen21ind1	385.9030078366526	0.33617283413798205	0.7910268599664416	1.4101599828142488	0.7699383137686134	4594.542519749808	4.7765035977963315	0.6306575050086174	6.955178923431321	11.581443344699185
	gen19ind9	386.0144320831127	0.3344037810474124	0.7920711733412977	1.4123427783195832	0.7627856076752779	4568.912100099844	5.10842411375139	0.7340324429783257	6.9626582761486455	11.483377778105492
	gen19ind8	386.0573148409472	0.33617283413798205	0.7910268599664416	1.4101599828142488	0.7699383137686134	4594.542519749808	4.7765035977963315	0.6362901334107058	6.955178923431321	11.57773661061692
	gen16ind14	386.11755692010667	0.33613326890458084	0.7929142227494599	1.4118509694342203	0.7864220238915873	4607.327748044829	5.10842411375139	0.35717426616280573	6.985624750189197	11.561162464383594
	gen15ind12	386.2094592405134	0.33651821437215845	0.79145711137473	1.417270516644305	0.7656356389479942	4607.327748044829	5.10842411375139	0.6970466189825353	6.985341744524823	11.561162464383594
	gen18ind1	386.2261282867068	0.34373477884279485	0.8140102944157265	1.4100815839774556	0.7695209796765927	4562.101741107833	12.661431309344053	0.6365557681987224	6.795416827914375	11.585784626846245
	gen15ind17	386.37444154124364	0.33893289027360063	0.8242035257224714	1.4111858245327595	0.7646221123158151	4565.7319918113135	12.661431309344053	0.7066964821542968	6.828753514005413	11.583053627931356
	gen19ind18	386.57900022493516	0.3366266765070053	0.807601243152159	1.4129440296115447	0.7693159000575513	4621.357473333907	4.7765035977963315	0.8767145791650307	6.907650409428391	11.623275962996729
	gen16ind0	386.93508598661856	0.3627999410125819	0.79145711137473	1.413515431996259	0.7713124023300235	4597.5576762515	12.661431309344053	0.5738502226999025	6.943404460658442	11.595186790444412
	gen19ind14	387.0684709705612	0.3257409473257018	0.792377832510945	1.4145690982763393	0.7548845521205342	4574.549589054247	1.0	0.7413040299734504	6.972157672416936	11.506700975808348
	gen16ind13	387.4541786530087	0.3442572475853191	0.7926377589756093	1.4190747600151736	0.7785714908239998	4592.4397703710965	4.7765035977963315	0.5841589710662138	6.9795270240961305	11.48760545452097
	gen19ind15	387.90242630135504	0.3451600031323739	0.7995829981287765	1.4144823519340557	0.7749279401195561	4621.357473333907	1.1659602579775292	0.8767145791650307	6.920838478311111	11.623275962996729
	gen14ind0	387.9675241922669	0.33893289027360063	0.8238668085953655	1.4111858245327595	0.7644671167418073	4569.554522520549	12.661431309344053	0.8005901973841252	6.879401468598189	11.613522816036234
	gen17ind5	388.01867497397654	0.33893289027360063	0.8078303185486007	1.4136010904757894	0.7625634092393685	4565.7319918113135	12.661431309344053	0.7066964821542968	6.828753514005413	11.617778826285313
	gen18ind8	388.12230597387594	0.3326451826629059	0.7995829981287765	1.4145079762289057	0.7693159000575513	4621.357473333907	1.1659602579775292	0.8767145791650307	6.907650409428391	11.623275962996729
	gen16ind6	388.1864809831439	0.3289133689875746	0.7910268599664416	1.4085894999466877	0.7833080638883057	4598.871098342882	4.7765035977963315	0.4240187569182791	6.964285312997107	11.57773661061692
	gen17ind1	388.54419653247345	0.3388534321648464	0.8402774106926172	1.4071184387699363	0.7832595397605937	4565.7319918113135	12.661431309344053	0.7066964821542968	6.757051434799652	11.56067575593756
	gen18ind16	388.7009444206641	0.3289133689875746	0.7910268599664416	1.4101599828142488	0.771489855780151	4594.542519749808	4.7765035977963315	0.6124478453260391	6.955178923431321	11.57773661061692
	gen13ind19	388.8611399664515	0.33893289027360063	0.8205670663269208	1.4111858245327595	0.7646221123158151	4569.554522520549	12.661431309344053	0.8005901973841252	6.879401468598189	11.583053627931356
	gen17ind4	388.97087985440737	0.34623903643099585	0.7929142227494599	1.4096423728801237	0.7962974612809649	4607.327748044829	5.10842411375139	0.35717426616280573	6.97124814430995	11.561162464383594
	gen19ind16	389.6861667969497	0.34487003403955885	0.7942521221854896	1.4149406865796426	0.7740096877992875	4598.91672826897	5.10842411375139	0.7580518761030719	6.989034413914087	11.58577101447775
	gen17ind19	390.03532835799496	0.338547944806023	0.825345657320544	1.4045012243903372	0.7781270939521808	4568.947655797207	12.661431309344053	0.7066964821542968	6.825351843830189	11.583053627931356
	gen19ind11	390.4615983474166	0.31579772402885575	0.7951973661955369	1.4121176243462088	0.7628698203857488	4621.357473333907	1.0	0.8767145791650307	6.907650409428391	11.623275962996729
	gen16ind4	390.5586380796836	0.33976731108638425	0.8242035257224714	1.4104918390557826	0.7781270939521808	4565.7319918113135	12.661431309344053	0.7066964821542968	6.828753514005413	11.583053627931356
	gen17ind16	390.78070321066696	0.3418185150245967	0.7949220221717546	1.4060624263804191	0.7854305056419015	4598.871098342882	12.661431309344053	0.3189491042868131	6.969039007906085	11.57773661061692
	gen15ind2	390.83135441251324	0.3627999410125819	0.79145711137473	1.413515431996259	0.7713124023300235	4602.8766547135065	12.661431309344053	0.6970466189825353	6.980369977139961	11.595186790444412
	gen13ind8	392.86350742922275	0.36839869803379616	0.79145711137473	1.415322370941842	0.7740096877992875	4615.984905230976	12.661431309344053	0.7580518761030719	6.989034413914087	11.65250402463927
	gen14ind2	393.2347752129894	0.3562510978557357	0.79145711137473	1.4202589643829149	0.7593270449196683	4593.087931266117	12.661431309344053	0.9468897674121758	6.945836203592883	11.652046506569148
	gen16ind11	393.3801760093223	0.34258840595975193	0.7958550052677229	1.4176477096201596	0.7520763191866333	4586.775508690493	12.661431309344053	0.9681911813660039	6.972157672416936	11.707444374748377
	gen17ind9	393.4003037018412	0.35670088994749516	0.7920557557821796	1.4179326251044522	0.758544245124636	4596.353531362325	12.661431309344053	0.9681911813660039	6.972157672416936	11.673480152046789
	gen18ind13	393.43199282500007	0.328078948174791	0.7921834602931812	1.4085894999466877	0.7833080638883057	4601.986508586674	4.942463855773861	0.49895549287433505	6.9582277864778534	11.57773661061692
	gen18ind15	394.5348320580095	0.3543333354940647	0.7949220221717546	1.4060624263804191	0.7963971899482286	4616.16208066459	12.661431309344053	0.3189491042868131	6.977477378654661	11.550266435562367
	gen16ind8	394.55364049977004	0.36839869803379616	0.79145711137473	1.415322370941842	0.7644473829797038	4627.228092726489	20.546359020891774	0.7580518761030719	6.989034413914087	11.65250402463927
	gen20ind8	394.8079346012704	0.3385801862970582	0.7963561732911904	1.4117650932631651	0.7802158558454374	4608.007266661018	8.553007195592663	0.5576130711329388	6.989034413914087	11.623275962996729
	gen19ind6	394.8563357404263	0.3385801862970582	0.7963561732911904	1.4149406865796426	0.7802158558454374	4614.342610689368	8.553007195592663	0.5576130711329388	6.989034413914087	11.64062868526004
	gen19ind17	394.85704041541203	0.3385801862970582	0.7963561732911904	1.4149406865796426	0.7802158558454374	4614.342610689368	8.553007195592663	0.5576130711329388	6.989034413914087	11.64302397425485
	gen17ind7	394.85984767305183	0.3385801862970582	0.7963561732911904	1.4149406865796426	0.7802158558454374	4614.342610689368	8.553007195592663	0.5576130711329388	6.989034413914087	11.65250402463927
	gen17ind3	395.69544586918863	0.3442572475853191	0.7926377589756093	1.4190747600151736	0.7902005491543467	4592.4397703710965	4.7765035977963315	0.5841589710662138	6.9795270240961305	11.48760545452097
	gen16ind9	395.74162696975515	0.34258840595975193	0.7920077994222947	1.4179326251044522	0.7515615275512684	4572.915571526762	12.661431309344053	0.9986938099262722	6.972157672416936	11.676078557344779
	gen14ind4	395.7794735004412	0.34258840595975193	0.7920077994222947	1.4179326251044522	0.7515615275512684	4586.775508690493	12.661431309344053	0.9986938099262722	6.972157672416936	11.62780937191895
	gen21ind7	396.0758960187674	0.31909017270935136	0.7910268599664416	1.4101599828142488	0.7699383137686134	4555.486180918916	4.7765035977963315	0.7388554848105424	6.955178923431321	11.57773661061692
	gen15ind8	396.28934631187366	0.3377135239932394	0.8205292483875426	1.4111858245327595	0.7778394993274711	4576.109959063118	12.661431309344053	0.8005901973841252	6.879401468598189	11.580758437524036
	gen12ind3	396.63632548124434	0.34258840595975193	0.7920077994222947	1.4179326251044522	0.7543572206989895	4586.775508690493	12.661431309344053	0.9681911813660039	6.972157672416936	11.62780937191895
	gen19ind7	396.87686939519995	0.3282433850397546	0.8043883680068702	1.4136010904757894	0.773851561305297	4565.7319918113135	12.661431309344053	0.642300783296095	6.828753514005413	11.586722076978745
	gen15ind7	397.0451593955155	0.3418185150245967	0.7949220221717546	1.407093530684283	0.7931342974384546	4598.871098342882	12.661431309344053	0.3189491042868131	6.9727236837456825	11.57773661061692
	gen18ind7	397.1628676321208	0.35727413461611257	0.7949220221717546	1.4060624263804191	0.7861819080329758	4616.16208066459	14.632663237230982	0.5085785468323512	6.943999189731436	11.57773661061692
	gen16ind5	397.39073860593635	0.3407606481166763	0.7920557557821796	1.4179326251044522	0.7543572206989895	4592.024952769251	12.661431309344053	0.9681911813660039	6.972157672416936	11.62780937191895
	gen15ind10	398.7772556310807	0.3265294917661924	0.7916286599732559	1.417012551407446	0.7631639072308937	4586.775508690493	12.661431309344053	0.664472253666351	6.972157672416936	11.62780937191895
	gen16ind19	399.0007092378979	0.3627999410125819	0.7950935707702805	1.413515431996259	0.7713124023300235	4593.106582920178	20.546359020891774	0.7661760331470986	6.932451677130365	11.588468028543698
	gen17ind6	399.07921732112464	0.34258840595975193	0.7958550052677229	1.4176477096201596	0.7595527391437136	4586.775508690493	12.661431309344053	0.9681911813660039	6.972157672416936	11.740767828516056
	gen17ind8	399.0828186857951	0.3372629270939627	0.7949220221717546	1.407093530684283	0.7931342974384546	4598.871098342882	12.661431309344053	0.3189491042868131	6.9727236837456825	11.57773661061692
	gen15ind13	399.70443159587313	0.3521720281638414	0.8073386596013805	1.411353085488525	0.7796010740947297	4604.089823062788	12.661431309344053	0.805262232141491	6.995837754264535	11.561162464383594
	gen15ind14	399.93628860394784	0.3442572475853191	0.7926377589756093	1.4165446541504982	0.7785714908239998	4597.27439684801	12.661431309344053	0.5841589710662138	6.9795270240961305	11.493234018980415
	gen13ind14	400.1677599832011	0.3364941577128782	0.7949220221717546	1.407093530684283	0.7956815635482095	4598.871098342882	12.661431309344053	0.3189491042868131	6.9254773993281304	11.571017848716206
	gen11ind4	400.3041834767567	0.33893289027360063	0.79145711137473	1.4164305912452337	0.7646221123158151	4591.674761550183	12.661431309344053	0.8005901973841252	6.995837754264535	11.642161931860624
	gen15ind4	400.4455474291763	0.34673531085422016	0.79145711137473	1.413515431996259	0.77459358579235	4607.9123537720225	12.661431309344053	0.7223361504725239	6.953514291142689	11.561162464383594
	gen15ind0	400.9343798136906	0.3521720281638414	0.79145711137473	1.413515431996259	0.7821711100057992	4604.089823062788	12.661431309344053	0.62389683396851	6.962620386767188	11.541900619117136
	gen12ind8	401.0252878991811	0.3364941577128782	0.7949220221717546	1.4110322659810892	0.7956815635482095	4597.093993754289	12.661431309344053	0.3189491042868131	6.945189799671759	11.571017848716206
	gen16ind2	401.40282909934604	0.37763948892578025	0.8012796364035902	1.4120520518169735	0.7879010932222489	4602.8766547135065	20.546359020891774	0.6970466189825353	6.974907485247385	11.623193226897655
	gen17ind15	401.47471691845465	0.3320976929657593	0.793740254820807	1.414721674448464	0.765268168253205	4586.775508690493	12.661431309344053	0.7791424240181428	6.972157672416936	11.619084282005204
	gen15ind3	401.7213658804552	0.3521720281638414	0.7919040039970383	1.4160455378609345	0.7796010740947297	4604.089823062788	12.661431309344053	0.6970466189825353	6.965354332066488	11.55553389992415
	gen18ind4	401.9134429866318	0.3425089478509977	0.7958550052677229	1.4176477096201596	0.7625354836652006	4578.399219226905	12.495471051366524	0.9681911813660039	6.978215198936189	11.707444374748377
	gen16ind16	402.0304203724967	0.33347723009848396	0.7978941198358824	1.4120512452342333	0.7740096877992875	4646.198527178311	20.546359020891774	0.4693710760303792	6.962666269698312	11.62343439225764
	gen14ind11	402.401852400538	0.33893289027360063	0.7921037121420644	1.4155105175482277	0.7785714908239998	4597.27439684801	12.661431309344053	0.5841589710662138	6.973226691486317	11.493234018980415
	gen15ind9	402.4378130251637	0.36839869803379616	0.7997981238329207	1.4166051491416813	0.7721094249301041	4621.357473333907	28.431286732439496	0.7580518761030719	6.9735666367895135	11.679809588799372
	gen17ind11	402.7152515574911	0.3415950689294599	0.7920557557821796	1.418503692559813	0.7678622023353552	4601.787052191419	8.718967453570192	0.9681911813660039	6.972157672416936	11.62780937191895
	gen12ind10	402.8518583207583	0.3521720281638414	0.79145711137473	1.413515431996259	0.7796010740947297	4604.089823062788	12.661431309344053	0.6970466189825353	6.995837754264535	11.561162464383594
	gen15ind16	403.3233759246891	0.33893289027360063	0.795740171537615	1.4155105175482277	0.7785714908239998	4593.451866138776	20.546359020891774	0.5588694395762253	6.921906721301497	11.486515257079699
	gen14ind18	403.86911033482795	0.36839869803379616	0.7997981238329207	1.4149406865796426	0.7740096877992875	4621.357473333907	28.431286732439496	0.7580518761030719	6.989034413914087	11.65250402463927
	gen13ind17	404.759972474959	0.33893289027360063	0.7915327472534862	1.4164305912452337	0.7702828190592936	4597.27439684801	12.661431309344053	0.8005901973841252	6.973226691486317	11.543374973204436
	gen16ind18	405.3491433310695	0.34472453756830446	0.7949220221717546	1.407093530684283	0.8063778433235758	4598.871098342882	12.661431309344053	0.254076917416824	6.941637989791062	11.57773661061692
	gen8ind11	405.41170825612676	0.3473909772617496	0.79145711137473	1.4164305912452337	0.7796010740947297	4604.089823062788	12.661431309344053	0.6970466189825353	6.995837754264535	11.561162464383594
	gen16ind7	405.6796941036619	0.3468739656361843	0.7997981238329207	1.4149406865796426	0.7698226633736409	4646.198527178311	24.654783134643164	0.7275492475428036	6.960819935003681	11.62343439225764
	gen11ind1	408.03979797227055	0.3468765487911166	0.79145711137473	1.4164305912452337	0.769089243414038	4604.089823062788	12.661431309344053	0.9468897674121758	6.995837754264535	11.65250402463927
	gen16ind10	408.7430684853304	0.353772438186799	0.7935986414561724	1.411884790861208	0.7881854924621328	4598.770844600782	16.603895165117912	0.5883753738993798	6.973226691486317	11.569509640859486
	gen14ind1	409.09193239665274	0.329394977156358	0.79145711137473	1.415322370941842	0.7740096877992875	4615.984905230976	5.10842411375139	0.9979946492595593	6.995837754264535	11.65250402463927
	gen13ind3	409.5199449716445	0.3575490213020791	0.7991692840296745	1.4161548739215966	0.7843601500612525	4583.4450967287885	75.74085300172582	0.0052555291644090785	6.933966645766239	11.736358509702175
	gen16ind1	410.9817867686457	0.3468739656361843	0.8039686300620161	1.4149406865796426	0.7740096877992875	4646.198527178311	28.431286732439496	0.7580518761030719	6.954932381136025	11.63708717433769
	gen14ind16	411.32461145276005	0.3521720281638414	0.79145711137473	1.4093915164675985	0.7756880276970312	4604.089823062788	12.661431309344053	0.9395338921687659	6.995837754264535	11.491445138109038
	gen14ind5	411.75528276064364	0.36861198609999735	0.7987300301658311	1.4128724133751012	0.7791042200187972	4596.4447616443185	28.431286732439496	0.8963107044321985	6.893197813894894	11.63906650083784
	gen11ind18	412.8300052817351	0.3364941577128782	0.79145711137473	1.4110322659810892	0.7956815635482095	4604.089823062788	12.661431309344053	0.4634482517963758	6.995837754264535	11.538784592389797
	gen15ind6	413.1785105368795	0.3468739656361843	0.7997981238329207	1.4149406865796426	0.7740096877992875	4646.198527178311	28.431286732439496	0.7580518761030719	6.962666269698312	11.62343439225764
	gen15ind18	413.5941207053007	0.3577499834103592	0.7987300301658311	1.4128724133751012	0.7791042200187972	4596.4447616443185	28.431286732439496	0.7934027834172726	6.931535630077473	11.587221581751518
	gen12ind0	413.91253422073817	0.3468765487911166	0.79145711137473	1.415322370941842	0.7740096877992875	4615.984905230976	12.661431309344053	0.9468897674121758	6.995837754264535	11.65250402463927
	gen13ind6	415.52713120468854	0.3738960335431178	0.7980565959116196	1.4104224558083602	0.7820396639544941	4580.299658726411	44.20114215553494	0.6983804336893581	6.99314969189636	11.657862233362817
	gen16ind12	416.04637024643637	0.3658126075893902	0.7987300301658311	1.4082590641741883	0.7977994941002658	4596.4447616443185	28.431286732439496	0.5367996166822887	6.9181985892307205	11.63906650083784
	gen15ind15	416.26480942528394	0.36861198609999735	0.7987300301658311	1.4082590641741883	0.7977994941002658	4596.4447616443185	28.431286732439496	0.567302245242557	6.9181985892307205	11.63906650083784
	gen12ind15	416.5442496498147	0.3738960335431178	0.794420136516069	1.4104224558083602	0.7822880909924603	4580.299658726411	44.20114215553494	0.6683766662540563	6.99314969189636	11.62562897703641
	gen13ind10	417.5924307808012	0.3607945243788637	0.7970876910881589	1.4051976832692379	0.7918810378098429	4597.747524380724	75.74085300172582	0.26568349416944353	6.859446553313577	11.62562897703641
	gen13ind9	417.9054810349448	0.3577499834103592	0.7987300301658311	1.4128724133751012	0.7791042200187972	4596.4447616443185	28.431286732439496	0.8963107044321985	6.894541845078982	11.63906650083784
	gen16ind17	418.045548903085	0.3349404402666937	0.7997981238329207	1.4149406865796426	0.7740096877992875	4629.537461081833	28.431286732439496	0.7580518761030719	6.912182015427426	11.62343439225764
	gen14ind13	419.135819194017	0.3364941577128782	0.79145711137473	1.4110322659810892	0.7967175930826056	4610.385269933149	28.431286732439496	0.2888728490328928	6.995837754264535	11.538784592389797
	gen12ind13	419.8985813816857	0.3627402168411983	0.7974368286311622	1.418299926401973	0.7843601500612525	4592.890552467133	75.74085300172582	0.3192258607270904	6.933966645766239	11.736358509702175
	gen15ind11	420.1854045486502	0.33435008629719587	0.7917324553985123	1.4117832829106984	0.7967175930826056	4610.385269933149	28.431286732439496	0.2888728490328928	6.995837754264535	11.538784592389797
	gen12ind19	420.22695816493354	0.3577499834103592	0.7987300301658311	1.4104224558083602	0.7791042200187972	4596.4447616443185	44.20114215553494	0.7570541538531388	6.894541845078982	11.62562897703641
	gen14ind15	420.75367407133433	0.3607945243788637	0.7970876910881589	1.404643573117542	0.7890853446621218	4601.085703104865	75.74085300172582	0.4607203244234489	6.841814021728077	11.687416385327452
	gen12ind6	421.74177402907014	0.3607945243788637	0.7970876910881589	1.4051976832692379	0.7918810378098429	4597.747524380724	75.74085300172582	0.40804832396340995	6.87699419919628	11.62562897703641
	gen10ind4	422.22448390119746	0.3577499834103592	0.7987300301658311	1.4037201094713987	0.7918810378098429	4580.272063698779	75.74085300172582	0.40804832396340995	6.894541845078982	11.62562897703641
	gen13ind18	422.5745108890233	0.35549891297847813	0.7974368286311622	1.4162527743063094	0.7901757478979066	4597.882292306485	75.74085300172582	0.3050002667236046	6.933966645766239	11.736358509702175
	gen11ind2	422.63886782091026	0.35549891297847813	0.7974368286311622	1.4162527743063094	0.7901757478979066	4604.089823062788	75.74085300172582	0.3050002667236046	6.933966645766239	11.736358509702175
	gen12ind18	422.7652068327496	0.3473909772617496	0.7921793480208207	1.4110322659810892	0.7956815635482095	4584.818001008179	12.661431309344053	0.646441186702801	6.995837754264535	11.538784592389797
	gen13ind0	422.82045214362194	0.37165652706850194	0.7970876910881589	1.4036511951752884	0.7932245462587082	4597.747524380724	91.51070842482127	0.40804832396340995	6.87699419919628	11.62562897703641
	gen11ind3	423.32050052591643	0.3577499834103592	0.798386932968779	1.4074183880899236	0.7918810378098429	4590.09816444579	75.74085300172582	0.40804832396340995	6.894541845078982	11.62562897703641
	gen14ind9	423.9173467213199	0.3643936559103178	0.794420136516069	1.4078122016457502	0.7850409988176118	4580.299658726411	44.20114215553494	0.6683766662540563	6.99314969189636	11.526842018380222
	gen12ind1	423.9605777878697	0.3627402168411983	0.7974368286311622	1.4162527743063094	0.7956749481610657	4594.291574821753	75.74085300172582	0.32836252730805376	6.933966645766239	11.736358509702175
	gen11ind8	424.9603926724106	0.379543622508102	0.7940555951359702	1.4145167599996875	0.7597200589028833	4557.9011175351	75.74085300172582	0.7717014799341391	6.993646283481445	11.670384721024003
	gen4ind10	425.42155816977294	0.36506101478266173	0.8097554431872312	1.4104224558083602	0.7602178243400775	4560.894499524702	75.74085300172582	0.9503374487303473	6.899239121489334	11.78762791199047
	gen9ind5	425.75017018407823	0.379543622508102	0.79145711137473	1.4145167599996875	0.7597200589028833	4557.9011175351	75.74085300172582	0.875245058335729	6.993646283481445	11.670384721024003
	gen10ind19	426.2577762548446	0.3738960335431178	0.8035693024223196	1.4104224558083602	0.7800859470045916	4580.299658726411	75.74085300172582	0.7432502919271674	6.95855099171604	11.62562897703641
	gen14ind14	426.60498268466506	0.379543622508102	0.799461406705815	1.4080049432489883	0.7823496551025095	4560.703162244341	75.74085300172582	0.7899748130960658	6.899239121489334	11.618211531705589
	gen14ind19	427.16507124508837	0.379543622508102	0.8060120888508253	1.4145167599996875	0.7597200589028833	4553.159001979717	75.74085300172582	0.875245058335729	6.935428140648272	11.64083056905937
	gen11ind17	427.5288706123935	0.385632704445111	0.79145711137473	1.410075350358316	0.7881506511046122	4573.199837404967	75.74085300172582	0.5905153987477961	6.95855099171604	11.505582296897387
	gen12ind9	427.5430677593843	0.3214272619795618	0.7944469700029461	1.4141209779550858	0.7966941119448567	4604.089823062788	12.661431309344053	0.4634482517963758	6.995837754264535	11.654172698792191
	gen10ind10	427.73605281135093	0.36506101478266173	0.8008536426610021	1.4104224558083602	0.7713512545761915	4580.299658726411	75.74085300172582	0.7073950543783271	6.95855099171604	11.596923857153062
	gen8ind4	428.2710841346143	0.3473909772617496	0.816078619446194	1.4164305912452337	0.7984155427214379	4599.812207285437	75.74085300172582	0.3767107418212853	6.995837754264535	11.561162464383594
	gen10ind5	428.72370799218885	0.379543622508102	0.79145711137473	1.4080049432489883	0.8002367169088304	4560.703162244341	75.74085300172582	0.5731557894746884	6.792124526460112	11.537815553223794
	gen13ind16	429.5542693082279	0.3607945243788637	0.7970876910881589	1.404643573117542	0.7890853446621218	4603.695065464818	75.74085300172582	0.5329698981782303	6.87699419919628	11.671299757164249
	gen14ind10	429.6719893685896	0.3577499834103592	0.7987300301658311	1.4104224558083602	0.7999212825365828	4596.4447616443185	75.74085300172582	0.3924600049297988	6.894541845078982	11.62562897703641
	gen3ind0	430.9370326046746	0.36506101478266173	0.79145711137473	1.4104224558083602	0.7713512545761915	4580.299658726411	75.74085300172582	0.7432502919271674	6.95855099171604	11.596923857153062
	gen8ind16	431.0455980794218	0.3473909772617496	0.79145711137473	1.4164305912452337	0.7901757478979066	4604.089823062788	75.74085300172582	0.3050002667236046	6.995837754264535	11.58986758426694
	gen8ind12	431.15846805443965	0.379543622508102	0.79145711137473	1.4080049432489883	0.7823496551025095	4560.703162244341	75.74085300172582	0.7899748130960658	6.899239121489334	11.596923857153062
	gen14ind17	431.71269943318333	0.3607945243788637	0.7970876910881589	1.407265956473779	0.7890853446621218	4603.695065464818	75.74085300172582	0.5329698981782303	6.923906810640343	11.651460429800789
	gen13ind1	432.1353463251089	0.385632704445111	0.79145711137473	1.410075350358316	0.7934379880062007	4573.199837404967	75.74085300172582	0.5905153987477961	6.95855099171604	11.505582296897387
	gen13ind12	432.4029940135914	0.35532281128679044	0.7944469700029461	1.4173652588236034	0.7978112012215138	4598.490187764961	75.74085300172582	0.3050002667236046	6.995837754264535	11.631794826798393
	gen13ind2	432.495392788641	0.35549891297847813	0.7974368286311622	1.4162527743063094	0.7901757478979066	4595.365890235631	75.74085300172582	0.4351644378689278	6.933966645766239	11.736358509702175
	gen10ind11	432.6879234736649	0.359367083237724	0.79145711137473	1.4104224558083602	0.7713512545761915	4580.299658726411	75.74085300172582	0.7432502919271674	6.95855099171604	11.65603216108233
	gen12ind4	433.24900454025897	0.3656022619907261	0.7950935707702805	1.4081784959740102	0.7823496551025095	4560.703162244341	75.74085300172582	0.7493467079836069	6.867234548170805	11.596923857153062
	gen14ind3	433.4033531684683	0.3577499834103592	0.7987300301658311	1.4104224558083602	0.7918810378098429	4584.549679476129	75.74085300172582	0.5099260958762899	6.893197813894894	11.62562897703641
	gen9ind7	433.450364559762	0.3577499834103592	0.7987300301658311	1.4104224558083602	0.7918810378098429	4596.4447616443185	75.74085300172582	0.5092591885228785	6.894541845078982	11.62562897703641
	gen10ind3	433.672671194778	0.3819771887589597	0.7987300301658311	1.4104224558083602	0.7901757478979066	4585.724622549914	75.74085300172582	0.7432502919271674	6.95855099171604	11.62562897703641
	gen14ind12	434.22041009826916	0.3499325216892255	0.7970876910881589	1.4061900612114915	0.7878660497322396	4603.695065464818	75.74085300172582	0.5323029908248189	6.87699419919628	11.671299757164249
	gen8ind10	434.7476766354354	0.399160906565863	0.865155597699321	1.4034069577438355	0.835434940297159	4604.347640447884	3632.850776236781	0.13445977624427824	6.851804164175318	11.532820420058574
	gen12ind16	434.88581215964996	0.35549891297847813	0.7974368286311622	1.4117466727286543	0.8038052106449205	4603.301524510592	75.74085300172582	0.3050002667236046	6.933966645766239	11.728092032290068
	gen14ind8	436.40231637153795	0.3577499834103592	0.7987300301658311	1.4104224558083602	0.799843836989995	4601.694205723077	75.74085300172582	0.5092591885228785	6.895076354613673	11.583411777679153
	gen14ind6	436.50248241677036	0.379543622508102	0.79145711137473	1.4064584551550388	0.7836931635513749	4551.191919923847	91.51070842482127	0.7756398367318262	6.899239121489334	11.596923857153062
	gen10ind12	436.6640185755192	0.3822179520886784	0.865155597699321	1.4034069577438355	0.8395598500564281	4621.588994649459	3828.7052597297707	0.11135793977196218	6.80025194548034	11.442945856525059
	gen0ind12	437.61722828512654	0.36506101478266173	0.79145711137473	1.4104224558083602	0.7803974261267074	4560.894499524702	75.74085300172582	0.7899748130960658	6.899239121489334	11.596923857153062
	gen7ind3	438.51028870293703	0.3910529708491345	0.865155597699321	1.4034069577438355	0.835434940297159	4609.693912481271	3828.7052597297707	0.13445977624427824	6.781608564206092	11.442945856525059
	gen9ind3	439.2283677131868	0.3988933627352577	0.852528633357788	1.400539406888234	0.8425990342764632	4563.708964740635	3482.105155000596	0.1187994186869274	6.781608564206092	11.442945856525059
	gen12ind7	439.3302719064472	0.3660919151768694	0.79145711137473	1.4161256861588694	0.7823779396260976	4604.089823062788	107.28056384791671	0.4449012867890004	6.977194372990287	11.633289776590246
	gen9ind18	440.7932588812986	0.3988933627352577	0.8329639564350513	1.4030258985713107	0.8254798308666844	4566.072421055891	3924.8614341304165	0.10257853760466745	6.781608564206092	11.442945856525059
	gen7ind4	440.9262827952088	0.3473909772617496	0.79145711137473	1.4164305912452337	0.7713512545761915	4604.089823062788	75.74085300172582	0.6970466189825353	6.995837754264535	11.561162464383594
	gen10ind2	441.0667191548873	0.3988933627352577	0.8329639564350513	1.4067241771898353	0.8254798308666844	4566.072421055891	3924.8614341304165	0.10257853760466745	6.781608564206092	11.519934856839061
	gen7ind9	441.6530928551932	0.3473909772617496	0.8000768986742544	1.4104224558083602	0.7803974261267074	4584.6846638610805	75.74085300172582	0.7437711401514338	6.944850375508759	11.596923857153062
	gen11ind0	441.65674077132184	0.3988933627352577	0.8329639564350513	1.4018171422916246	0.8309790311298435	4559.233697018923	3390.2453854478745	0.10257853760466745	6.781608564206092	11.442945856525059
	gen8ind17	441.6830111428686	0.3988933627352577	0.8329639564350513	1.4030258985713107	0.8254798308666844	4569.031945259957	3390.2453854478745	0.10257853760466745	6.781608564206092	11.442945856525059
	gen7ind2	441.6958633435317	0.3988933627352577	0.8407001275176579	1.4030258985713107	0.8254798308666844	4571.744427171709	3390.2453854478745	0.10257853760466745	6.781608564206092	11.442945856525059
	gen13ind11	441.9953511540163	0.3855145626551	0.8496770212791116	1.4030258985713107	0.8316032711510235	4559.84934500352	2239.7969005021396	0.1743093520631837	6.762965182931844	11.388334728204853
	gen10ind13	442.5785748036696	0.3855145626551	0.8407001275176579	1.4030258985713107	0.8330272391917602	4571.744427171709	1882.8621885788152	0.056927305421469454	6.781608564206092	11.351604296269382
	gen10ind0	442.81593982641266	0.39590789266175874	0.8329639564350513	1.4030258985713107	0.8254798308666844	4562.110290441653	2319.8105560700524	0.10257853760466745	6.781608564206092	11.442945856525059
	gen9ind4	443.12146864163134	0.3834638184511636	0.8007706237161016	1.4080049432489883	0.7773721003872722	4558.27158041044	145.48908413922226	0.7899748130960658	6.899239121489334	11.596923857153062
	gen13ind15	443.79234587192815	0.3532395561122995	0.792925207201961	1.4083329815849166	0.7884550719342625	4580.299658726411	44.20114215553494	0.740487861788699	6.99314969189636	11.62562897703641
	gen7ind6	444.2410266814097	0.36506101478266173	0.7987300301658311	1.4104224558083602	0.7901757478979066	4580.299658726411	75.74085300172582	0.7432502919271674	6.95855099171604	11.62562897703641
	gen9ind6	444.68481064401914	0.3782555569666132	0.8445562917767637	1.4058051063200558	0.8239297870647573	4555.892137191982	3039.6164476160366	0.009572891663597483	6.869707966222356	11.41071260019865
	gen11ind15	444.756222299399	0.37316895049939025	0.8035693024223196	1.4132487065878725	0.7858406747777105	4580.299658726411	122.11363049126395	0.7432502919271674	6.95855099171604	11.67323973860988
	gen8ind13	446.1205986543371	0.3870905757270693	0.8358819971365823	1.4058051063200558	0.8198098896529916	4555.892137191982	3039.6164476160366	0.009572891663597483	6.851064584948109	11.442945856525059
	gen12ind12	446.6234237681505	0.370497732092283	0.7987300301658311	1.4059163542307052	0.7901757478979066	4580.299658726411	107.28056384791671	0.7432502919271674	6.907903037123264	11.61219145323498
	gen9ind13	447.8772585226029	0.3565124650107661	0.8054737754753246	1.4104224558083602	0.7901757478979066	4580.299658726411	75.74085300172582	0.7432502919271674	6.961923297121058	11.867550905748793
	gen10ind9	449.30011882564105	0.35153753648890496	0.8293536575301579	1.400526879553197	0.8281325436687379	4575.683266271883	3626.3094068793093	0.009572891663597483	6.792249306306488	11.420567984531262
	gen14ind7	450.32350213057737	0.3577499834103592	0.7987300301658311	1.4104224558083602	0.7918810378098429	4593.037048536929	75.74085300172582	0.7570541538531388	6.914171867939022	11.62562897703641
	gen11ind12	453.91949433909815	0.3473909772617496	0.8000768986742544	1.4104224558083602	0.789809672787565	4584.6846638610805	75.74085300172582	0.7437711401514338	6.944850375508759	11.596923857153062
	gen8ind15	454.1714614889444	0.3587788403516251	0.8293536575301579	1.4015202725424665	0.8129046991712262	4560.94108255283	3626.3094068793093	0.009572891663597483	6.792249306306488	11.442945856525059
	gen9ind1	454.4551942634826	0.3587788403516251	0.8293536575301579	1.4015202725424665	0.8129046991712262	4564.483995676228	3626.3094068793093	0.009572891663597483	6.792249306306488	11.442945856525059
	gen7ind15	455.2479571668391	0.3587788403516251	0.8304825110773573	1.4021068277015312	0.8129046991712262	4560.94108255283	3626.3094068793093	0.009572891663597483	6.792249306306488	11.442945856525059
	gen5ind7	455.33148619365727	0.3587788403516251	0.815010168912144	1.4058051063200558	0.8129046991712262	4555.516118729327	2722.7487390907645	0.009572891663597483	6.851064584948109	11.442945856525059
	gen6ind13	456.07150399358454	0.3763561927126301	0.7940468942487304	1.4115955661264898	0.7752557125277959	4560.894499524702	148.1717333921087	0.7936655961814589	6.886866214824996	11.385535616758364
	gen6ind5	456.96563339615034	0.3800292925684894	0.8407001275176579	1.400164301150514	0.8153751977073713	4609.693912481271	3309.4116451036844	0.13066873597656098	6.781608564206092	11.442945856525059
	gen9ind11	457.4594976643689	0.3870905757270693	0.8476585259052893	1.4034964315759035	0.8198098896529916	4555.892137191982	3039.6164476160366	0.009572891663597483	6.797321381564143	11.365956856211056
	gen3ind3	457.59334069044036	0.35249666592058854	0.8085927318309327	1.4040420563647107	0.8129046991712262	4587.814348366211	3885.708036599799	0.009572891663597483	6.785798953182955	11.442945856525059
	gen12ind14	459.5220219515111	0.3855145626551	0.8496770212791116	1.4030258985713107	0.8216627635551004	4559.84934500352	2271.3366113483303	0.26340857173978055	6.762965182931844	11.442945856525059
	gen9ind14	459.6410596680087	0.3855145626551	0.8496770212791116	1.4030258985713107	0.8216627635551004	4571.744427171709	2216.61051175737	0.26340857173978055	6.781608564206092	11.442945856525059
	gen7ind0	460.55192335317525	0.36352034420123364	0.8330482020125958	1.4040420563647107	0.8129046991712262	4587.814348366211	3885.708036599799	0.009572891663597483	6.785798953182955	11.442945856525059
	gen10ind7	460.68769726296665	0.3855145626551	0.8373662672433796	1.4030258985713107	0.8175428661433347	4573.883235060384	2216.61051175737	0.2275533341909402	6.781608564206092	11.457298416466731
	gen4ind15	461.4142819846193	0.35249666592058854	0.8085927318309327	1.4040420563647107	0.8129046991712262	4636.793470143825	3012.1949112954635	0.005510980748775818	6.785798953182955	11.442945856525059
	gen9ind9	461.7880707061999	0.34994382159116905	0.8156836031663556	1.4058051063200558	0.8080155382856267	4557.708621296662	2722.7487390907645	0.009572891663597483	6.851064584948109	11.442945856525059
	gen7ind10	462.47424208586824	0.3653037560217394	0.7917891871543317	1.4104224558083602	0.7752557125277959	4585.294206002986	159.0959982457253	0.7936655961814589	6.865561975260823	11.414240736641712
	gen5ind1	462.9948960803203	0.3634672060938098	0.7917891871543317	1.4101684163600101	0.7752557125277959	4560.894499524702	159.0959982457253	0.7936655961814589	6.886866214824996	11.385535616758364
	gen4ind16	463.28801850758606	0.3634672060938098	0.7917891871543317	1.4104224558083602	0.7752557125277959	4560.894499524702	159.0959982457253	0.7936655961814589	6.865561975260823	11.385535616758364
	gen0ind6	463.36425212334484	0.35249666592058854	0.8085927318309327	1.4030258985713107	0.8129046991712262	4571.587043591475	1950.384647191948	0.16995952940198383	6.718966410511947	11.442945856525059
	gen6ind6	463.8646441929865	0.35249666592058854	0.8286812779536448	1.4030258985713107	0.8129046991712262	4562.0458960615	2385.084014348057	0.26340857173978055	6.718966410511947	11.442945856525059
	gen7ind5	464.51675854764443	0.35957574469605114	0.7998588837130305	1.4073592758107105	0.7992219194484225	4560.894499524702	75.74085300172582	0.7899748130960658	6.899239121489334	11.596923857153062
	gen4ind19	465.3684231266404	0.3855145626551	0.8407001275176579	1.4030258985713107	0.8153751977073713	4571.744427171709	1882.8621885788152	0.26340857173978055	6.781608564206092	11.442945856525059
	gen5ind3	466.1113746749787	0.37923238822406335	0.8407001275176579	1.4030258985713107	0.8153751977073713	4585.204351592463	3787.845780377852	0.26340857173978055	6.781608564206092	11.442945856525059
	gen6ind15	466.322927753612	0.35249666592058854	0.7968162030622257	1.4040420563647107	0.8129046991712262	4639.482660541513	3012.1949112954635	0.005510980748775818	6.809886221453567	11.519934856839061
	gen2ind12	466.57567299352803	0.31146481048050334	0.8257046547255018	1.4030258985713107	0.8129046991712262	4571.587043591475	910.738454176199	0.16995952940198383	6.718966410511947	11.674938818117164
	gen7ind13	467.0136322165089	0.35249666592058854	0.8085927318309327	1.4040420563647107	0.8146099890831626	4589.439964939687	3885.708036599799	0.18634336986286978	6.785798953182955	11.442945856525059
	gen2ind2	467.5787708537633	0.35249666592058854	0.8085927318309327	1.4030258985713107	0.8129046991712262	4562.0458960615	1741.6598010506452	0.26340857173978055	6.718966410511947	11.442945856525059
	gen7ind19	468.9718389229557	0.35249666592058854	0.8088107467921566	1.402721061908211	0.8129046991712262	4562.0458960615	1741.6598010506452	0.26340857173978055	6.718966410511947	11.331774272442521
	gen5ind19	469.32600201843775	0.3855145626551	0.8407001275176579	1.4030258985713107	0.8153751977073713	4571.744427171709	1882.8621885788152	0.2910489190706791	6.747167417702926	11.401535233896062
	gen5ind15	469.590365690563	0.3686323860876217	0.79145711137473	1.4022181101549562	0.7803974261267074	4560.894499524702	249.2690396214894	0.7899748130960658	6.899239121489334	11.596923857153062
	gen5ind11	470.8316597534688	0.3488451433492047	0.8085927318309327	1.4107780896862092	0.795165931388745	4571.587043591475	294.6452513655656	0.4523288042467872	6.758847921550881	11.442945856525059
	gen8ind7	470.8919334827759	0.3422698919843694	0.7989564710687813	1.4127071004488159	0.8116694499031536	4570.992390246398	1364.7102682001353	0.009572891663597483	6.851064584948109	11.615286884257763
	gen9ind10	471.09943110459267	0.3988933627352577	0.8329639564350513	1.4030258985713107	0.807125378188833	4569.031945259957	3390.2453854478745	0.10257853760466745	6.781608564206092	11.442945856525059
	gen13ind4	471.81485501043926	0.3855145626551	0.8466871626508955	1.4030258985713107	0.8111195113131661	4559.84934500352	2271.3366113483303	0.5843533220840662	6.7939007371809925	11.442945856525059
	gen7ind17	472.50506382994325	0.3422698919843694	0.7989564710687813	1.4127071004488159	0.8116694499031536	4570.992390246398	2756.509968397331	0.009572891663597483	6.851064584948109	11.442945856525059
	gen9ind12	473.52513442072575	0.36506101478266173	0.79145711137473	1.4104224558083602	0.7713512545761915	4573.541745461096	260.00747017682914	0.6967474689566324	6.95855099171604	11.596923857153062
	gen6ind16	473.5394514256862	0.35900280671893026	0.8484845099565657	1.4380304323234006	0.845903977245379	4628.46062478684	3633.780885628398	0.08292598689788538	6.70184905102643	11.141785119611644
	gen8ind3	474.34895943524367	0.36448807680554085	0.8600950008354717	1.4358487773034234	0.845903977245379	4631.149815184527	3538.3494164584104	0.1631193057670785	6.767898138244511	11.141785119611644
	gen7ind16	474.8304154531687	0.3579819360071992	0.8001909594926322	1.4030258985713107	0.7940802058495111	4571.587043591475	1054.7403227188365	0.16995952940198383	6.802916312668472	11.442945856525059
	gen5ind17	475.0991754586392	0.35249666592058854	0.8085927318309327	1.4168298868288307	0.8129046991712262	4602.69697020585	1950.384647191948	0.11056435390012292	6.718966410511947	11.442945856525059
	gen11ind5	477.89118452219316	0.3908798633285232	0.8329639564350513	1.4030258985713107	0.849364414643861	4561.79480527854	3924.8614341304165	0.10257853760466745	6.706862649548882	11.519934856839061
	gen2ind16	478.53938186697474	0.35249666592058854	0.8085927318309327	1.4030258985713107	0.8001812064771334	4587.3925354572675	2360.7387013208754	0.16995952940198383	6.718966410511947	11.442945856525059
	gen6ind11	478.8624959643422	0.36448807680554085	0.8484845099565657	1.4380304323234006	0.845903977245379	4623.114352753453	3512.25236252049	0.2289270464918522	6.768960380068699	11.113079999728296
	gen4ind2	480.72172482310793	0.35249666592058854	0.8085927318309327	1.400086089353917	0.7948123560701944	4574.192105995619	3142.6014163914633	0.16995952940198383	6.815756318749466	11.40801135288909
	gen8ind2	481.93837123442813	0.3763561927126301	0.7940468942487304	1.4115955661264898	0.7752557125277959	4560.894499524702	288.72798584888056	0.7936655961814589	6.886866214824996	11.385535616758364
	gen11ind9	485.1742813935322	0.3587788403516251	0.8501070800603185	1.4015202725424665	0.8129046991712262	4564.483995676228	2449.1303025563457	0.3107629854976525	6.703778092551514	11.404451356368059
	gen11ind19	486.6835380718667	0.38054771415388977	0.8496770212791116	1.4030258985713107	0.8045435601453216	4571.744427171709	637.1807183115682	0.26340857173978055	6.781608564206092	11.468795958822529
	gen11ind10	486.7036478370288	0.35308490880668736	0.8147152781022061	1.4015202725424665	0.7966510626489668	4571.0414166452565	1851.0251299405177	0.3766720159075156	6.792249306306488	11.519934856839061
	gen5ind2	487.8696097195374	0.35249666592058854	0.8085927318309327	1.4295773450664735	0.8129046991712262	4636.793470143825	2399.0725220061618	0.005510980748775818	6.785798953182955	11.442945856525059
	gen5ind4	490.2963333737255	0.36448807680554085	0.8484845099565657	1.4380304323234006	0.845903977245379	4623.114352753453	3470.57478989849	0.2289270464918522	6.785798953182955	11.113079999728296
	gen6ind7	491.31146920711336	0.34621449148955197	0.8171605420590341	1.4168298868288307	0.8336814214687436	4602.69697020585	2887.706544287059	0.17608102736246883	6.8008258800901	11.365956856211056
	gen7ind18	491.48591669128734	0.36448807680554085	0.8484845099565657	1.4380304323234006	0.845903977245379	4631.149815184527	2256.5230460358907	0.2289270464918522	6.785798953182955	11.113079999728296
	gen9ind19	491.50820892693525	0.36916123142986357	0.8293536575301579	1.4015202725424665	0.7976271771368679	4560.94108255283	2302.8054638347903	0.009572891663597483	6.8163365745771	11.442945856525059
	gen6ind14	492.0636111020609	0.3488451433492047	0.7913531572318838	1.4107780896862092	0.7786662923516686	4571.587043591475	467.4498199877054	0.4523288042467872	6.758847921550881	11.60787878492344
	gen13ind13	492.1289388141095	0.36100436018398907	0.8188346109284085	1.4070290822762	0.8086721635516549	4604.089823062788	1141.9990213288372	0.4634482517963758	6.995837754264535	11.474748596294223
	gen6ind12	492.6561823832721	0.3984035492739203	0.8407001275176579	1.4030258985713107	0.8063290261568554	4571.744427171709	1882.8621885788152	0.26340857173978055	6.7730630165941275	11.363684607788096
	gen5ind5	493.5400416927184	0.37827463915822923	0.7969205690248088	1.40689635589767	0.7948123560701944	4596.3545224287045	2401.6594480197955	0.22524022406378086	6.7687078579590265	11.284423359051134
	gen8ind19	494.53559196611144	0.3488451433492047	0.7913531572318838	1.4107780896862092	0.7786662923516686	4579.701197812666	467.4498199877054	0.4523288042467872	6.724119911179873	11.60787878492344
	gen6ind9	496.29959597363523	0.37827463915822923	0.7969205690248088	1.40689635589767	0.7948123560701944	4613.402772397692	2401.6594480197955	0.1727135374881073	6.7687078579590265	11.284423359051134
	gen1ind17	499.21705682809426	0.35249666592058854	0.8085927318309327	1.4030258985713107	0.7948123560701944	4600.856214464917	2929.2957613732788	0.16995952940198383	6.837590150965358	11.367244604309128
	gen8ind14	499.7996022749446	0.37276912004288065	0.8484845099565657	1.4380304323234006	0.8340362801648332	4655.5495216628115	2256.5230460358907	0.2289270464918522	6.743822247655589	11.113079999728296
	gen4ind14	500.32906848974557	0.35249666592058854	0.8085927318309327	1.4044530483377904	0.7948123560701944	4619.694519681046	2929.2957613732788	0.16995952940198383	6.829044603353394	11.287983355572166
	gen5ind6	500.7348370529348	0.35249666592058854	0.7969205690248088	1.40689635589767	0.7948123560701944	4625.4909587984685	2401.6594480197955	0.22524022406378086	6.770803052447458	11.284423359051134
	gen3ind5	500.8853619598108	0.35249666592058854	0.7969205690248088	1.40689635589767	0.7948123560701944	4625.4909587984685	2401.6594480197955	0.22524022406378086	6.7687078579590265	11.284423359051134
	gen9ind16	500.986236004073	0.33892904111896527	0.8114511082989939	1.4038289472866188	0.7931984674080841	4560.94108255283	3626.3094068793093	0.3766720159075156	6.839142201586813	11.442945856525059
	gen5ind10	502.2096858333588	0.3470113958339779	0.8085927318309327	1.4004219895427825	0.7948123560701944	4619.694519681046	2929.2957613732788	0.16995952940198383	6.758783712486604	11.278193975298512
	gen4ind1	502.24583344747015	0.37954086177640334	0.872807523204383	1.402430100351371	0.7882671691003746	4582.295756500875	2899.503141923371	0.9988474573404651	6.989336196097233	11.723591149662525
	gen9ind2	502.4250322971916	0.3634672060938098	0.7917891871543317	1.4101684163600101	0.7752557125277959	4552.780345303511	579.0392735016999	0.6667477561433675	6.886866214824996	11.385535616758364
	gen3ind14	502.48879343321744	0.35249666592058854	0.8043389482776315	1.4030258985713107	0.8001812064771334	4587.3925354572675	1318.1894003257435	0.6646907893791474	6.723912437004291	11.442945856525059
	gen5ind0	503.2337294815846	0.36851718349575824	0.84835205302272	1.402430100351371	0.7882671691003746	4582.295756500875	2037.620046756826	0.9988474573404651	6.989336196097233	11.694886029779177
	gen11ind6	504.3779107390602	0.3488451433492047	0.7922833021636668	1.4107780896862092	0.7786662923516686	4593.184705360518	467.4498199877054	0.32568338937288116	6.758847921550881	11.494646061120001
	gen11ind7	506.910061369475	0.3488451433492047	0.7971225744201553	1.4107780896862092	0.7786662923516686	4593.184705360518	467.4498199877054	0.32568338937288116	6.758847921550881	11.508998621061675
	gen9ind15	507.32687520596215	0.36506101478266173	0.8355792733281266	1.4104224558083602	0.8128053440975328	4583.101703435652	1952.223056365748	0.6579800466875042	6.95855099171604	11.62562897703641
	gen2ind5	507.50988605399095	0.35249666592058854	0.7969205690248088	1.40689635589767	0.7948123560701944	4600.856214464917	2929.2957613732788	0.5037084464339525	6.837590150965358	11.367244604309128
	gen7ind12	507.7812709959569	0.37254515367557556	0.816078619446194	1.4104224558083602	0.8024093976922972	4575.5916264021325	1692.576249052705	0.7899748130960658	6.81076790773436	11.519934856839061
	gen10ind16	508.12474511052744	0.35768016210966075	0.797796008674367	1.4107780896862092	0.7786662923516686	4581.28962319233	467.4498199877054	0.32568338937288116	6.7402045402766335	11.494646061120001
	gen11ind16	508.3331216493537	0.3473675923321208	0.8176783032435451	1.4104224558083602	0.7918810378098429	4599.736200714882	1851.0251299405174	0.5092591885228785	6.894541845078982	11.62562897703641
	gen6ind0	508.3731114958176	0.36506101478266173	0.79145711137473	1.4104224558083602	0.7803974261267074	4560.894499524702	1434.5156829666746	0.5665659013470601	6.9127146373053705	11.596923857153062
	gen8ind8	508.6316224804591	0.3488451433492047	0.797796008674367	1.4107780896862092	0.7786662923516686	4593.184705360518	467.4498199877054	0.32568338937288116	6.758847921550881	11.494646061120001
	gen6ind19	508.9285241181213	0.36046966288489246	0.8501463621381458	1.4380304323234006	0.8336049415517184	4623.114352753453	3470.57478989849	0.2289270464918522	6.785798953182955	11.113079999728296
	gen7ind8	510.5038444739925	0.36506101478266173	0.8097554431872312	1.4104224558083602	0.7602178243400775	4560.894499524702	606.6459850534835	0.8681131744037434	6.932655392824838	11.78762791199047
	gen10ind1	511.49022879073533	0.3488451433492047	0.797796008674367	1.4107780896862092	0.7786662923516686	4590.348702302609	467.4498199877054	0.2452683723053246	6.758847921550881	11.494646061120001
	gen5ind16	511.84810793298135	0.36601876384849596	0.829027964711534	1.4065984567877001	0.7948123560701944	4635.615889018156	2980.5811184561585	0.22524022406378086	6.90389275075167	11.424746005619866
	gen6ind10	512.2510028921187	0.35249666592058854	0.8085927318309327	1.4487356050144289	0.8129046991712262	4602.69697020585	1950.384647191948	0.11056435390012292	6.731567220309074	11.471650976408405
	gen4ind6	512.453163935602	0.35249666592058854	0.7969205690248088	1.40689635589767	0.8095626639554185	4625.4909587984685	2401.6594480197955	0.5266906882629914	6.7687078579590265	11.093719304213728
	gen11ind11	512.6066169276626	0.3608910706258775	0.7965817835163324	1.4104224558083602	0.7805165621731831	4596.4447616443185	1701.5434239370659	0.5092591885228785	6.894541845078982	11.62562897703641
	gen7ind7	515.7673676021243	0.36112302322271744	0.7917891871543317	1.407986761340033	0.7752557125277959	4565.646620046834	810.5656964582001	0.452114975040791	6.853449943489492	11.385535616758364
	gen10ind17	517.6828760949886	0.379543622508102	0.79145711137473	1.411703221867513	0.7823496551025095	4560.703162244341	1850.8194375626194	0.7899748130960658	6.987710335244308	11.673912857467062
	gen12ind11	518.6219352467202	0.35549891297847813	0.7974368286311622	1.422955120643271	0.7744322400693097	4604.089823062788	996.6939763760963	0.3050002667236046	6.95891875920454	11.809819373573117
	gen10ind15	519.7516250613809	0.35308490880668736	0.79145711137473	1.40897543189385	0.7796010740947297	4604.089823062788	1787.9457082481358	0.5493329314525317	6.995837754264535	11.561162464383594
	gen12ind17	519.9738594303863	0.36506101478266173	0.7987300301658311	1.4104224558083602	0.8211471002240152	4580.299658726411	75.74085300172582	0.7432502919271674	6.852532132078363	11.62562897703641
	gen6ind18	520.4078281846527	0.3634672060938098	0.7917891871543317	1.4101684163600101	0.7752557125277959	4568.3358104445215	810.5656964582001	0.8441613272997217	6.853449943489492	11.385535616758364
	gen8ind6	521.4587187003185	0.3488451433492047	0.7913531572318838	1.4107780896862092	0.7786662923516686	4566.538098230627	838.7192975149056	0.8443751565057178	6.758847921550881	11.60787878492344
	gen5ind13	523.8442464952228	0.36506101478266173	0.8319662793997556	1.4104224558083602	0.7778569828624808	4591.000287214497	1445.9444248405487	0.7432502919271674	6.979561897865755	11.596923857153062
	gen6ind2	525.5680935811948	0.35718503166277316	0.7912078314761823	1.4074377520730752	0.7925529783928544	4590.294509602874	1585.8734524315016	0.7936655961814589	6.830464716192853	11.135713338549213
	gen8ind5	526.8223406207496	0.3763561927126301	0.7976305362059553	1.4115955661264898	0.7752557125277959	4560.894499524702	1446.8787184679115	0.7936655961814589	6.879617519668639	11.385535616758364
	gen6ind3	527.284561114949	0.36506101478266173	0.82875756085915	1.4097464268172275	0.7778569828624808	4591.000287214497	1445.9444248405487	0.7432502919271674	6.968551907068398	11.519442606676616
	gen7ind11	527.4845641557652	0.36506101478266173	0.79145711137473	1.4104224558083602	0.7713512545761915	4612.902872002585	1348.113398655605	0.7432502919271674	6.972026507532076	11.514457392953872
	gen11ind13	527.8858985131963	0.379543622508102	0.8067689250568933	1.4145167599996875	0.7702318895835749	4557.9011175351	1851.0251299405174	0.6760073421858227	6.993646283481445	11.579043160768329
	gen12ind2	530.4128851736039	0.3473909772617496	0.79145711137473	1.4221760219594222	0.7901757478979066	4597.168168244483	996.6939763760963	0.5591467208207839	6.995837754264535	11.703587016516412
	gen8ind0	532.9468922435032	0.36250047214397163	0.8097554431872312	1.4104224558083602	0.7602178243400775	4554.048362717361	1416.1254106995282	0.9503374487303473	6.899239121489334	11.78762791199047
	gen9ind0	536.8666502474672	0.36506101478266173	0.8092212179202063	1.4104224558083602	0.7602178243400775	4561.253544753353	1399.244796046245	0.7667685236515034	6.899239121489334	11.78762791199047
	gen5ind18	541.8232297314098	0.34445983807929176	0.811916436194093	1.4070220762998051	0.788306627783905	4590.1555859768305	1559.0921895344559	0.16995952940198383	6.837590150965358	11.198216837857048
	gen9ind17	545.0450814369501	0.3378303628770009	0.8072228262534918	1.4130867644303615	0.7638492214741261	4571.587043591475	1016.4879773194499	0.8191675043785722	6.812591124934847	11.699220345179114
	gen6ind4	545.6310239633626	0.365864527072326	0.8085927318309327	1.472590248856834	0.8141399484392988	4599.794257842205	3957.8148346047833	0.13649073170168902	6.751070942811946	11.442945856525059
	gen10ind18	548.1353512541697	0.3468765487911166	0.8000768986742544	1.4104224558083602	0.7698855954460158	4602.436503406825	1701.5434239370659	0.9936142885810743	6.944850375508759	11.596923857153062
	gen4ind13	550.1849941859357	0.30636232569746047	0.809211816148838	1.4392030518667642	0.8148099798426229	4562.57335368792	3355.1072397843786	0.35992145835752304	6.771110842823427	11.371423070986124
	gen5ind9	551.0327392742606	0.35249666592058854	0.8085927318309327	1.4739798527312067	0.8129046991712262	4591.6801036210145	3957.8148346047833	0.009572891663597483	6.785798953182955	11.442945856525059
	gen2ind8	551.5683045665376	0.3135050683073804	0.8085927318309327	1.422794360559956	0.7917147335662622	4619.167372264231	3702.163613023906	0.35992145835752304	6.8500704295897314	11.371423070986124
	gen8ind9	551.6464406895868	0.3473909772617496	0.8129983588069332	1.4201288698637584	0.7713512545761915	4604.089823062788	1541.8338405993488	0.6970466189825353	6.995837754264535	11.561162464383594
	gen4ind12	558.9885892145285	0.36329897174532577	0.8146566617148286	1.546771948630662	0.8405404100503933	4664.862258179011	188.94618101558	0.3849831523871492	6.700581994926258	11.016567127700217
	gen4ind18	559.1477519149398	0.3707702512365775	0.8484845099565657	1.4380304323234006	0.8107332480927583	4623.114352753453	3470.57478989849	0.2289270464918522	6.785798953182955	11.323915527618002
	gen3ind9	559.9648441214224	0.35249666592058854	0.8004308777573298	1.4006723800472138	0.8469433736638028	4572.162741859874	2828.270758056164	0.056109065911263356	6.725040193527244	11.365956856211056
	gen4ind0	560.732570421217	0.35249666592058854	0.8085927318309327	1.4030258985713107	0.7703995178281289	4594.021269449919	2929.2957613732788	0.26925813913575314	6.837590150965358	11.522187266377067
	gen6ind17	565.4895338384256	0.3164919187467288	0.8085927318309327	1.4739798527312067	0.8129046991712262	4591.6801036210145	3957.8148346047833	0.009572891663597483	6.785798953182955	11.442945856525059
	gen9ind8	565.9657424156007	0.36506101478266173	0.79145711137473	1.4169342725590592	0.7512783416234348	4577.497614017169	1802.7413503622965	0.8285205371668306	6.95855099171604	11.670384721024003
	gen3ind8	569.7510644468463	0.34874193269378817	0.7952109199324913	1.4140782704363144	0.8415664920271474	4571.587043591475	1561.8149344873805	0.24009221491055066	6.706409705563923	11.442945856525059
	gen10ind8	572.9691529945538	0.36506101478266173	0.79145711137473	1.4171248021453218	0.7503204098460061	4596.47235667195	1028.2336872222872	0.7432502919271674	6.934334413254739	11.596923857153062
	gen4ind11	573.682217387674	0.34286190524850246	0.8103885121975001	1.4540964759748363	0.7770767630490822	4562.416571767321	515.4150224720418	0.6646907893791474	6.781391067873809	11.442945856525059
	gen1ind14	574.5926209559736	0.3262683097891084	0.8213274081275816	1.502614092742521	0.8046691901603531	4556.990104050237	1021.9099555201118	0.15519639706041133	6.834821780192165	11.874153931428621
	gen6ind1	576.1852165112775	0.37134318921369835	0.8233984691716543	1.4104224558083602	0.7570802605649635	4585.3100647671945	1445.9444248405487	0.7432502919271674	6.934062082867702	11.673912857467062
	gen8ind1	579.2353867503081	0.35888802112257484	0.8115374294801321	1.4104224558083602	0.7551959699380082	4560.894499524702	710.249229347628	0.7936655961814589	6.865561975260823	11.385535616758364
	gen5ind12	585.5676336674943	0.3135050683073804	0.8085927318309327	1.469132096887869	0.8234465570669177	4654.570321034609	3282.607376197233	0.35992145835752304	6.830970132680131	11.371423070986124
	gen4ind17	587.5138200333342	0.35249666592058854	0.8004308777573298	1.4006723800472138	0.8469433736638028	4591.211953530474	3370.00578190319	0.1636162167464199	6.747437904004611	11.365956856211056
	gen10ind14	588.4940155705872	0.34448932512021246	0.7987300301658311	1.4141207344268851	0.7901757478979066	4594.006066918591	1583.5114132213484	0.9465906173862729	6.984982367847515	11.716970537292084
	gen4ind5	622.7473830883622	0.3193850957526661	0.8362462048443446	1.422794360559956	0.7917147335662622	4619.167372264231	3702.163613023906	0.35992145835752304	6.750741866308194	11.103730015834715
	gen5ind8	625.5557865416474	0.3311703372172898	0.8085927318309327	1.4299883370395532	0.7756631387410499	4619.694519681046	2929.2957613732788	0.3706006382216672	6.829044603353394	11.287983355572166
	gen2ind3	649.121544879788	0.35249666592058854	0.7918630675292284	1.4030258985713107	0.8469433736638028	4571.587043591475	2828.270758056164	0.20717405476687928	6.76509616196145	11.442945856525059
	gen4ind7	674.6336258275753	0.3646588677969108	0.8467640574015538	1.546771948630662	0.8405404100503933	4633.222469308077	2545.873044029764	0.3439655181105842	6.7431904740546065	11.252241801687653
	gen4ind9	683.4970564565522	0.3280217314040142	0.8467640574015538	1.546771948630662	0.8450634958256512	4623.134682693371	1646.990337151531	0.16132423888998437	6.700581994926258	11.061537746850245
	gen5ind14	683.5618263263202	0.38406099317010395	0.8467640574015538	1.5432838497988675	0.8405404100503933	4669.041953617745	1206.0380514597289	0.36822052241564307	6.700581994926258	11.061537746850245
	gen1ind3	684.8678151882457	0.31016774305009986	0.8903738418440197	1.449959379785651	0.7742021811188431	4659.959914282892	1659.6573125657983	0.8888681703552095	6.933770101517706	11.725952661873013
	gen1ind7	690.9522567762116	0.37682106967323314	0.8467640574015538	1.546771948630662	0.8405404100503933	4651.093926108078	1206.0380514597289	0.3439655181105842	6.700581994926258	11.061537746850245
	gen3ind17	692.2986882755932	0.37676666682301485	0.8620449098357919	1.546771948630662	0.8405404100503933	4651.093926108078	1206.0380514597289	0.4607279126241377	6.769333468793654	11.061537746850245
	gen4ind4	693.4364334611646	0.37682106967323314	0.8467640574015538	1.547280027527362	0.8405404100503933	4658.341325129659	1206.0380514597289	0.3439655181105842	6.700581994926258	11.061537746850245
	gen0ind18	693.5114567730363	0.37682106967323314	0.8467640574015538	1.546771948630662	0.8405404100503933	4664.862258179011	1206.0380514597289	0.3439655181105842	6.700581994926258	11.061537746850245
	gen3ind4	706.0174469085337	0.3280217314040142	0.8467640574015538	1.546771948630662	0.8405404100503933	4632.837262294226	1646.990337151531	0.16132423888998437	6.700581994926258	11.061537746850245
	gen3ind12	718.3016421052889	0.37682106967323314	0.8721584108821423	1.5030022585166471	0.8282797617572247	4601.134516406497	1804.2514480527188	0.0668164858586443	6.700581994926258	11.061537746850245
	gen1ind2	745.8442392009428	0.3922314539302703	0.8561499960548814	1.5246672049006544	0.8175601414322937	4679.917873175588	3738.9496985972964	0.2781291978232414	6.843593729977004	11.261966738688802
	gen2ind13	757.808239936828	0.3843305361268339	0.8609120323249929	1.5246672049006544	0.8175601414322937	4679.917873175588	3738.9496985972964	0.2781291978232414	6.843593729977004	11.261966738688802
	gen2ind1	801.6417116368301	0.3922314539302703	0.8760399737168711	1.5246672049006544	0.8007528811110813	4685.350779012497	3522.3835045352184	0.656566967549504	6.882959367059852	11.469139182026417
	gen3ind19	848.989546497113	0.3890438365525664	0.8767041252760747	1.4748731078150494	0.7904694539132584	4696.090967572953	3689.0937950232174	0.6639485337202903	6.81560507460283	11.04636270123702
	gen3ind18	877.1073620613738	0.3922314539302703	0.8760399737168711	1.5246672049006544	0.8007528811110813	4685.350779012497	3503.2931264038093	0.07723930116042532	6.911734101986516	11.408803246343437
	gen3ind2	913.8059335909006	0.3978419853816936	0.8830714634243991	1.5246672049006544	0.7949574375964781	4680.8897518694375	3641.491832076401	0.6491854013787178	6.87353275944294	11.261966738688802
	gen18ind5	914.3045530308638	0.34689587796179944	0.8243812565032345	1.41514475981995	0.7520852073599725	4568.295739030271	8.718967453570192	1.0421737810477194	6.892189502028929	11.661394586751168
	gen11ind14	917.7145949267523	0.37313403984904103	0.8121750793154755	1.4104224558083602	0.7543202789374518	4552.821948065748	75.74085300172582	1.0673330004324917	6.931243694807863	11.78762791199047
	gen7ind1	921.3067529556625	0.36506101478266173	0.8098074202586543	1.4102446388694356	0.7565603054523389	4565.25080709217	75.74085300172582	1.0957981925705373	6.899239121489334	11.78762791199047
	gen18ind19	921.6832156412873	0.37252643003987557	0.7994475157440186	1.4149680130774087	0.764681474982168	4626.146484669824	5.10842411375139	1.1120823228110552	6.922078036067638	11.694031268208779
	gen22ind13	924.1616698974121	0.35191305513552174	0.8041837557661602	1.4145079762289057	0.7605496940013498	4601.534330763694	3.3861325728307534	1.0702129213018656	6.922078036067638	11.642493470722172
	gen19ind5	926.3055387649645	0.3480603127295214	0.7920077994222947	1.4179326251044522	0.7548266737424051	4597.063294392954	5.10842411375139	1.0700348780196247	6.972157672416936	11.653317739550895
	gen18ind12	929.2703314675105	0.34258840595975193	0.7957167733807976	1.4212596049106363	0.753965581818013	4579.331519853627	12.661431309344053	1.081683533817708	6.972157672416936	11.707444374748377
	gen10ind6	930.6742878326139	0.35771262571440954	0.8210822381378035	1.4145167599996875	0.7597200589028833	4554.603506774995	75.74085300172582	1.1799007402893067	6.993646283481445	11.747373721338004
	gen19ind3	930.7605165529204	0.34258840595975193	0.7921797580392903	1.4179326251044522	0.7537619818605568	4586.433067908714	5.10842411375139	1.1537006529562954	6.969178044799174	11.62780937191895
	gen13ind7	932.3231622356884	0.3629528714142928	0.79145711137473	1.415322370941842	0.7640691802033643	4615.984905230976	44.20114215553494	1.0359889870887726	6.995837754264535	11.65250402463927
	gen12ind5	935.3048498241657	0.36871653046881303	0.79145711137473	1.4119244896675784	0.7713512545761915	4565.697826265867	75.74085300172582	1.014394854310636	6.95855099171604	11.596923857153062
	gen2ind7	938.3409634241825	0.38815093827651614	0.8221139624936685	1.4256343940824445	0.7541319976982348	4613.796451154289	113.92160926454385	1.425519455131075	6.975234767070278	11.73842725982704
	gen15ind5	939.1467723765393	0.3289026087876217	0.7920077994222947	1.4186259117137574	0.7517692861514709	4586.775508690493	20.878279536846833	1.0734733494626223	6.979543011195464	11.575070012396939
	gen13ind5	939.3974872618035	0.3629528714142928	0.79145711137473	1.415322370941842	0.7740096877992875	4615.984905230976	12.661431309344053	1.0359889870887726	6.995837754264535	11.707115152959474
	gen16ind3	941.9009507627028	0.35570684006297526	0.7948348679605182	1.4128724133751012	0.7791042200187972	4596.4447616443185	16.769855423095443	1.0166316713437986	6.893197813894894	11.62671917447768
	gen6ind8	953.2336874781093	0.3634672060938098	0.7917891871543317	1.4121226455626377	0.7752557125277959	4560.894499524702	102.52211589877169	1.0803109774440507	6.9365478487110215	11.58488912640637
	gen2ind9	953.9579182227453	0.3978419853816936	0.8830714634243991	1.5246672049006544	0.7927134457548682	4696.090967572953	3641.491832076401	0.656566967549504	6.81560507460283	11.261966738688802
	gen17ind14	956.9231581263728	0.34297335142732954	0.7920077994222947	1.4179326251044522	0.7692248573923248	4585.692827450621	5.10842411375139	1.3385661627460017	6.971874666752562	11.676980345282878
	gen0ind9	967.4600104776213	0.3922314539302703	0.8947436262305231	1.5246672049006544	0.7941878378907651	4690.784883848267	3522.3835045352184	0.656566967549504	6.843593729977004	11.261966738688802
	gen7ind14	974.4867280547228	0.3634672060938098	0.7954837316367696	1.4101684163600101	0.7752557125277959	4560.894499524702	744.0104586541943	1.1055186295711965	6.970816116981521	11.356830496875016
	gen1ind13	976.4735886140354	0.3872460539049219	0.872807523204383	1.434533699339231	0.7916322311542369	4564.218766067979	3574.214333951318	1.6278568703974505	6.956592106405552	11.22151116862175
	gen0ind16	976.8997681064261	0.3872460539049219	0.872807523204383	1.434533699339231	0.7789087384601441	4551.586725797813	3984.5683880802458	1.6278568703974505	6.975354736978021	11.532887094825117
	gen8ind18	981.779246068134	0.34003690508963524	0.8097554431872312	1.4142985513658095	0.7602178243400775	4560.815807734585	1474.0592140394285	1.1252125820514072	6.8878588001617285	11.78762791199047
	gen2ind15	982.0994117583672	0.37954086177640334	0.872807523204383	1.434533699339231	0.7966557306385524	4551.586725797813	3984.5683880802458	1.6278568703974505	6.975354736978021	11.532887094825117
	gen3ind10	998.9735908953897	0.3148649643589655	0.8085927318309327	1.422794360559956	0.7697723938603418	4562.529606073632	2908.5712186658357	1.0018671345009562	6.987456800615613	11.60709774497356
	gen4ind8	1006.2355830888815	0.3978144470923923	0.872807523204383	1.468522075297921	0.7944842795600844	4551.586725797813	3984.5683880802458	1.6278568703974505	6.975354736978021	11.41385676591806
	gen3ind11	1020.6182016439855	0.37197554612064443	0.8524044652183904	1.4682492543404304	0.8296818222475818	4655.579312963587	1653.8510966070326	1.2675917177775684	6.75783603494453	11.061537746850245
	gen4ind3	1047.2639209971412	0.367378659900081	0.8515949686424219	1.434533699339231	0.7966557306385524	4551.586725797813	3984.5683880802458	1.6278568703974505	6.987019958017037	11.723591149662525
	gen1ind16	1071.4388576954402	0.3682835442716752	0.8168522134555238	1.4104224558083602	0.7803974261267074	4560.894499524702	674.0778194070914	1.7053264268004633	6.846495884536431	11.80808528743715
	gen3ind15	1074.5284210541515	0.37682106967323314	0.8524044652183904	1.5143321649145423	0.8296818222475818	4668.430041893471	1653.8510966070326	1.2675917177775684	6.75783603494453	11.061537746850245
	gen1ind0	1074.5284210541515	0.37682106967323314	0.8524044652183904	1.5143321649145423	0.8296818222475818	4668.430041893471	1653.8510966070326	1.2675917177775684	6.75783603494453	11.061537746850245
	gen3ind13	1094.9009892166937	0.37682106967323314	0.8524044652183904	1.5143321649145423	0.8296818222475818	4668.430041893471	1653.8510966070326	1.5182770030221149	6.75783603494453	11.061537746850245
	gen1ind15	1098.7206613480935	0.3133079781734357	0.8699717383264646	1.4535181659755492	0.7586556889906351	4644.458221376554	1570.328201655362	1.860660501111715	6.869983869142977	11.793498742482537
	gen2ind4	1105.1847281286437	0.38815093827651614	0.79145711137473	1.4325013837524307	0.7803974261267074	4670.389509713184	113.92160926454385	1.9486301458742232	6.841689651636006	11.717595728519022
	gen0ind13	1125.9983834934765	0.33519313493978015	0.8896967328727158	1.5170888473654158	0.8217146772293342	4629.688749587193	3367.10121551317	1.310632808649537	6.767268452835281	11.003742726762791
	gen3ind7	1133.6875737653265	0.38994140989176596	0.8674721634887698	1.5394049474912146	0.8007528811110813	4685.350779012497	2708.514408642168	1.4991777546167255	6.944320987621882	11.469139182026417
	gen1ind8	1143.4834991735188	0.38815093827651614	0.79145711137473	1.4104224558083602	0.7803974261267074	4623.337598684264	113.92160926454385	1.9486301458742232	6.908809544268959	11.717595728519022
	gen2ind6	1145.8353170902421	0.34643334996985936	0.8359380912475464	1.4943066109868863	0.7789087384601441	4572.821053489606	3984.5683880802458	1.8771430169703012	6.955897548827918	11.469666215549388
	gen2ind18	1172.744422320956	0.3880421325760796	0.7901971738697249	1.5005252244836664	0.8267330379757881	4637.260348416916	3326.1004233837944	1.3997467078336814	6.71648635036936	11.58600215659224
	gen0ind8	1182.4883029827993	0.3724669285190167	0.8334295700315694	1.5965905276112404	0.8351026379114809	4683.742459712408	3704.0248885305095	1.011456521697076	6.991288658504746	11.233125868912314
	gen0ind14	1263.9240885019576	0.3262683097891084	0.8397322902974466	1.502614092742521	0.8046691901603531	4589.258810742441	1021.9099555201118	1.9310993951701847	6.791142361943982	11.637649213310599
	gen1ind4	1267.5135986778857	0.3880421325760796	0.8290601396061426	1.5220730795672608	0.8267330379757881	4679.042209342842	3326.1004233837944	1.9350895518415059	6.701858724196182	11.684289599256978
	gen0ind3	1460.029620150899	0.30109923420724877	0.8653921201635021	1.449959379785651	0.7677967169583467	4659.959914282892	1659.6573125657983	2.1219876365170993	6.933770101517706	11.725952661873013
	gen1ind11	1471.0250683068439	0.3010778363698594	0.8587248764785098	1.449959379785651	0.7677967169583467	4659.959914282892	2908.6507311011887	2.1219876365170993	6.933770101517706	11.811746722904047
	gen2ind17	1480.0078460433951	0.3010778363698594	0.8587248764785098	1.449959379785651	0.7677967169583467	4646.998601448264	1750.4780045634438	2.1219876365170993	6.933770101517706	11.811746722904047
	gen2ind14	1493.5352083430153	0.39336343039236055	0.79145711137473	1.4104224558083602	0.7504184096684172	4623.337598684264	113.92160926454385	2.5905758220176565	6.908809544268959	11.717595728519022
	gen2ind10	1630.4734034629037	0.3880421325760796	0.8220188162432059	1.5220730795672608	0.8211770272248895	4679.042209342842	2788.141594894266	2.1821549349013303	6.701858724196182	11.684289599256978
	gen1ind5	1631.534490232997	0.30562064603479683	0.7990686592907097	1.5540795226345416	0.7732470915665975	4606.687421451565	1192.0058355829747	2.126429163543152	6.917677730105347	11.095069410070291
	gen0ind19	1670.650062843466	0.3986765129082973	0.8381249765700156	1.5357251299407944	0.8150934246622077	4696.473241910598	2026.746159717584	2.487270194958299	6.738107256071198	11.684289599256978
	gen3ind16	1698.9034910884618	0.3986765129082973	0.8381249765700156	1.5456093609351171	0.8150934246622077	4679.736593753025	2463.692587201455	2.5636438967536206	6.738107256071198	11.64852820648751
	gen0ind10	1730.8969655330156	0.31678812980251814	0.8002920763732982	1.4545673429451784	0.7546666305177142	4670.828123954432	2791.937261200493	2.7353252011948808	6.85503882735201	11.397401836228815
	gen3ind6	1791.835909629898	0.39968685984716157	0.79145711137473	1.4881545169240464	0.7951477340119315	4689.091737068714	241.52219309237756	2.4974462400620157	6.841689651636006	11.717595728519022
	gen2ind0	1874.1135798367802	0.38130181891613063	0.8381249765700156	1.5357251299407944	0.8257296586707024	4696.473241910598	1214.831316337899	2.487270194958299	6.780705591875604	11.684289599256978
	gen0ind17	2144.746424117867	0.3403856972231128	0.8845001977612164	1.5617801708082504	0.8311349866388716	4613.732454161038	421.38859059214684	2.8704703328112724	6.950987665917657	11.450227035467002
	gen0ind15	2170.1346754895767	0.30562064603479683	0.8146384385239667	1.5540795226345416	0.7732470915665975	4606.687421451565	727.7684897470566	3.0069990964272524	6.917677730105347	11.19242108846306
	gen0ind7	2188.174946899117	0.3133079781734357	0.8699717383264646	1.4279120911640737	0.75963480870585	4644.458221376554	1570.328201655362	3.327401647318773	6.869983869142977	11.793498742482537
	gen1ind6	2193.4818669513033	0.3426945163464862	0.8242455515617575	1.4462996100676233	0.8089037489083416	4600.819160812917	2904.6075133427184	2.397249045628415	6.806472027115574	11.941911907351654
	gen3ind1	2314.1129869796423	0.37463493243935253	0.8220188162432059	1.5269265911634982	0.8155183735051121	4695.346721932681	2788.141594894266	2.9765092786596803	6.702331664780681	11.684289599256978
	gen2ind19	2390.511966989987	0.3830687063089542	0.8590165920456566	1.4613994335122684	0.7961460773211949	4577.48862403806	3178.8964816233965	3.1711082313129273	6.9328417970465965	11.830021417649897
	gen1ind12	2394.291550085775	0.3133079781734357	0.8699717383264646	1.4004333397329183	0.7664158963634619	4622.917764976284	1053.3593912562642	3.327401647318773	6.869983869142977	11.793498742482537
	gen1ind10	2700.222698600094	0.3174786633301573	0.8177897986569053	1.507091305200182	0.7732470915665975	4606.687421451565	615.2889767581422	3.4668205331638067	6.917677730105347	11.394682760662203
	gen0ind1	2932.640580659607	0.3830687063089542	0.8590165920456566	1.4734550552777037	0.7961460773211949	4579.150757309699	3178.8964816233965	3.5900492599636196	6.961518289504705	11.830021417649897
	gen0ind5	3033.129451077	0.3235629851956591	0.8784159172390424	1.5819684147976552	0.7621591418252844	4622.5531821582745	2471.4751252185624	4.533747280425842	6.884104512576856	11.30167071100543
	gen1ind9	3376.5356162128114	0.3262683097891084	0.8326966706894146	1.502614092742521	0.779930132345203	4565.22819386045	1021.9099555201118	3.865987647925098	6.707582072798362	11.997540671880692
	gen2ind11	3892.940404517997	0.3765885405011178	0.8590165920456566	1.4489070918942177	0.7731393267363359	4579.150757309699	3178.8964816233965	4.442781311989272	6.979099333980111	11.830021417649897
	gen0ind4	4505.7609438554455	0.3577270894544774	0.8012286568877591	1.469943941096663	0.8089037489083416	4600.819160812917	2904.6075133427184	3.7768717409733163	6.751671016463474	11.941911907351654
	gen1ind1	4735.874728918293	0.30562064603479683	0.8146384385239667	1.5174210759580626	0.7732470915665975	4606.687421451565	1714.1977048288904	4.63004096735377	6.951854122605429	11.19242108846306
	gen1ind19	5221.804830637955	0.3577270894544774	0.8012286568877591	1.5469721029134538	0.8101659154680588	4600.819160812917	2904.6075133427184	4.380044557526851	6.758731338180414	11.6959978916131
	gen0ind11	5243.260602447457	0.36138810291595436	0.8505290435173711	1.5760027959573293	0.8476409818244997	4585.03342998859	2230.9163362845406	4.095364357953974	6.789075835302964	11.896377508044466
	gen0ind2	5439.074529361448	0.34698116651621114	0.8282668757144597	1.4807676270784835	0.8286555999774314	4653.392329110057	992.8085389193889	4.341780809315613	6.811880284992967	11.123914420917018
	gen0ind0	5681.59545454052	0.33116438042323115	0.8193583308155052	1.4972480418437302	0.7856245222811807	4635.681225948428	305.8989860102981	4.881233027206902	6.824168080213506	11.962746098529733
	gen1ind18	6281.5306723135545	0.3383307369577008	0.8012286568877591	1.469943941096663	0.8210396309251644	4615.001316421787	2904.6075133427184	4.3474340320103755	6.702377363309202	11.941911907351654
