#	Simulation	Obj	b0__FREE	b1__FREE	b2__FREE	gamma__FREE	mult__FREE	r__FREE	t0__FREE	t1__FREE	t2__FREE
	gen39ind15	366.07474224898766	0.3874464510393529	0.8489496471189715	1.4167944501970084	0.8241145550047038	4585.499812276903	7.098242856958539	0.14921374884285052	6.711907709427137	11.946160039814595
	gen38ind6	366.2034955398995	0.38628034588947346	0.8505499485361081	1.4187305478189347	0.8241193172667364	4587.359616916871	7.52566251598368	0.1489355748833277	6.722100440377796	11.918336062763286
	gen40ind19	366.22398532580553	0.3842629161990363	0.8497562109331196	1.408453423763664	0.8248727773225353	4585.257085878973	7.173413015976276	0.15015083681873545	6.704880435300821	11.87903963026914
	gen39ind0	366.26056387311917	0.38704951763780326	0.8495768342302947	1.4187305478189347	0.8241193172667364	4589.938731251261	7.361099473500833	0.14907642745726463	6.722100440377796	11.918336062763286
	gen40ind2	366.2903993800999	0.38628034588947346	0.8495768342302947	1.4173207246672097	0.8241193172667364	4587.383625634197	7.4472643066081465	0.14907642745726463	6.722100440377796	11.918336062763286
	gen36ind3	366.33479137833086	0.38628034588947346	0.8495768342302947	1.4187305478189347	0.8241193172667364	4589.938731251261	7.40074496129974	0.14907642745726463	6.722100440377796	11.918336062763286
	gen40ind3	366.3517585197392	0.3833924957305035	0.849821649625307	1.408453423763664	0.8248751584535516	4584.601596037921	7.204738779456516	0.15026439509230433	6.704880435300821	11.854485957539527
	gen39ind4	366.3517585197392	0.3833924957305035	0.849821649625307	1.408453423763664	0.8248751584535516	4584.601596037921	7.204738779456516	0.15026439509230433	6.704880435300821	11.854485957539527
	gen39ind10	366.3743645129489	0.3833924957305035	0.8493805055155346	1.407992432696333	0.8248751584535516	4584.601596037921	7.204738779456516	0.15024063198028734	6.701348030568608	11.854485957539527
	gen40ind12	366.39765920976987	0.38596015775696946	0.8491841787433945	1.4187305478189347	0.8244972378601441	4585.591851751599	7.407183094102487	0.14933699813637952	6.722100440377796	11.987930904188074
	gen40ind13	366.40338941233125	0.3833924957305035	0.8493805055155346	1.4103862696562603	0.8245658521102106	4587.156701654984	7.204738779456516	0.14951415912182486	6.704880435300821	11.854485957539527
	gen38ind9	366.4116447477501	0.3840328719955115	0.8485914011963736	1.4112730700671139	0.8241193172667364	4587.82240978874	7.098242856958539	0.14921374884285052	6.701050551595776	11.826211598352925
	gen38ind5	366.4153796196569	0.38661492299165384	0.8495768342302947	1.4187305478189347	0.8241193172667364	4584.780502582482	7.40074496129974	0.1488633830021837	6.722100440377796	11.876530104154615
	gen37ind5	366.4157866462874	0.38661492299165384	0.8495768342302947	1.4187305478189347	0.8241193172667364	4584.780502582482	7.40074496129974	0.14888626989978138	6.722100440377796	11.876530104154615
	gen40ind5	366.4248660221005	0.3840328719955115	0.8485914011963736	1.4112730700671139	0.8238798679665961	4587.82240978874	7.098242856958539	0.14921374884285052	6.708183917782108	11.826211598352925
	gen39ind19	366.44028177885735	0.3859128619555666	0.8470798928506069	1.4174453934486473	0.8237366344112962	4586.789369444097	7.009257832511398	0.14897606506133326	6.711907709427137	11.946160039814595
	gen40ind0	366.45504275269076	0.3859128619555666	0.8474948519472723	1.4169233942396418	0.8241145550047038	4586.789369444097	7.098242856958539	0.14909403073767258	6.711907709427137	11.946160039814595
	gen37ind4	366.4573388727448	0.3859128619555666	0.8474899756602514	1.4170019932432205	0.8241145550047038	4586.789369444097	7.098242856958539	0.14921374884285052	6.711907709427137	11.946160039814595
	gen39ind14	366.4585359901963	0.3859128619555666	0.8474899756602514	1.4169233942396418	0.8241145550047038	4586.789369444097	7.098242856958539	0.14920142917963236	6.711907709427137	11.946160039814595
	gen40ind10	366.4638697161667	0.3833924957305035	0.8493805055155346	1.4103862696562603	0.8247366871602844	4580.897646186002	7.236064542936756	0.15003948224655175	6.704811878578914	11.854485957539527
	gen40ind17	366.4672103898852	0.3843627060963861	0.8507711106630058	1.4116635293072166	0.8245982158670169	4579.128650789415	7.2762129058528195	0.1492898968542184	6.725833314562221	11.81566764204029
	gen39ind12	366.4710374171574	0.38589058324547465	0.8495768342302947	1.4187305478189347	0.8244972378601441	4585.478389761993	7.40074496129974	0.14933699813637952	6.722100440377796	11.918336062763286
	gen36ind14	366.4806630832768	0.3833924957305035	0.8494115668156625	1.4103862696562603	0.8248751584535516	4584.601596037921	7.204738779456516	0.15003948224655175	6.704880435300821	11.854485957539527
	gen40ind4	366.485516157168	0.3833924957305035	0.849445944207722	1.4103580095420971	0.824877539584568	4582.371425293287	7.204738779456516	0.15018121103490803	6.704880435300821	11.854485957539527
	gen37ind11	366.48827814490096	0.3833924957305035	0.8493805055155346	1.4103862696562603	0.8248751584535516	4584.601596037921	7.204738779456516	0.15003948224655175	6.704880435300821	11.854485957539527
	gen39ind11	366.50073917539225	0.3826106001056188	0.8490947376673035	1.4134307282503396	0.8244077555907531	4589.938731251261	7.098533340096373	0.14923488331160945	6.715201931044029	11.957154378262523
	gen38ind19	366.5085854948223	0.3837822583745023	0.8483804562587487	1.4147076580265843	0.8241145550047038	4587.270163644591	7.177824315694187	0.149593161412724	6.719456657421986	11.966223641681106
	gen40ind14	366.52916620126985	0.385621527017843	0.8495768342302947	1.4187305478189347	0.8244972378601441	4585.478389761993	7.4320707247799795	0.14933699813637952	6.722031883655888	11.90706006331579
	gen35ind14	366.5829134458407	0.3838970560523336	0.8485780732573446	1.4191014640615762	0.8228479569782103	4582.869393528362	6.743073757644018	0.1486045647519076	6.745990528921919	11.944492937811305
	gen38ind13	366.59269989910064	0.38417202101850106	0.8474899756602514	1.4139993941274063	0.8243987454395395	4589.938731251261	7.124576354445199	0.14954738761752873	6.71239184795756	11.966223641681106
	gen40ind11	366.5977388790575	0.38417202101850106	0.8474899756602514	1.413971134013243	0.8244011265705558	4587.708560506627	7.142735369182109	0.14954738761752873	6.712168546361403	11.966223641681106
	gen39ind17	366.598091948071	0.3840328719955115	0.8482752866340519	1.4112730700671139	0.8242565457668696	4589.711807272048	7.111700088839703	0.14921374884285052	6.701050551595776	11.778757575583827
	gen37ind9	366.6008893281748	0.3850091021852041	0.8474899756602514	1.4223316197655655	0.823109495588336	4582.535515348636	7.241191109751146	0.14833873678627657	6.721973311072658	11.949147682924032
	gen40ind9	366.6178386783649	0.3840328719955115	0.8482752866340519	1.4099958104161576	0.8245334883534043	4589.711807272048	6.924614239951627	0.1496833946814856	6.701050551595776	11.778757575583827
	gen38ind4	366.61952547366513	0.38417202101850106	0.8485914011963736	1.4152372279041339	0.8241193172667364	4589.938731251261	7.187227881405679	0.14938101950273613	6.720778941323617	11.880153062720275
	gen38ind11	366.6252349066154	0.3848411752228618	0.847630605618668	1.4172457451217664	0.8241193172667364	4589.368483778487	7.098242856958539	0.14921374884285052	6.709596989481694	11.894445440349514
	gen38ind12	366.65582603661824	0.38417202101850106	0.8475324412612879	1.418545089697614	0.8241193172667364	4589.938731251261	7.098242856958539	0.14914333572121888	6.710400051691185	11.946132304954979
	gen39ind3	366.6656460155772	0.3826106001056188	0.8490947376673035	1.4170667380655895	0.8244077555907531	4589.938731251261	7.098533340096373	0.14923488331160945	6.719876681091733	11.957154378262523
	gen38ind0	366.6656460155772	0.3826106001056188	0.8490947376673035	1.4170667380655895	0.8244077555907531	4589.938731251261	7.098533340096373	0.14923488331160945	6.719876681091733	11.957154378262523
	gen37ind2	366.67258557967943	0.3848411752228618	0.847630605618668	1.4172457451217664	0.8241193172667364	4586.789369444097	7.098242856958539	0.14921374884285052	6.709596989481694	11.873542461045178
	gen39ind13	366.67778026363897	0.3838483326208523	0.8475324412612879	1.418545089697614	0.824052462751119	4586.898953314944	7.104826231330204	0.14914333572121888	6.710400051691185	11.947298904451252
	gen38ind15	366.68171931882983	0.38481939781379865	0.847630605618668	1.4187305478189347	0.824253026297971	4596.018287123894	7.098242856958539	0.1492894719123455	6.722100440377796	11.978764968728887
	gen36ind5	366.69317282879007	0.3848411752228618	0.847630605618668	1.4172457451217664	0.8241193172667364	4586.789369444097	7.098242856958539	0.14921374884285052	6.711269862069004	11.873542461045178
	gen36ind11	366.6940561717447	0.38417202101850106	0.847630605618668	1.418545089697614	0.8241193172667364	4597.105826781655	7.098242856958539	0.149594063957817	6.717806326270129	11.957154378262523
	gen38ind10	366.6945236398264	0.38417202101850106	0.8475602906394597	1.4185733498117772	0.8241193172667364	4589.938731251261	7.111409605701869	0.14914333572121888	6.719010054229672	11.981098167721433
	gen35ind10	366.71650677785516	0.38417202101850106	0.847630605618668	1.418545089697614	0.8241193172667364	4589.938731251261	7.098242856958539	0.14914333572121888	6.719010054229672	11.957154378262523
	gen39ind2	366.71943471892246	0.38417202101850106	0.8475602906394597	1.419344898038974	0.8241216983977526	4589.938731251261	7.111409605701869	0.14914333572121888	6.719010054229672	11.981084300291624
	gen38ind17	366.72668472353774	0.38475151121856055	0.847630605618668	1.4214399691279949	0.8241193172667364	4589.938731251261	7.071618876334044	0.14897123271669005	6.718143427367611	11.965569197564214
	gen38ind2	366.7302993731555	0.38498602476898147	0.847630605618668	1.4177806034241387	0.8241193172667364	4589.938731251261	7.098242856958539	0.1490993143548623	6.722100440377796	11.906580946108193
	gen36ind6	366.73413587849484	0.38428485445460575	0.847630605618668	1.4191456339113586	0.8241193172667364	4589.938731251261	7.150909851931859	0.14912220125245992	6.718627565898037	11.950261115375167
	gen37ind16	366.7392964657351	0.38417202101850106	0.8474899756602514	1.4187870680472612	0.8241145550047038	4589.938731251261	7.124576354445199	0.14914508815005756	6.719456657421986	11.966223641681106
	gen39ind6	366.74313908959334	0.38417202101850106	0.8475602906394597	1.4227737490072776	0.8237390155423124	4589.938731251261	7.035591329998059	0.14887132159330516	6.721015641133152	11.981098167721433
	gen37ind7	366.7481247267529	0.3833924957305035	0.8494115668156625	1.4103862696562603	0.8248751584535516	4581.018048272724	7.2762129058528195	0.149689116405885	6.715445483615026	11.792157408730102
	gen40ind6	366.75706015647637	0.3833924957305035	0.8495097311730426	1.4103862696562603	0.8248751584535516	4581.018048272724	7.374215996774431	0.149689116405885	6.724055486153514	11.82408246134198
	gen38ind8	366.79143687464625	0.385109096906038	0.8468577465356083	1.4161760285170222	0.8246732024398058	4593.717526217878	7.151490818207527	0.14987486656059784	6.701324778483406	11.871315596142908
	gen39ind7	366.79862924662956	0.38417202101850106	0.8477034867519424	1.4229026869002719	0.8237413966733287	4591.81995840614	7.160508884681999	0.14916797504765522	6.719010054229672	11.939239042067623
	gen39ind1	366.8064167269493	0.3847101334737643	0.8476208530446263	1.4187305478189347	0.824396259853271	4592.8862894658305	7.098242856958539	0.1494985339065289	6.719147167673487	11.919604693250358
	gen39ind9	366.81816398414617	0.3833924957305035	0.8494115668156625	1.4067361297839287	0.8248751584535516	4579.959887541463	7.269629531481154	0.14972432296670082	6.715445483615026	11.714714124045848
	gen36ind15	366.8216571140929	0.38360283835031894	0.847630605618668	1.4232250439320353	0.823109495588336	4582.535515348636	7.241191109751146	0.14833873678627657	6.721973311072658	11.918336062763286
	gen34ind12	366.82296107238176	0.38417202101850106	0.847630605618668	1.4187305478189347	0.8241193172667364	4589.938731251261	7.098242856958539	0.14907642745726463	6.722100440377796	11.918336062763286
	gen37ind17	366.82512168261155	0.3843053318565094	0.8472441760771381	1.418545089697614	0.824396259853271	4597.105826781655	7.071909359471879	0.149594063957817	6.710066134109461	11.907039934442434
	gen38ind3	366.8293514676798	0.38375348043514956	0.847630605618668	1.4167728138384619	0.8246218469749202	4589.938731251261	7.098242856958539	0.14914333572121888	6.719010054229672	11.96569235764106
	gen40ind7	366.8317406184377	0.38391231959788025	0.8471378891017074	1.4172457451217664	0.8241193172667364	4586.789369444097	6.946991804787938	0.14921374884285052	6.709596989481694	11.873542461045178
	gen33ind0	366.83654179588535	0.38417202101850106	0.847630605618668	1.4187305478189347	0.8241193172667364	4589.938731251261	7.098242856958539	0.14916797504765522	6.719010054229672	11.897052694355366
	gen35ind11	366.8367930283383	0.38417202101850106	0.847630605618668	1.4187305478189347	0.8241193172667364	4589.938731251261	7.241191109751146	0.14889333227648346	6.721973311072658	11.918336062763286
	gen38ind1	366.8386162576484	0.38417202101850106	0.8476208530446263	1.4187305478189347	0.8241193172667364	4589.938731251261	7.098242856958539	0.14916797504765522	6.719010054229672	11.897052694355366
	gen39ind18	366.8542942298472	0.38417202101850106	0.8476208530446263	1.4187305478189347	0.8241193172667364	4585.478389761993	7.160894383919019	0.1494285457267701	6.719010054229672	11.897052694355366
	gen38ind14	366.8573650606901	0.38416559006853807	0.847619292849537	1.414504540311942	0.8241288417908017	4584.946715036388	7.053102228048895	0.14960548107594218	6.712701558690647	11.800094111036886
	gen38ind16	366.8690138456283	0.3831900903056783	0.8478333581773404	1.4199616174959704	0.8243067775838802	4589.938731251261	7.085076108215208	0.1492357595260288	6.719010054229672	11.961689009971813
	gen37ind13	366.870329793369	0.38455147613062246	0.8468577465356083	1.4161760285170222	0.8246732024398058	4590.133978452681	7.151490818207527	0.14969527623749407	6.7031471815767	11.871315596142908
	gen37ind19	366.87522323708396	0.3831900903056783	0.8478333581773404	1.4199616174959704	0.8243067775838802	4589.938731251261	7.071909359471879	0.14923488331160945	6.719010054229672	11.957154378262523
	gen38ind7	366.8817889785566	0.38247114338362465	0.847630605618668	1.4187526327438258	0.8241193172667364	4589.938731251261	7.098242856958539	0.14914333572121888	6.717273616989793	11.957154378262523
	gen37ind10	366.9157427582766	0.3824383968467767	0.847630605618668	1.4187305478189347	0.8241193172667364	4580.776192828843	7.098242856958539	0.14916797504765522	6.708409022537106	11.897052694355366
	gen40ind8	366.91682050592055	0.38412708089882464	0.8476208530446263	1.4187305478189347	0.824396259853271	4592.8862894658305	7.311952686471109	0.1493594469267675	6.719147167673487	11.905692704724704
	gen35ind2	366.92017402455394	0.38455147613062246	0.8468577465356083	1.4161760285170222	0.8246732024398058	4583.640007636933	7.098242856958539	0.14925952263804582	6.7031471815767	11.850032227734989
	gen40ind18	366.9301163870783	0.38417202101850106	0.8474899756602514	1.4229592071285984	0.8241145550047038	4589.938731251261	7.202756701467357	0.14866356075541398	6.728066659960474	11.998148694292986
	gen32ind10	366.93436051750234	0.38455147613062246	0.8467956239353525	1.4187305478189347	0.8241193172667364	4589.938731251261	7.098242856958539	0.14916797504765522	6.719010054229672	11.897052694355366
	gen40ind16	366.9380362603509	0.3836724981562044	0.847630605618668	1.4169365342817732	0.8243986409842874	4590.898226414585	7.124866837583033	0.14954430770172417	6.709596989481694	11.836120239209334
	gen40ind15	366.93839800110527	0.3832039602124359	0.846900769889308	1.4172457451217664	0.8241193172667364	4586.789369444097	7.111409605701869	0.14917941849645405	6.709596989481694	11.883574261978433
	gen39ind8	366.94567413724684	0.38475151121856055	0.8461006191807396	1.421468229242158	0.8241193172667364	4589.938731251261	7.071618876334044	0.14907598935005498	6.716821535889706	11.989512987023124
	gen40ind1	366.94979028690864	0.3833924957305035	0.84881386992394	1.413472431347027	0.8246152027757649	4579.5568293587485	7.224991777688667	0.1495702745151264	6.720874062530706	11.792157408730102
	gen35ind18	366.9501971955518	0.38321316772190095	0.847630605618668	1.4191456339113586	0.8241193172667364	4589.938731251261	7.150909851931859	0.14916797504765522	6.718627565898037	11.897052694355366
	gen37ind18	366.9610313158656	0.38321316772190095	0.8475913519395877	1.4191456339113586	0.8241145550047038	4589.938731251261	7.150909851931859	0.14914508815005756	6.7190741690903515	11.897052694355366
	gen38ind18	366.96334729953765	0.38417202101850106	0.847630605618668	1.4229026869002719	0.8237413966733287	4589.938731251261	7.098242856958539	0.14849982128387945	6.730710442916283	11.918336062763286
	gen37ind12	366.96804532234466	0.3842604538465684	0.847630605618668	1.4167812331011342	0.8241193172667364	4580.709813571464	7.111409605701869	0.14900070438776963	6.711233878690644	11.788056333169532
	gen39ind16	367.00600138364445	0.38417202101850106	0.8476208530446263	1.420007807469891	0.8241193172667364	4588.049333767953	7.222869928504645	0.1487687554959886	6.729397885176867	11.897052694355366
	gen36ind9	367.01168204958714	0.3854958958965401	0.847630605618668	1.4172919350956872	0.8241193172667364	4589.938731251261	7.241191109751146	0.14889333227648346	6.738936422898539	11.832497280643672
	gen34ind11	367.0313768509242	0.38202864755309146	0.8479118655355011	1.4199327417262206	0.8241288417908017	4571.141413661964	7.098242856958539	0.1488933322764835	6.717734359513408	11.919482515717169
	gen39ind5	367.04427279967706	0.38292277261829144	0.8476208530446263	1.4191759025932185	0.82398659384221	4589.938731251261	7.098242856958539	0.14884798342316102	6.728286005533835	11.897052694355366
	gen35ind5	367.08508504411327	0.3831772284057523	0.8480361107360128	1.4189665796214301	0.8248751584535516	4582.3535837133295	6.849569680141995	0.14935107022843638	6.712829281933426	11.854485957539527
	gen36ind18	367.0914481205241	0.38202864755309146	0.8475915953225011	1.4187305478189347	0.8241193172667364	4573.823954686477	7.026768730562235	0.14916797504765522	6.719010054229672	11.897052694355366
	gen34ind0	367.09324505067667	0.38448426015052656	0.847630605618668	1.4187305478189347	0.8241193172667364	4589.938731251261	6.149807351346661	0.14916797504765522	6.719010054229672	11.770498936861731
	gen31ind17	367.0988821486636	0.38202864755309146	0.8475915953225011	1.4187305478189347	0.8241193172667364	4573.823954686477	7.098242856958539	0.14916797504765522	6.719010054229672	11.897052694355366
	gen37ind6	367.10628233496203	0.3801109409598912	0.8474365281933907	1.4195607200037825	0.823210473595209	4567.455780845971	7.20357684690518	0.1482022652844364	6.726193924199006	11.956940879040257
	gen36ind10	367.1118228674616	0.3838970560523336	0.8467288833583565	1.4274963159054253	0.8228479569782103	4582.869393528362	6.4593787847258	0.14775419202176998	6.741930766629893	11.944492937811305
	gen37ind0	367.1132349767659	0.3812493062962555	0.8480361107360128	1.4216784174011992	0.824494237901024	4563.272609991334	7.071909359471879	0.14935107022843638	6.712255549435973	11.978577732733859
	gen36ind19	367.1175466607725	0.38110484285092855	0.847630605618668	1.4279555718476316	0.8228555150967511	4580.715131595766	7.150909851931859	0.14822955958480444	6.718627565898037	11.938755274372122
	gen36ind17	367.1284475182169	0.3831772284057523	0.847973988135757	1.4189665796214301	0.8248751584535516	4582.3535837133295	6.849569680141995	0.14925952263804582	6.715664309055052	11.854485957539527
	gen34ind4	367.13926246214146	0.38455147613062246	0.8467956239353525	1.41620903543366	0.8246732024398058	4583.640007636933	7.098242856958539	0.14916797504765522	6.719010054229672	11.828748859327069
	gen33ind18	367.16942726139445	0.38656848560228907	0.846552036427091	1.4136875230483854	0.8252270876128752	4577.341284022605	6.812346351373326	0.14953416540921755	6.719264312839949	11.760445024298772
	gen37ind8	367.1697055217994	0.3830105782659142	0.8476896078287453	1.4176160656563495	0.8241288417908017	4584.946715036388	7.053102228048895	0.14916797504765522	6.717734359513408	11.786182122511232
	gen34ind13	367.1733036584793	0.3812493062962555	0.8480361107360128	1.4219786895080715	0.824494237901024	4563.272609991334	7.098242856958539	0.14935107022843638	6.712064305270156	11.94852689078028
	gen36ind1	367.17611183972076	0.3830105782659142	0.8477091129768287	1.4176160656563495	0.8241288417908017	4584.946715036388	7.124576354445199	0.14916797504765522	6.717734359513408	11.786182122511232
	gen37ind1	367.1790687516065	0.3830105782659142	0.8477091129768287	1.4176160656563495	0.8241288417908017	4584.946715036388	7.150909851931859	0.14912220125245992	6.717734359513408	11.786182122511232
	gen36ind16	367.1825940159907	0.38691287986864054	0.8491221122013997	1.4021263022525574	0.8259140425148414	4597.1612630717145	7.630996505930321	0.15011871017372416	6.73597132746771	11.584195293176666
	gen36ind0	367.1964679943742	0.3812493062962555	0.8480361107360128	1.4183823605397898	0.824494237901024	4563.272609991334	7.098242856958539	0.14935107022843638	6.714197153268783	11.881527451166507
	gen36ind13	367.1980902703399	0.3812493062962555	0.8496511559599074	1.410571727777581	0.8261341983615043	4584.829800811829	7.45341195627306	0.14982643779147087	6.7183706726469445	11.854485957539527
	gen35ind16	367.20159678834347	0.3812493062962555	0.8496510650018978	1.410571727777581	0.826138960623537	4583.724650671803	7.45341195627306	0.14982643779147087	6.7183706726469445	11.854485957539527
	gen34ind5	367.22354596936054	0.3801109409598912	0.8474365281933907	1.4195607200037825	0.8241193172667364	4573.823954686477	7.20357684690518	0.14916797504765522	6.718245077566401	11.991093627596118
	gen37ind14	367.2268626195746	0.386993592288397	0.8467956239353525	1.41620903543366	0.8255705650638583	4595.308661829551	7.36461968144443	0.14916797504765522	6.727490690848692	11.828748859327069
	gen35ind4	367.23580004473104	0.3838970560523336	0.8489955640990023	1.4203622202542134	0.8238300542996282	4582.869393528362	7.098242856958539	0.1492172537005279	6.745990528921919	11.776849326541052
	gen35ind0	367.2358075011742	0.3827893392207571	0.8500255324671225	1.401789821313351	0.8262878490543344	4575.675603226207	7.808581055587582	0.15011871017372416	6.711025985998461	11.626762029992506
	gen29ind7	367.2476750616216	0.38202864755309146	0.8479118655355011	1.419032593454706	0.8241288417908017	4571.613654406425	7.098242856958539	0.14916797504765522	6.717734359513408	11.811919220723688
	gen35ind3	367.25260091227835	0.38202864755309146	0.8491093289597285	1.4115378898823716	0.825392643960787	4571.141413661964	7.098242856958539	0.1488933322764835	6.723275750226926	11.763053815127819
	gen35ind6	367.2709606397571	0.384327590701836	0.8513289854166441	1.4019408441312367	0.8266469216067069	4587.365418177544	7.808581055587582	0.15059407773675865	6.730092835656709	11.584195293176666
	gen36ind7	367.27461818153085	0.3801109409598912	0.8480352599055043	1.4195607200037825	0.824124079528769	4564.661416264059	7.20357684690518	0.14916797504765522	6.72101577292316	11.924094187982345
	gen35ind19	367.30427211521237	0.3801109409598912	0.8474365281933907	1.4195607200037825	0.824124079528769	4564.661416264059	7.20357684690518	0.14916797504765522	6.718245077566401	11.948526890780279
	gen32ind1	367.30529728749997	0.3838970560523336	0.8485780732573446	1.4191014640615762	0.824106996886163	4582.869393528362	7.098242856958539	0.1492172537005279	6.745990528921919	11.776849326541052
	gen33ind14	367.32040663886664	0.3812493062962555	0.8480361107360128	1.4189665796214301	0.8248751584535516	4582.3535837133295	7.098242856958539	0.14935107022843638	6.712829281933426	11.854485957539527
	gen35ind13	367.3284509616766	0.38526179495145707	0.8510385508822493	1.4021263022525574	0.8266469216067069	4597.20358458915	7.808581055587582	0.149935614992943	6.743455943697693	11.584195293176666
	gen33ind10	367.3397550751867	0.38818165347740696	0.8466136802842883	1.4086444982778359	0.825536558428096	4646.2656030145845	6.689411034240082	0.14953416540921755	6.752829498514252	11.65546788956317
	gen34ind6	367.3832638111629	0.3851051505152492	0.8479118655355011	1.419032593454706	0.8248374623714816	4607.8344785704785	6.600896503325451	0.14916797504765522	6.757143753546169	11.811919220723688
	gen37ind15	367.4022357160982	0.38202864755309146	0.8479118655355011	1.419032593454706	0.8247492618283194	4571.613654406425	7.098242856958539	0.14916797504765522	6.717734359513408	11.811919220723688
	gen37ind3	367.4033554680427	0.38415714212696284	0.8466574913128546	1.4195391831522375	0.8241193172667364	4586.2371232999485	7.241191109751146	0.14889333227648346	6.738936422898539	11.832497280643672
	gen34ind9	367.41017796528246	0.38526179495145707	0.8505187714345444	1.4021263022525574	0.8266469216067069	4597.20358458915	7.808581055587582	0.15011871017372416	6.743583073002832	11.584195293176666
	gen35ind9	367.41927535931967	0.38656848560228907	0.8469866423649858	1.4142691298740604	0.8249501450263406	4613.481842011428	6.707012361426685	0.14953416540921755	6.719264312839949	11.62383735424218
	gen35ind7	367.42815002639503	0.3838970560523336	0.8485780732573446	1.4220380625392748	0.824106996886163	4581.110728860298	7.098242856958539	0.1492172537005279	6.745480911285144	11.776849326541052
	gen35ind15	367.43952875334395	0.38202864755309146	0.847591413406482	1.419032593454706	0.8241288417908017	4571.613654406425	7.098242856958539	0.14916797504765522	6.718116847845043	11.764898754103312
	gen35ind1	367.44455402482686	0.3822578110320888	0.8480361107360128	1.4161054925526744	0.8248751584535516	4582.3535837133295	6.902627609192612	0.14953416540921755	6.712829281933426	11.717878287482934
	gen35ind8	367.44548245508116	0.3801109409598912	0.8474365281933907	1.4195607200037825	0.8241193172667364	4568.9182188665545	7.20357684690518	0.14871724681105708	6.726193924199006	11.91257935572169
	gen33ind15	367.4532822957189	0.384327590701836	0.8500255324671225	1.4019408441312367	0.8266469216067069	4592.680865168208	7.808581055587582	0.15011871017372416	6.730092835656709	11.584195293176666
	gen34ind2	367.4753548797068	0.38656848560228907	0.846569151523328	1.4130083736814232	0.8252270876128752	4610.332480204264	6.707012361426685	0.14953416540921755	6.719264312839949	11.62383735424218
	gen32ind5	367.4918592115435	0.38347925202148125	0.8472011290526974	1.42212429886434	0.8252270876128752	4587.395158299189	7.098242856958539	0.14935107022843638	6.719264312839949	11.854485957539527
	gen36ind8	367.4922684905165	0.38210643239475894	0.847591413406482	1.419032593454706	0.8241288417908017	4571.613654406425	7.098242856958539	0.14988102639220693	6.723658238558562	11.764898754103312
	gen32ind16	367.49998246878783	0.38656848560228907	0.846552036427091	1.4130083736814232	0.8252270876128752	4590.883212740182	6.707012361426685	0.14953416540921755	6.719264312839949	11.62383735424218
	gen36ind2	367.51705189677233	0.384327590701836	0.8513289854166441	1.4020918669491222	0.8266469216067069	4586.260268037518	7.808581055587582	0.15059407773675865	6.729646232464395	11.51811832305064
	gen33ind9	367.530947124967	0.38202864755309146	0.8479118655355011	1.419032593454706	0.8244652465078202	4552.721265296192	7.925060627206227	0.14916797504765522	6.717734359513408	11.811919220723688
	gen34ind19	367.5370835008912	0.38656848560228907	0.846552036427091	1.4136875230483854	0.8252270876128752	4577.341284022605	6.812346351373326	0.14953416540921755	6.719518904754149	11.630451907943488
	gen34ind18	367.5658490883386	0.38202864755309146	0.8486071827692856	1.419032593454706	0.8244652465078202	4552.721265296192	7.764988628466221	0.14916797504765522	6.717734359513408	11.75124431033959
	gen32ind8	367.5725897399589	0.3858640607394921	0.8482219997937219	1.4173722490850102	0.8253818230204857	4617.022588686416	6.887574877065257	0.14953416540921755	6.719264312839949	11.623837354242182
	gen34ind1	367.58359763070933	0.38202864755309146	0.8479118655355011	1.421951798433909	0.8244652465078202	4552.721265296192	7.925060627206227	0.1488757026654019	6.710384511476687	11.811919220723688
	gen34ind8	367.58991031127	0.3847533969288968	0.846552036427091	1.4182675503240434	0.8252270876128752	4562.71977685852	6.707012361426685	0.14935107022843638	6.720145081192811	11.744629756638279
	gen31ind7	367.59594581269425	0.38818165347740696	0.8478502548171837	1.4086444982778359	0.8258729631451145	4602.57843184703	7.685905760721853	0.14953416540921755	6.766503818658475	11.65546788956317
	gen35ind17	367.60354369221375	0.38656848560228907	0.8466926663855076	1.4130083736814232	0.8252270876128752	4590.883212740182	6.458339184610141	0.14953416540921755	6.719264312839949	11.581270617426341
	gen29ind12	367.62010813067866	0.3821376182759832	0.8479426708946598	1.4077792540896428	0.8247673603518064	4574.768436175398	6.778098859478527	0.14953416540921755	6.715393139583268	11.560576283600208
	gen34ind17	367.6342792979268	0.37958773104889076	0.8480361107360128	1.4164230196255831	0.8255101396336877	4594.863549528714	7.098242856958539	0.14935107022843638	6.712829281933426	11.818533774424997
	gen34ind7	367.6648813806305	0.3866229709637349	0.846552036427091	1.416590676592424	0.8259309459315224	4590.883212740182	7.045575861985219	0.1497172605899987	6.719264312839949	11.681926104368404
	gen33ind6	367.67648978989075	0.38324533510755965	0.8492362158073602	1.4079212536897292	0.8264970499731472	4615.903144370952	6.673779424553603	0.14953416540921755	6.718243543341806	11.551932988013121
	gen34ind16	367.67804225655317	0.38748995923326	0.846552036427091	1.4211735769116505	0.8253709005681662	4590.883212740182	7.098242856958539	0.1497172605899987	6.719264312839949	11.681926104368404
	gen32ind11	367.6892072510208	0.3866229709637349	0.846552036427091	1.4169302512759052	0.8259309459315224	4590.883212740182	7.098242856958539	0.1497172605899987	6.719264312839949	11.681926104368404
	gen35ind12	367.6988214530628	0.3858640607394921	0.8482219997937219	1.419893761470285	0.8253818230204857	4617.022588686416	6.887574877065257	0.14953416540921755	6.719264312839949	11.623837354242182
	gen30ind12	367.70645973835616	0.38202864755309146	0.8502504318209985	1.419032593454706	0.8253127534758303	4575.208959262477	9.149635780542713	0.14916797504765522	6.717734359513408	11.811919220723688
	gen31ind1	367.7121195695673	0.3896858506296331	0.8466102554509729	1.402618853502146	0.8227194066811595	4607.36706808642	5.49520329761644	0.14953416540921755	6.808640576195355	11.4023603745759
	gen33ind19	367.7364992096539	0.38818165347740696	0.8466136802842883	1.4082121945336943	0.825536558428096	4646.2656030145845	6.103550149692363	0.14953416540921755	6.797828842295194	11.65546788956317
	gen31ind14	367.7495789650233	0.38818165347740696	0.8466136802842883	1.4086444982778359	0.825536558428096	4646.2656030145845	6.315781865894831	0.14953416540921755	6.797828842295194	11.65546788956317
	gen34ind10	367.75370549774703	0.38248553416160536	0.8480048100643557	1.419032593454706	0.8245848290521416	4571.613654406425	7.098242856958539	0.14925952263804582	6.714516844060146	11.660642735960485
	gen36ind4	367.7563438068528	0.3801109409598912	0.8474365281933907	1.4195607200037825	0.8253878816987543	4564.661416264059	7.558745946219702	0.14916797504765522	6.718245077566401	11.948526890780279
	gen32ind2	367.7772966346206	0.3821630795132833	0.8482219997937219	1.4097502053018025	0.8257871329762314	4609.96274357108	6.673779424553603	0.14953416540921755	6.706394251026903	11.551932988013121
	gen34ind15	367.78548804432694	0.38347925202148125	0.8472011290526974	1.42212429886434	0.8266683638237549	4580.0520568400825	7.098242856958539	0.14964334261068968	6.720009557429374	11.945403416839909
	gen30ind19	367.79629029366896	0.3896858506296331	0.8465794500918142	1.402618853502146	0.823434187452126	4607.36706808642	5.7890347494980965	0.14953416540921755	6.808640576195355	11.4023603745759
	gen29ind3	367.8000819045619	0.38818165347740696	0.8478502548171837	1.4086444982778359	0.825536558428096	4623.11276586975	7.685905760721853	0.14953416540921755	6.797828842295194	11.65546788956317
	gen31ind4	367.81564624082773	0.3821630795132833	0.8482219997937219	1.4106148127900855	0.8252270876128752	4580.800063568465	7.098242856958539	0.14953416540921755	6.706394251026903	11.551932988013121
	gen33ind1	367.82257630775484	0.38941322115627097	0.84919784352508	1.422992447076292	0.8265057563375205	4632.439102249777	5.940691915683992	0.1481573413729868	6.768406942011644	11.632273766232112
	gen33ind16	367.83008684912386	0.3821630795132833	0.8482219997937219	1.4060393141969543	0.8252270876128752	4580.800063568465	7.098242856958539	0.14953416540921755	6.706394251026903	11.491258077629023
	gen32ind12	367.8306949958029	0.38556114640205175	0.8482219997937219	1.4173722490850102	0.8252270876128752	4617.022588686416	6.887574877065257	0.14953416540921755	6.753282142934475	11.623837354242182
	gen30ind16	367.8369359344255	0.38354646800157716	0.8482219997937219	1.4173722490850102	0.8252270876128752	4617.022588686416	6.593743425183599	0.14953416540921755	6.719264312839949	11.592206818921195
	gen32ind0	367.8431647536364	0.384327590701836	0.8502504318209985	1.406956909565939	0.8266469216067069	4592.680865168208	7.2034930393519545	0.14953416540921755	6.730092835656709	11.494372565930878
	gen31ind15	367.8630364155245	0.3838970560523336	0.8479118655355011	1.4191014640615762	0.824106996886163	4558.697228681186	7.4426702899934725	0.14937570955487273	6.706227405342766	11.592206818921195
	gen33ind8	367.880553205403	0.3863677303396107	0.8495705172667933	1.406956909565939	0.827206966970063	4592.680865168208	7.2090549605074035	0.14985107711790718	6.733549866708762	11.494372565930878
	gen31ind12	367.88391831019277	0.3807796910249895	0.8482219997937219	1.4173722490850102	0.8252270876128752	4608.7806610132975	7.2483474789138205	0.14953416540921755	6.719264312839949	11.687130041093841
	gen29ind0	367.91341137661556	0.3841522966764578	0.8502504318209985	1.406956909565939	0.8266469216067069	4592.680865168208	7.2034930393519545	0.14953416540921755	6.736611289405301	11.494372565930878
	gen34ind14	367.91492119346304	0.3821376182759832	0.8479118489660611	1.4101773436635072	0.8246126249441961	4552.922758961803	7.079829965345688	0.14953416540921755	6.723889125144354	11.544761015939713
	gen28ind6	367.92313918651905	0.3821376182759832	0.8479118655355011	1.4268763486436697	0.8250400569138183	4570.834013977281	7.098242856958539	0.14890034199183824	6.718641888633472	11.771645389815616
	gen30ind2	367.9328280123687	0.3841522966764578	0.8499536070175502	1.4173722490850102	0.8262495432904986	4595.3038133002865	7.098242856958539	0.14953416540921755	6.729793182106142	11.592206818921195
	gen33ind11	367.93801914855743	0.384327590701836	0.8490989928187428	1.406956909565939	0.8266028446267671	4592.680865168208	6.922518153966984	0.14953416540921755	6.730092835656709	11.494372565930878
	gen33ind13	367.95071181367604	0.38880613174145795	0.8465794500918142	1.4030422514838206	0.8237643691849478	4607.36706808642	5.7890347494980965	0.14953416540921755	6.808640576195355	11.4023603745759
	gen29ind10	367.95283073436036	0.38354646800157716	0.8482219997937219	1.4173722490850102	0.8252270876128752	4590.883212740182	7.098242856958539	0.14953416540921755	6.719264312839949	11.592206818921195
	gen33ind7	367.9562643166294	0.38285477375743027	0.848407872281991	1.418357406341135	0.8253818230204857	4595.866237535774	6.887574877065257	0.14953416540921755	6.726452982794196	11.623837354242182
	gen32ind18	367.95937571745833	0.38691907365304545	0.8488823280963256	1.41391742888806	0.8235223414120056	4593.969511596793	6.350984520268037	0.14953416540921755	6.808640576195355	11.497283596748549
	gen36ind12	367.9736602956576	0.384327590701836	0.8513289854166441	1.4067763647443758	0.8279083426456759	4603.636502340089	8.111083159928782	0.1510694452997931	6.742761833374924	11.584195293176666
	gen32ind13	367.9840511451186	0.3891979538315198	0.848361664243253	1.4290647243241106	0.8252357939772486	4627.533366429854	5.888066824487284	0.147998885518642	6.768406942011644	11.632273766232112
	gen31ind18	367.9872929991568	0.38354646800157716	0.8472011290526974	1.42212429886434	0.8252270876128752	4590.883212740182	7.098242856958539	0.14953416540921755	6.719264312839949	11.681926104368404
	gen33ind4	368.0219190312014	0.38818165347740696	0.8474948865757819	1.4086444982778359	0.8260856813391328	4623.11276586975	7.685905760721853	0.14962571299960814	6.798593818958464	11.65546788956317
	gen32ind9	368.03265477186477	0.3841522966764578	0.8502504318209985	1.406956909565939	0.8271134516205346	4592.680865168208	7.4046702082733304	0.14953416540921755	6.733549866708762	11.494372565930878
	gen30ind13	368.04505414166107	0.3838970560523336	0.8479118655355011	1.4191014640615762	0.824106996886163	4582.869393528362	7.098242856958539	0.14953416540921755	6.745990528921919	11.592206818921195
	gen31ind6	368.04577993014135	0.3889082908162199	0.8506591829951831	1.4057487270228544	0.8268992727043523	4598.073822452287	8.77936522826013	0.148907351707193	6.752935987443575	11.482672062466772
	gen31ind0	368.0485768769079	0.3896858506296331	0.8460967528000968	1.402618853502146	0.823434187452126	4616.176551549246	5.7890347494980965	0.15003417229868837	6.836533800392745	11.4023603745759
	gen29ind6	368.0521460653891	0.38818165347740696	0.8469450605076247	1.4008596012808234	0.8257724807368991	4623.11276586975	7.7385308519185605	0.14953416540921755	6.797806068082602	11.53106086091795
	gen31ind16	368.056593949262	0.3841522966764578	0.848549629956329	1.4231840101160882	0.8254751434137403	4591.708508444234	7.098242856958539	0.14984757226022982	6.729793182106142	11.646974197148406
	gen27ind11	368.0696986197309	0.3841522966764578	0.8479118655355011	1.4173722490850102	0.8252270876128752	4590.883212740182	7.098242856958539	0.14953416540921755	6.736611289405301	11.592206818921195
	gen22ind0	368.0844965504762	0.3841522966764578	0.8479118655355011	1.406956909565939	0.8255119015314245	4590.883212740182	7.2034930393519545	0.14953416540921755	6.745990528921919	11.494372565930878
	gen29ind19	368.09908144869485	0.3826480995242316	0.8518094760113302	1.4043208241365108	0.8266334804071173	4590.796074599039	9.149635780542713	0.14935107022843638	6.703792061345778	11.494372565930878
	gen24ind16	368.1064184838901	0.3841522966764578	0.8479118655355011	1.4173722490850102	0.8250400569138183	4590.883212740182	7.098242856958539	0.14953416540921755	6.745990528921919	11.592206818921195
	gen29ind16	368.13289734629393	0.38818165347740696	0.8478502548171837	1.4269652440803777	0.8251431355055201	4606.997989304966	6.593743425183599	0.14953416540921755	6.800619968569716	11.710499431812371
	gen34ind3	368.13910620108476	0.38818165347740696	0.8478502548171837	1.4086444982778359	0.8256139261319013	4637.926481063363	7.685905760721853	0.14962571299960814	6.797828842295194	11.540143587914496
	gen32ind4	368.16636724008293	0.3889405637016498	0.8478502548171837	1.4086444982778359	0.8260856813391328	4632.747545036628	7.685905760721853	0.1497172605899987	6.798593818958464	11.545611688661923
	gen31ind9	368.19444654467367	0.3841522966764578	0.8511235953825196	1.425216004273974	0.8250400569138183	4580.571955107166	7.500597194801291	0.14953416540921755	6.739867683528839	11.592206818921195
	gen33ind2	368.2249325014392	0.3821630795132833	0.8482219997937219	1.4106148127900855	0.8252270876128752	4568.713981144877	7.098242856958539	0.14953416540921755	6.706394251026903	11.459611734203193
	gen32ind3	368.22937700896915	0.38818165347740696	0.8466136802842883	1.4222993230410195	0.825536558428096	4648.475903294637	5.916616424066532	0.14953416540921755	6.798377173123054	11.65546788956317
	gen28ind0	368.2335637758433	0.3841522966764578	0.8479118655355011	1.4173722490850102	0.8239657494640126	4610.932411503083	7.098242856958539	0.15043562188241383	6.787094565918573	11.586092403167152
	gen31ind5	368.2480213876152	0.3891979538315198	0.848361664243253	1.4363653200660549	0.82514227862772	4627.533366429854	6.08924399340866	0.147998885518642	6.768406942011644	11.652410681686149
	gen33ind3	368.2528546027619	0.38783499637581914	0.8490415787974581	1.430150330716946	0.8252357939772486	4627.533366429854	6.060280541004751	0.147998885518642	6.768406942011644	11.587414123508507
	gen31ind2	368.2602146246535	0.3826480995242316	0.8502255759670054	1.4186780660799014	0.8255011080179395	4603.31554630777	5.86187841527317	0.1495095260827812	6.734333903463558	11.488258150176835
	gen32ind14	368.2717445373066	0.3838970560523336	0.8480515299850322	1.42389796155926	0.8243368605166974	4582.869393528362	7.098242856958539	0.14953416540921755	6.747926115550259	11.608022086581688
	gen33ind17	368.2782273727918	0.3827943694254641	0.846552036427091	1.4169302512759052	0.8262735108388275	4574.111656040211	7.098242856958539	0.1497172605899987	6.725550948142892	11.681926104368404
	gen32ind17	368.2827174830212	0.3841522966764578	0.8511235953825196	1.425216004273974	0.8250400569138183	4580.571955107166	7.75284691068876	0.14953416540921755	6.739867683528839	11.592206818921195
	gen32ind15	368.2846468774783	0.38354646800157716	0.8483770669228323	1.4173722490850102	0.8252270876128752	4617.022588686416	6.593743425183599	0.14985107711790718	6.719264312839949	11.482350618019947
	gen30ind1	368.2926931776606	0.3813855196998701	0.8506951488595126	1.4038573764951607	0.8260027726145779	4570.716914396748	9.333991214837642	0.14953416540921755	6.710871165779208	11.511659157105049
	gen32ind7	368.32317642011736	0.3874295549012939	0.8478519672338414	1.4116573206656808	0.8269451343015644	4623.11276586975	7.685905760721853	0.14953416540921755	6.792422975345113	11.65546788956317
	gen33ind5	368.3448265790156	0.3846604468535142	0.8511244238004808	1.4171670225890765	0.8269630693951109	4592.680865168208	7.4046702082733304	0.14953416540921755	6.7188389165669875	11.482775504265348
	gen30ind10	368.3612783633953	0.3865430243649889	0.8460181838440659	1.422168746582694	0.8253634358938812	4598.940601022574	7.098242856958539	0.14985107711790718	6.736611289405301	11.592206818921195
	gen31ind8	368.3930226009258	0.38919347325458203	0.8475366393315699	1.435954147804203	0.8251240864573894	4627.533366429854	6.887574877065257	0.1481573413729868	6.798925503950914	11.739072759256338
	gen30ind15	368.3931154498711	0.3826480995242316	0.8497670293070604	1.4186780660799014	0.8255011080179395	4603.31554630777	6.5937434251836	0.1495095260827812	6.734333903463558	11.488258150176835
	gen32ind19	368.41184058468133	0.38919347325458203	0.8475366393315699	1.435954147804203	0.8253539500879239	4648.660442685363	6.795397159917792	0.1481573413729868	6.8008610905792555	11.739072759256338
	gen30ind4	368.43526885775344	0.3841522966764578	0.8481535667924702	1.425216004273974	0.8250400569138183	4590.883212740182	7.098242856958539	0.14953416540921755	6.739867683528839	11.592206818921195
	gen31ind3	368.4401315626878	0.3841522966764578	0.8481381641128909	1.425216004273974	0.824720797633316	4589.305821855695	7.258314855698544	0.14953416540921755	6.741038293493909	11.592206818921195
	gen29ind18	368.48442956961355	0.38919347325458203	0.8478635642719562	1.435954147804203	0.8251240864573894	4627.533366429854	6.08924399340866	0.14831579722733162	6.797470776174105	11.652410681686149
	gen30ind17	368.4862627484595	0.38516411645363285	0.850749237014516	1.4117455794024787	0.8257497789544603	4580.661179452646	10.586225549115898	0.14940034888130907	6.706423665915547	11.593735422859705
	gen30ind5	368.52838217549106	0.3875249023279261	0.8510299539161643	1.4057487270228544	0.8267758873663918	4598.073822452287	9.897239407199681	0.148907351707193	6.743474979280108	11.482672062466772
	gen33ind12	368.5327096498622	0.3791537925312215	0.848407872281991	1.411167666302069	0.8253523748869429	4580.800063568465	6.592179688874413	0.14953416540921755	6.739323044607243	11.500165537238097
	gen29ind15	368.53458797120555	0.3875249023279261	0.8510299539161643	1.4057487270228544	0.8267758873663918	4598.073822452287	9.737167408459674	0.1489988992975836	6.759884593309869	11.491315358053857
	gen32ind6	368.6184701354053	0.38108260536242977	0.8502490438184125	1.4271249717661072	0.8262495432904986	4595.3038133002865	7.098242856958539	0.14953416540921755	6.714894949571562	11.592206818921195
	gen31ind10	368.62027583594585	0.39226316456861	0.845666050438576	1.435954147804203	0.8242276363770149	4644.0607908466645	5.434639939678439	0.14831579722733162	6.8421589078518075	11.652410681686149
	gen29ind14	368.62291522548713	0.3896858506296331	0.8438269721269616	1.4208979730400186	0.823434187452126	4623.938061573802	5.7890347494980965	0.14953416540921755	6.808640576195355	11.482143734422792
	gen31ind19	368.62974117908317	0.3826345670106952	0.8481535667924702	1.4228216693557043	0.8245306554421608	4590.883212740182	7.098242856958539	0.14953416540921755	6.77341625452516	11.592206818921195
	gen31ind11	368.63151958064765	0.38354646800157716	0.8482219997937219	1.4294765332858725	0.8249142413643398	4617.022588686416	4.34525264732998	0.1489918895822288	6.719264312839949	11.621544448334417
	gen28ind9	368.6393125588849	0.38212865712210764	0.8469464709520662	1.406956909565939	0.8247309760111452	4589.2326213320775	7.55297401322952	0.15016798882659685	6.773520807908189	11.491315358053857
	gen27ind9	368.7526578701296	0.38212865712210764	0.8455592845730104	1.406956909565939	0.8242860137927184	4589.2326213320775	7.55297401322952	0.15016798882659685	6.773520807908189	11.491315358053857
	gen30ind9	368.87141242155315	0.3811213179218703	0.8469464709520662	1.411708959345269	0.8247309760111452	4589.2326213320775	7.55297401322952	0.15016798882659685	6.759846487763966	11.491315358053857
	gen27ind12	368.875224398356	0.38818165347740696	0.8478502548171837	1.4365582390757454	0.8251431355055201	4623.11276586975	6.08924399340866	0.14953416540921755	6.8297740172378525	11.65546788956317
	gen28ind15	368.9418516627118	0.38818165347740696	0.8458218227899071	1.4365582390757454	0.8241016307797662	4623.11276586975	6.08924399340866	0.14890034199183824	6.8297740172378525	11.652410681686149
	gen29ind13	368.9522054389499	0.38516411645363285	0.8507338343349367	1.4173722490850102	0.825430519673958	4580.661179452646	10.746297547855905	0.1492172537005279	6.707594275880616	11.593735422859705
	gen30ind3	368.9873008687681	0.3875249023279261	0.8510299539161643	1.4057487270228544	0.8267758873663918	4598.073822452287	10.762863870251762	0.1489988992975836	6.752148467562783	11.491315358053857
	gen28ind18	368.9997615090054	0.3841522966764578	0.8507338343349367	1.4173722490850102	0.8250400569138183	4579.835883748594	10.746297547855905	0.14953416540921755	6.706170863612519	11.592206818921195
	gen30ind6	369.0038851806997	0.38516411645363285	0.8503440732873537	1.4173722490850102	0.825430519673958	4582.5024009512435	10.746297547855905	0.14944261781882698	6.707594275880616	11.59449972482896
	gen29ind5	369.08226380035575	0.38818165347740696	0.8470840421767905	1.4444019942647093	0.8251240864573894	4631.21580942705	6.08924399340866	0.14876652546392977	6.797470776174105	11.65393928562466
	gen30ind14	369.1205359162022	0.38691907365304545	0.8441553075117894	1.4013502932643747	0.8258014744884771	4571.615740610761	4.00731268903282	0.15016798882659685	6.768605194268246	11.512423459074304
	gen26ind0	369.12276018247957	0.38354646800157716	0.8386023755459528	1.4407482954079647	0.8241522657971475	4598.073822452287	6.832641913666574	0.14890034199183824	6.703792061345778	11.897800874495035
	gen29ind4	369.2098567177426	0.3813855196998701	0.8502812371801572	1.4173722490850102	0.8260447873863634	4590.883212740182	8.829491783062702	0.14953416540921755	6.736611289405301	11.511659157105049
	gen28ind3	369.2358683125598	0.38818165347740696	0.8478502548171837	1.4365582390757454	0.8257724807368991	4623.11276586975	7.7385308519185605	0.14953416540921755	6.797806068082602	11.65546788956317
	gen30ind0	369.27856651654827	0.38717431427716964	0.8485041046979563	1.4369694113375973	0.8251613276758507	4623.11276586975	5.701806416533164	0.14985107711790718	6.794919386741575	11.482143734422792
	gen26ind12	369.293289605898	0.38818165347740696	0.8485041046979563	1.4365582390757454	0.8251431355055201	4623.11276586975	6.08924399340866	0.14953416540921755	6.806639381013028	11.482143734422792
	gen31ind13	369.3044263271651	0.3875249023279261	0.8510299539161643	1.4057487270228544	0.8273935934977776	4598.073822452287	11.175185584879237	0.148907351707193	6.743474979280108	11.482672062466772
	gen27ind8	369.318534529189	0.3871698337002319	0.8485041046979563	1.4365582390757454	0.8251431355055201	4623.11276586975	6.08924399340866	0.14985107711790718	6.794919386741575	11.482143734422792
	gen24ind9	369.3331987458197	0.3841522966764578	0.8386023755459528	1.4407482954079647	0.8243392964962044	4598.073822452287	6.832641913666574	0.14953416540921755	6.703792061345778	11.811138796924846
	gen27ind10	369.34852058976327	0.3826480995242316	0.8525889981064959	1.406956909565939	0.8274078802838756	4598.073822452287	11.201028704126886	0.14953416540921755	6.703792061345778	11.494372565930878
	gen27ind6	369.4703000002231	0.3839524591038716	0.8485321340519428	1.406956909565939	0.8253248708323676	4594.478517596234	11.201028704126886	0.14826651857445894	6.711296575791215	11.488258150176835
	gen21ind10	369.495524878327	0.3841522966764578	0.8479118655355011	1.406956909565939	0.8255119015314245	4598.073822452287	11.201028704126886	0.14953416540921755	6.703792061345778	11.494372565930878
	gen25ind19	369.5441192735114	0.38294063932669653	0.8485321340519428	1.406956909565939	0.8251378401333107	4594.478517596234	11.201028704126886	0.14826651857445894	6.711296575791215	11.488258150176835
	gen26ind19	369.58753465996256	0.38294063932669653	0.8447110036050408	1.406956909565939	0.8239839387095353	4594.478517596234	11.201028704126886	0.14953416540921755	6.722550540379013	11.55732085480643
	gen23ind0	369.6248462179503	0.3857762610856356	0.8479118655355011	1.4081227688277438	0.8257408173314321	4608.565614980599	11.201028704126886	0.14953416540921755	6.726350659377881	11.494372565930878
	gen25ind9	369.63467732934066	0.3857762610856356	0.8416756887741748	1.4415956106522647	0.8234540479622121	4608.565614980599	6.832379361973873	0.18614957574372537	6.720092489113852	11.649256594949073
	gen24ind13	369.69047977336794	0.38294063932669653	0.8479118655355011	1.406956909565939	0.8251378401333107	4594.478517596234	11.201028704126886	0.14953416540921755	6.722550540379013	11.494372565930878
	gen27ind0	369.72130652041454	0.3841522966764578	0.8479118655355011	1.4085640957533117	0.8242479156964572	4612.80359444107	10.582330874034948	0.15080181224397615	6.7046752085569175	11.405960945121294
	gen25ind11	369.78096455253535	0.38212865712210764	0.8479118655355011	1.406956909565939	0.8251378401333107	4589.2326213320775	11.201028704126886	0.14953416540921755	6.722550540379013	11.494372565930878
	gen28ind8	369.8277537608361	0.3896858506296331	0.8456961505755141	1.456908129031359	0.8233406721025975	4627.533366429854	5.903687154719619	0.14890034199183824	6.795844585859033	11.56574860411596
	gen26ind11	369.88075368918146	0.3833403144718689	0.8528403425352822	1.462827263751126	0.8246630461297273	4600.192812182522	3.3300120026266526	0.13186028365934294	6.754719562844586	11.841020876211633
	gen29ind2	369.93761408923206	0.3800275924488764	0.8525889981064959	1.407843755188964	0.8274078802838756	4598.073822452287	11.201028704126886	0.14953416540921755	6.733835702506017	11.494372565930878
	gen29ind1	370.0496255615931	0.38691907365304545	0.8441553075117894	1.4173722490850102	0.8250400569138183	4590.883212740182	3.4501881660611726	0.15016798882659685	6.799034937652648	11.592206818921195
	gen28ind17	370.064150674806	0.38315858077248	0.8507338343349367	1.4226444199438668	0.826960270379344	4592.919236737947	8.95448526381374	0.1489988992975836	6.7243655986191415	11.413824904114731
	gen28ind13	370.07640210102136	0.3841522966764578	0.8494709097258327	1.4052693208540423	0.8267758873663918	4581.794204827725	12.797690471440077	0.14926653235340057	6.723030849161966	11.54940410818008
	gen25ind0	370.13686340505615	0.3841522966764578	0.8525666105302753	1.4085640957533117	0.8255119015314245	4609.208289585018	10.582330874034948	0.15080181224397615	6.730104656419127	11.3210484107905
	gen29ind17	370.1425084843067	0.38867851142939586	0.8479983146077975	1.4365582390757454	0.8257724807368991	4625.690058726919	9.953899269690211	0.14953416540921755	6.797806068082602	11.695741720471243
	gen27ind18	370.2061416397924	0.3896858506296331	0.8453860163172932	1.456908129031359	0.823434187452126	4627.533366429854	3.9049193223321534	0.14953416540921755	6.813191562424385	11.56880581199298
	gen28ind14	370.21379396169357	0.3811439023720054	0.8527622663622132	1.40864734828265	0.826960270379344	4592.919236737947	11.201028704126886	0.1502665461323422	6.7243655986191415	11.416882111991754
	gen26ind14	370.240187215779	0.38212865712210764	0.8479118655355011	1.406956909565939	0.8251378401333107	4589.5539586342875	11.996313887668066	0.15016798882659685	6.722550540379013	11.494372565930878
	gen28ind19	370.2577578890417	0.38717879485410744	0.8510299539161643	1.4057487270228544	0.8267758873663918	4622.382953124187	13.38522209935704	0.1489988992975836	6.708914325780693	11.488258150176835
	gen30ind11	370.3387943768678	0.3803918037958923	0.8507338343349367	1.4026038348797676	0.8277149673542079	4592.919236737947	10.484681157380766	0.1492911716798369	6.7243655986191415	11.33404154426784
	gen24ind0	370.4557808296765	0.3841522966764578	0.8479118655355011	1.406956909565939	0.8255119015314245	4598.073822452287	11.306278886520301	0.1805345221455224	6.703792061345778	11.406048211923096
	gen26ind4	370.4663581180673	0.3841522966764578	0.8510299539161643	1.4057487270228544	0.8267758873663918	4598.073822452287	13.38522209935704	0.1489988992975836	6.708914325780693	11.494372565930878
	gen27ind3	370.49554821644256	0.3811439023720054	0.8507338343349367	1.40864734828265	0.826960270379344	4592.919236737947	11.201028704126886	0.1496327227149629	6.7243655986191415	11.413824904114731
	gen23ind8	370.50748709648406	0.3841522966764578	0.8479118655355011	1.4085640957533117	0.8255119015314245	4612.80359444107	10.582330874034948	0.15080181224397615	6.7046752085569175	11.3210484107905
	gen24ind17	370.5267913223973	0.3841522966764578	0.8479118655355011	1.4085640957533117	0.8255119015314245	4612.80359444107	10.582330874034948	0.15080181224397615	6.709005422631057	11.3210484107905
	gen29ind8	370.5329834791539	0.3836554387244689	0.849722254154619	1.4922079297981483	0.8241232447187197	4599.091834451169	4.205508114857546	0.14953416540921755	6.755183598230342	11.80074704530356
	gen26ind13	370.5962639431806	0.38212865712210764	0.8510299539161643	1.4174367501843315	0.8251378401333107	4589.2326213320775	11.33396045161922	0.1489988992975836	6.722550540379013	11.458377158095242
	gen25ind10	370.6267986636586	0.3821376182759832	0.8510299539161643	1.422644419943867	0.8269124454296892	4583.344050463503	12.664889999794095	0.1489988992975836	6.708914325780693	11.658870097181904
	gen24ind6	370.6639594528308	0.3841522966764578	0.8510299539161643	1.422644419943867	0.8267758873663918	4598.073822452287	11.201028704126886	0.1489988992975836	6.708914325780693	11.494372565930878
	gen24ind14	370.66878616705094	0.3841522966764578	0.8479118655355011	1.4051691396025947	0.8255119015314245	4612.776640616998	10.582330874034948	0.14953416540921755	6.701316971246291	11.258100121914946
	gen26ind5	370.6878004203268	0.3896858506296331	0.8438269721269616	1.4583158133965877	0.823434187452126	4627.533366429854	3.9049193223321534	0.14953416540921755	6.813237110849567	11.482143734422792
	gen25ind16	370.7724268961259	0.3857762610856356	0.8442562821881934	1.4673254278473564	0.8237747305567978	4608.565614980599	6.832379361973873	0.18614957574372537	6.705603279328431	11.664197634592465
	gen30ind18	370.7955230577337	0.38294196192507324	0.8533926708334342	1.4083064692847649	0.8267758873663918	4583.344050463503	12.293059763818787	0.14960808338852655	6.759884593309869	11.412296300176221
	gen22ind3	370.8823068490009	0.3841522966764578	0.8416756887741748	1.4661595685855517	0.8229839298614898	4598.073822452287	6.832379361973873	0.15060469763248546	6.73574600005209	11.664197634592465
	gen27ind7	370.8827734593003	0.3841522966764578	0.8494709097258327	1.422644419943867	0.8267758873663918	4605.438708446678	11.201028704126886	0.14990035577077987	6.708914325780693	11.494372565930878
	gen27ind16	370.9326642485972	0.38818165347740696	0.8466349262494038	1.4661595685855517	0.8242532110686666	4638.493557280299	3.9049193223321534	0.15080181224397615	6.8031083199332585	11.482143734422792
	gen27ind13	370.9391499134543	0.3841522966764578	0.8447937771548379	1.438165425263118	0.8244349463955141	4612.80359444107	8.00036361118785	0.15102016664692047	6.711272938393456	11.405960945121294
	gen24ind12	370.9514672011521	0.3857762610856356	0.8416756887741748	1.4673254278473564	0.8229839298614898	4608.565614980599	6.832379361973873	0.18614957574372537	6.705603279328431	11.664197634592465
	gen30ind7	370.9544188416762	0.3800275924488764	0.850936312449809	1.4239624626585812	0.8274078802838756	4614.232168087642	9.670832810559858	0.14953416540921755	6.779399365203915	11.488258150176835
	gen24ind2	370.9563644005096	0.3841522966764578	0.849722254154619	1.4922079297981483	0.82339906029476	4598.073822452287	3.3300120026266526	0.14953416540921755	6.755183598230342	11.841020876211633
	gen28ind5	370.95792292393276	0.3826480995242316	0.8528991323647168	1.406956909565939	0.8275502872431502	4599.871474880312	13.252421627711058	0.14890034199183824	6.713554915219574	11.442398231558698
	gen26ind7	370.9900389120053	0.3841522966764578	0.849722254154619	1.4922079297981483	0.82339906029476	4598.073822452287	3.3300120026266526	0.14953416540921755	6.762909234649566	11.841020876211633
	gen25ind3	371.0122782188046	0.38341689010553154	0.8422959572906165	1.4627646124348348	0.8229839298614898	4598.073822452287	6.832379361973873	0.15060469763248546	6.73574600005209	11.601249345716912
	gen28ind16	371.0472128651965	0.3811439023720054	0.8490057083385014	1.4417687588400951	0.8264244404974935	4592.919236737947	7.55297401322952	0.1509003695497215	6.7243655986191415	11.41076769623771
	gen23ind5	371.04900999817016	0.38818165347740696	0.8453860163172932	1.4661595685855517	0.8240661803696097	4627.533366429854	3.9049193223321534	0.14953416540921755	6.813237110849567	11.482143734422792
	gen28ind11	371.05109764913493	0.38757582480252634	0.845386016317293	1.4661595685855517	0.8242532110686666	4638.493557280299	3.9049193223321534	0.15016798882659685	6.797269070425375	11.482143734422792
	gen25ind18	371.077985190394	0.3811439023720054	0.8510299539161643	1.422644419943867	0.8267758873663918	4598.073822452287	11.201028704126886	0.1489988992975836	6.7243655986191415	11.494372565930878
	gen27ind4	371.0910661881989	0.3826480995242316	0.8510299539161643	1.4008868456230248	0.8286718661188428	4598.073822452287	13.385353375203392	0.14819600013013265	6.703224125064219	11.409460031600084
	gen26ind15	371.092739719228	0.38818165347740696	0.8450758820590722	1.4661595685855517	0.8242532110686666	4636.695904852272	3.9049193223321534	0.15080181224397615	6.809926427232418	11.482143734422792
	gen26ind18	371.1556264401373	0.3873696712728181	0.8485041046979563	1.4661595685855517	0.825330166204577	4627.533366429854	6.08924399340866	0.14953416540921755	6.812331501858241	11.482143734422792
	gen27ind15	371.1826994487632	0.3811439023720054	0.8519351482257232	1.4644663369662854	0.8257194667480596	4598.073822452287	6.47023516983559	0.1489988992975836	6.747454686418784	11.494372565930878
	gen25ind13	371.2077834353592	0.3856231098183103	0.8416756887741748	1.487564889153195	0.8225155939534731	4597.806392798222	3.540512367413484	0.13759973556047359	6.8203877990507555	11.894599320539369
	gen27ind2	371.2450324492986	0.38818165347740696	0.8466349262494038	1.4731997306808293	0.8242532110686666	4629.33101885788	3.9049193223321534	0.14990035577077987	6.809926427232418	11.482143734422792
	gen26ind17	371.25488139318946	0.3841522966764578	0.8429162258070582	1.4972015792240538	0.8222981061751953	4586.288335897791	5.0194309199681495	0.1469988717397003	6.789134037589475	11.79731790026577
	gen27ind19	371.2610365889089	0.3841522966764578	0.8525889981064959	1.4304881751328309	0.8267758873663918	4602.333754361286	11.201028704126886	0.1489988992975836	6.708914325780693	11.494372565930878
	gen28ind12	371.2730574739605	0.38516411645363285	0.8488170598450601	1.4599977592011149	0.8243576976935998	4595.1431446491815	2.765091914437832	0.1492172537005279	6.736611289405301	11.765530974061573
	gen23ind18	371.2814114349728	0.3856231098183103	0.8416756887741748	1.4831608124873457	0.8225155939534731	4597.806392798222	3.540512367413484	0.13759973556047359	6.801895245905325	11.759020116474021
	gen27ind1	371.3785878500002	0.38818165347740696	0.8450758820590722	1.4731997306808293	0.8242532110686666	4638.172219978089	3.9049193223321534	0.15080181224397615	6.8098808788072365	11.482143734422792
	gen29ind11	371.41006282974246	0.3851596358766951	0.8451066874182309	1.4731997306808293	0.8238869991571262	4612.032844031854	3.9049193223321534	0.15080181224397615	6.770298789082672	11.482143734422792
	gen28ind4	371.43880030184675	0.38818165347740696	0.8450758820590722	1.4661595685855517	0.8244402417677235	4648.320722755663	3.9049193223321534	0.1511187239526658	6.809926427232418	11.395481656852603
	gen21ind9	371.47660027738743	0.39016908528536254	0.8292928855564046	1.4486182676422237	0.8236245230609995	4633.438626933121	6.782492309778291	0.15526857983103676	6.789110389178681	11.885709577892143
	gen27ind14	371.53480689459315	0.38818165347740696	0.8485041046979563	1.4365582390757454	0.8251431355055201	4623.11276586975	9.365665362100245	0.1487312662417666	6.806639381013028	11.397231200091998
	gen24ind8	371.5508033255562	0.3855367265717323	0.8416756887741748	1.4972015792240538	0.8230406966401945	4605.264432164391	5.576363987727974	0.14953416540921755	6.833978745602884	11.895185545219782
	gen24ind18	371.5550359505369	0.385840486137777	0.8416756887741748	1.445346367577606	0.8227637610391058	4608.565614980599	2.8348436971989415	0.14666695819830794	6.7964617875364155	11.664197634592465
	gen22ind19	371.56348931537747	0.39016908528536254	0.8292928855564046	1.4486182676422237	0.8236245230609995	4633.438626933121	6.782492309778291	0.15526857983103676	6.789110389178681	11.794682627807306
	gen25ind6	371.5803415664993	0.3895632566104819	0.8292928855564046	1.4486182676422237	0.8234374923619426	4633.438626933121	6.782492309778291	0.15526857983103676	6.789110389178681	11.794682627807306
	gen22ind15	371.58836597173195	0.3841522966764578	0.8480774126350954	1.4972015792240538	0.8238797075658113	4598.073822452287	3.3300120026266526	0.1469988717397003	6.811470816427289	11.828792044703548
	gen25ind7	371.62301809341665	0.3841522966764578	0.8429162258070582	1.4972015792240538	0.8222981061751953	4598.073822452287	5.0194309199681495	0.1469988717397003	6.789134037589475	11.710655822695582
	gen23ind16	371.6442821781672	0.3841522966764578	0.8429162258070582	1.4972015792240538	0.8222981061751953	4605.398146991423	3.3300120026266526	0.12028841576374197	6.811470816427289	11.828792044703548
	gen24ind3	371.65230207770605	0.3856231098183103	0.8416756887741748	1.4676398071680947	0.8228896553515869	4601.401697654274	2.9218145373215467	0.13759973556047359	6.78313676687209	11.759020116474021
	gen26ind6	371.6549373890802	0.3856231098183103	0.8416756887741748	1.503991491525488	0.8215719047182606	4597.806392798222	3.3300120026266526	0.13759973556047359	6.823455176033706	11.954688622454654
	gen22ind4	371.6549373890802	0.3856231098183103	0.8416756887741748	1.503991491525488	0.8215719047182606	4597.806392798222	3.3300120026266526	0.13759973556047359	6.823455176033706	11.954688622454654
	gen24ind7	371.6644145758194	0.3889574279356013	0.8292928855564046	1.4486182676422237	0.8236245230609995	4629.8433220770685	6.782492309778291	0.15580384594267072	6.789110389178681	11.885709577892143
	gen24ind10	371.6701965291917	0.38818165347740696	0.8453860163172932	1.4870145189096236	0.8240661803696097	4627.533366429854	3.9049193223321534	0.11256659374854071	6.801983146261769	11.482143734422792
	gen26ind9	371.67458760217056	0.3841522966764578	0.8429162258070582	1.4972015792240538	0.8222981061751953	4598.899118156339	5.0194309199681495	0.1469988717397003	6.800854031860928	11.710655822695582
	gen24ind15	371.6828484174834	0.3841522966764578	0.8447713895786173	1.4972015792240538	0.8228565384397765	4612.80359444107	3.3300120026266526	0.1469988717397003	6.8010999990506305	11.828792044703548
	gen26ind2	371.695292033737	0.3856231098183103	0.8416756887741748	1.503991491525488	0.8218122283537863	4597.806392798222	3.3300120026266526	0.13633208872571495	6.823455176033706	11.948574206700611
	gen28ind1	371.7032282424919	0.3811439023720054	0.8497978346662189	1.4191774970785511	0.8278323079847241	4592.919236737947	11.201028704126886	0.1496327227149629	6.7243655986191415	11.413824904114731
	gen25ind17	371.70848819466573	0.38294063932669653	0.8466489409263971	1.4374521240574176	0.8251378401333107	4594.478517596234	11.201028704126886	0.14953416540921755	6.722550540379013	11.6063943721848
	gen22ind11	371.84569462329796	0.3841522966764578	0.8429162258070582	1.4972015792240538	0.8222981061751953	4598.073822452287	3.3300120026266526	0.1469988717397003	6.811470816427289	11.828792044703548
	gen21ind7	371.8682860105716	0.3841522966764578	0.8416756887741748	1.503991491525488	0.8215719047182606	4598.127730100432	3.3300120026266526	0.14953416540921755	6.823455176033706	11.954688622454654
	gen26ind3	371.94416400607855	0.3841522966764578	0.8479118655355011	1.4085640957533117	0.8257478238402276	4623.750308379478	10.582330874034948	0.15080181224397615	6.7046752085569175	11.153995062287375
	gen25ind14	371.96467034762037	0.3841522966764578	0.847829091985704	1.4085640957533117	0.8255119015314245	4609.208289585018	10.582330874034948	0.15206945907873476	6.7237347211216285	11.153838671404165
	gen25ind1	371.99749836831927	0.3841522966764578	0.8479118655355011	1.4085640957533117	0.8255119015314245	4595.121192200653	12.791599071209244	0.15080181224397615	6.709005422631057	11.3210484107905
	gen20ind0	372.07198307305555	0.3841522966764578	0.8416756887741748	1.4972015792240538	0.8229493158404473	4598.073822452287	3.3300120026266526	0.1469988717397003	6.811470816427289	11.828792044703548
	gen23ind15	372.1607575835906	0.3841522966764578	0.8429162258070582	1.4972015792240538	0.8222981061751953	4605.612984728966	3.3300120026266526	0.1469988717397003	6.793391456539073	11.683600425610562
	gen28ind2	372.18883233947605	0.38818165347740696	0.8450758820590722	1.4827927256761968	0.8242532110686666	4638.172219978089	3.400419890557214	0.15080181224397615	6.834345307717065	11.482143734422792
	gen26ind8	372.20273587928517	0.3841522966764578	0.8479118655355011	1.409147025384214	0.8255119015314245	4595.121192200653	12.791599071209244	0.1685742512995961	6.706065937730774	11.3210484107905
	gen19ind1	372.20819095021034	0.3841522966764578	0.8416756887741748	1.4972015792240538	0.8229493158404473	4598.073822452287	3.3300120026266526	0.14953416540921755	6.833978745602884	11.841020876211633
	gen30ind8	372.2122581298937	0.38919347325458203	0.8478635642719562	1.435954147804203	0.8249288550773196	4627.533366429854	2.441189302511294	0.14879116479036608	6.843191107060121	11.652410681686149
	gen21ind17	372.315358244581	0.38319979511878777	0.8416756887741748	1.4696380233685211	0.8224261574288296	4590.883212740182	2.8348436971989415	0.14666695819830794	6.7964617875364155	11.664197634592465
	gen23ind11	372.33609395975617	0.39016908528536254	0.829766364923811	1.4486182676422237	0.8244409394545026	4633.438626933121	6.782492309778291	0.19277141760334754	6.789110389178681	11.794682627807306
	gen23ind9	372.3519830889263	0.38319979511878777	0.841055420257733	1.4696380233685211	0.8220630567003623	4590.910166564255	2.8348436971989415	0.14666695819830794	6.802453967339623	11.664197634592465
	gen26ind10	372.40978127158394	0.3822052327557703	0.8479118655355011	1.406956909565939	0.8271078385398927	4594.478517596234	14.827188139831033	0.1555013803335895	6.722550540379013	11.494372565930878
	gen23ind10	372.426445477885	0.38319979511878777	0.8479118655355011	1.4276380693697726	0.8266845065666446	4598.073822452287	12.395202205645088	0.14953416540921755	6.703792061345778	11.494372565930878
	gen24ind19	372.46343448296966	0.38408468219667063	0.8425838938109214	1.5389114798721977	0.8221711085448737	4616.398899297123	3.8650498151932586	0.07559902208786387	6.811470816427289	11.844641874404745
	gen23ind2	372.5656470620719	0.3894336787144363	0.8271135728496313	1.4486182676422237	0.8236245230609995	4633.438626933121	6.782492309778291	0.15526857983103676	6.816471651554629	11.797537738187255
	gen22ind16	372.5725261222262	0.38159375301736104	0.8407287300393621	1.5423064360229146	0.8213510970744837	4598.073822452287	3.3300120026266526	0.07559902208786387	6.811470816427289	11.998617113365135
	gen25ind12	372.6021162357904	0.3857762610856356	0.8417584623239719	1.512447762676414	0.8229839298614898	4608.565614980599	4.895638843611222	0.18614957574372537	6.705603279328431	11.664197634592465
	gen23ind12	372.6525048258813	0.38159375301736104	0.8407287300393621	1.5389114798721977	0.8213510970744837	4598.073822452287	3.3300120026266526	0.07559902208786387	6.811470816427289	11.935668824489582
	gen24ind5	372.66941195642954	0.38159375301736104	0.8407287300393621	1.5389114798721977	0.8215354679409511	4609.208289585018	3.3300120026266526	0.07559902208786387	6.811470816427289	11.935668824489582
	gen25ind8	372.6911089309087	0.3889574279356013	0.8252696028661825	1.4486182676422237	0.8236245230609995	4629.8433220770685	6.782492309778291	0.15580384594267072	6.789110389178681	11.885709577892143
	gen25ind4	372.8492553147696	0.3889574279356013	0.8292928855564046	1.4113199092752067	0.8236245230609995	4637.341922898493	10.303401563089023	0.162404884284422	6.789110389178681	11.885709577892143
	gen28ind7	373.0748313110361	0.38212865712210764	0.8479118655355011	1.4356686005501653	0.826194260751643	4585.958653778235	11.996313887668066	0.15016798882659685	6.717954005724801	11.494372565930878
	gen23ind17	373.1459676367595	0.3851468590394752	0.8418860110262103	1.4661595685855517	0.8236974386366749	4594.478517596234	2.587259544485086	0.21496058637015777	6.709278978507298	11.51900601549948
	gen24ind1	373.181376598163	0.38224277634170933	0.834537328430477	1.5389114798721977	0.8213510970744837	4605.398146991423	3.3300120026266526	0.07559902208786387	6.811470816427289	11.942422252556952
	gen23ind7	373.56783225912886	0.3893444711665293	0.8292928855564046	1.4216613910045168	0.8243205378809374	4627.981953021019	11.325083332176515	0.08417882360855691	6.849395830625999	11.772526972608762
	gen29ind9	373.6442557027013	0.3813855196998701	0.8532274677495446	1.422644419943867	0.8283532219739964	4605.438708446678	14.849083395024252	0.14926653235340057	6.744130082950036	11.494372565930878
	gen24ind4	373.6524767843094	0.39016908528536254	0.8292928855564046	1.4486182676422237	0.8236245230609995	4629.8433220770685	11.336698490620346	0.15526857983103676	6.742775526083363	11.885709577892143
	gen23ind19	373.7202989642781	0.3841522966764578	0.8364093408201198	1.4957783761255548	0.8209135001884396	4594.799854898443	7.45107719206581	0.1612714806464708	6.8136779347482985	11.764838086910135
	gen28ind10	373.90833398447586	0.38691907365304545	0.8459656961309072	1.5218092593079546	0.82339906029476	4617.38486365228	2.3180426882707135	0.15016798882659685	6.755183598230342	11.841020876211633
	gen20ind16	373.9535593485466	0.3841522966764578	0.8394506771053609	1.4972015792240538	0.8243684840036218	4631.419028181962	9.2691894890291	0.04504811300775685	6.80701966952712	11.841020876211633
	gen23ind1	374.2006967261704	0.3891529298542252	0.8292928855564046	1.4132067648258384	0.8231666914609843	4612.455041876496	11.325083332176515	0.06414147980049054	6.929074125209681	11.750508852315413
	gen23ind4	374.2514381290322	0.38906569409625014	0.8199006220170592	1.4761468674373628	0.8230390992085784	4630.137444116913	3.5717974466901445	0.015814116276427467	6.970827405594651	11.954580872778436
	gen22ind13	374.2889178802824	0.38657561137598023	0.8418860110262103	1.4661595685855517	0.8236974386366749	4605.264432164391	2.0926163424427777	0.14953416540921755	6.7964617875364155	11.664197634592465
	gen20ind4	374.3449672383879	0.3841522966764578	0.8416756887741748	1.4661595685855517	0.8227637610391058	4598.073822452287	2.0926163424427777	0.14953416540921755	6.7964617875364155	11.664197634592465
	gen21ind4	374.4471758680126	0.3870098013494677	0.8416756887741748	1.4661595685855517	0.8241344904092378	4627.34478391498	2.0926163424427777	0.14953416540921755	6.7964617875364155	11.576933543407364
	gen27ind17	374.47423438379064	0.3841522966764578	0.8395075698555118	1.482570212430383	0.8243392964962044	4598.073822452287	2.1018483793752782	0.14953416540921755	6.730743967355033	11.811138796924846
	gen22ind6	374.56806168327097	0.38692115646700687	0.8292928855564046	1.4462865491186143	0.8231666914609843	4612.455041876496	11.325083332176515	0.08417882360855691	6.849395830625999	11.772526972608762
	gen24ind11	374.5978498423377	0.38692115646700687	0.8291877244303868	1.4462865491186143	0.8231666914609843	4612.455041876496	11.325083332176515	0.08417882360855691	6.849395830625999	11.772526972608762
	gen22ind5	374.78433205951546	0.38818165347740696	0.8391946147084081	1.4661595685855517	0.8240661803696097	4627.533366429854	2.0926163424427777	0.14953416540921755	6.813237110849567	11.482143734422792
	gen21ind13	374.78951862437134	0.3841522966764578	0.8391946147084081	1.4661595685855517	0.8240661803696097	4598.073822452287	2.0926163424427777	0.14953416540921755	6.813237110849567	11.664197634592465
	gen26ind1	374.8271326752772	0.3841522966764578	0.8510299539161643	1.4415603814138351	0.8274818999380065	4590.883212740182	11.13900139010207	0.1555013803335895	6.7138410284220456	11.26421453766899
	gen25ind15	375.3737483311864	0.3841522966764578	0.8510299539161643	1.4085640957533117	0.8255119015314245	4612.80359444107	14.208490309739096	0.15143563566135546	6.709005422631057	11.061062178079933
	gen26ind16	375.64685847120285	0.3841522966764578	0.8479118655355011	1.4381654252631182	0.8261409678151742	4596.276170024261	15.136537054877003	0.14953416540921755	6.703792061345778	11.494372565930878
	gen21ind11	375.8269063223095	0.38605729979179776	0.8292928855564046	1.4761468674373628	0.8231666914609843	4612.455041876496	11.325083332176515	0.015814116276427467	6.849395830625999	11.772526972608762
	gen22ind7	376.02805661403477	0.3889148044648077	0.832576521036662	1.4902446696581149	0.8227263538162163	4641.968493502209	1.8455572931143251	0.01367305182989162	6.973150430138159	11.972180785410233
	gen23ind3	376.1198256399087	0.38692115646700687	0.8292928855564046	1.4709117072327118	0.8231666914609843	4596.9281307319725	11.325083332176515	0.08417882360855691	6.837278653361869	11.772526972608762
	gen21ind0	376.36318558377474	0.38146926351939797	0.8226998386421265	1.567023585681449	0.8220686405509112	4598.073822452287	3.3300120026266526	0.018854591264237427	6.9311323596000065	11.841020876211633
	gen20ind14	376.5335285233527	0.38605729979179776	0.8292928855564046	1.4761468674373628	0.8231666914609843	4612.455041876496	1.8455572931143251	0.015814116276427467	6.970827405594651	11.954580872778436
	gen18ind15	376.579427300841	0.38605729979179776	0.8292928855564046	1.4902446696581149	0.8227263538162163	4612.455041876496	1.8455572931143251	0.01367305182989162	6.970827405594651	11.966809704286522
	gen22ind2	376.6863207312255	0.38605729979179776	0.8292928855564046	1.4761468674373628	0.8231666914609843	4629.127644741333	4.815146036315549	0.03552433447173113	6.970827405594651	11.954580872778436
	gen22ind18	376.9195010792721	0.3841522966764578	0.8373170633606282	1.5335928210352943	0.8215719047182606	4598.127730100432	3.3300120026266526	0.14953416540921755	6.8781777007856	11.960398843214552
	gen25ind5	377.04683792649314	0.3841522966764578	0.8434002800641006	1.5344801588641472	0.8219664218028391	4598.073822452287	2.605496348123464	0.14726650479551728	6.874003026338385	11.828792044703548
	gen23ind14	377.3012390364462	0.3845864866499453	0.8292928855564046	1.4902446696581149	0.8231666914609843	4629.127644741333	4.815146036315549	0.03552433447173113	6.970827405594651	11.954580872778436
	gen25ind2	377.584125706447	0.3841522966764578	0.8479118655355011	1.4295378557073914	0.8255119015314245	4612.80359444107	14.412589042391648	0.15676902716834812	6.7306669301321	11.188724635518927
	gen19ind17	377.8814780601953	0.3841522966764578	0.8288722410523336	1.5253971836655578	0.8220686405509112	4596.788473243449	3.3300120026266526	0.09402064667406108	6.9311323596000065	11.908264367369256
	gen21ind8	378.3616346780124	0.38121067039275286	0.8313533151181003	1.5253971836655578	0.8195565792905742	4598.7164970567055	3.3300120026266526	0.17086773143718822	6.952325656928834	11.865478539227805
	gen17ind11	378.48165402203693	0.3841522966764578	0.8288722410523336	1.5253971836655578	0.8220686405509112	4598.073822452287	3.3300120026266526	0.14018144917711137	6.9311323596000065	11.841020876211633
	gen27ind5	378.6182976720288	0.38294063932669653	0.8485321340519428	1.4362726918217077	0.8268262536691267	4594.478517596234	16.22863375249208	0.14826651857445894	6.711296575791215	11.314933995036457
	gen22ind14	378.64388468927456	0.3845864866499453	0.8292928855564046	1.4761468674373628	0.8225618704960678	4612.455041876496	1.4744436157362433	0.01834940994594471	6.970827405594651	11.954580872778436
	gen21ind5	378.6496965119194	0.3851047982341278	0.8288722410523336	1.5253971836655578	0.8228465818059554	4598.073822452287	3.3300120026266526	0.14772501450407405	6.933792765778279	11.863365227051888
	gen20ind12	378.7646536297439	0.38121067039275286	0.8288722410523336	1.5253971836655578	0.8208589986210781	4598.073822452287	3.3300120026266526	0.14525203651614585	6.94659305106639	11.865478539227805
	gen22ind12	378.8432804339612	0.38121067039275286	0.8288722410523336	1.5253971836655578	0.8208589986210781	4598.073822452287	3.3300120026266526	0.14525203651614585	6.954980712722966	11.865478539227805
	gen20ind3	378.88606447257126	0.3841522966764578	0.8288722410523336	1.5253971836655578	0.8220686405509112	4598.073822452287	4.072239357382816	0.14018144917711137	6.933792765778279	11.841020876211633
	gen19ind7	378.9332402838033	0.3841522966764578	0.8288722410523336	1.5253971836655578	0.8220686405509112	4598.073822452287	3.3300120026266526	0.14525203651614585	6.976148217951197	11.865478539227805
	gen21ind1	378.93751269944727	0.3841522966764578	0.8288722410523336	1.5599746845710731	0.819869525513629	4598.073822452287	4.072239357382816	0.10314340473762537	6.933792765778279	11.876216734424812
	gen23ind13	378.96879432387806	0.38121067039275286	0.8288722410523336	1.5253971836655578	0.8215477041821715	4598.207537279319	3.3300120026266526	0.14525203651614585	6.94659305106639	11.865478539227805
	gen23ind6	379.32581224748066	0.3841522966764578	0.8373170633606282	1.5441201769286397	0.8214632169079921	4598.127730100432	2.5874449857822044	0.20653908087796075	6.8781777007856	11.960398843214552
	gen17ind13	379.55854895615363	0.38605729979179776	0.8292928855564046	1.4902446696581149	0.8236245230609995	4612.455041876496	1.8455572931143251	0.15526857983103676	6.909432536654081	11.885709577892143
	gen21ind18	379.6081762727497	0.38605729979179776	0.8292928855564046	1.4902446696581149	0.8260768641178587	4629.127644741333	1.8455572931143251	0.10516661807684226	6.909432536654081	11.885709577892143
	gen19ind13	379.9535791665798	0.38605729979179776	0.8292928855564046	1.4902446696581149	0.8257193546692037	4633.438626933121	1.8455572931143251	0.15526857983103676	6.909432536654081	11.885709577892143
	gen21ind15	380.4382520536874	0.3825368100930082	0.8288722410523336	1.5253971836655578	0.8220686405509112	4578.933460647744	1.8686125053857428	0.17204190474956332	6.9311323596000065	11.867771757365949
	gen22ind1	381.0191498806858	0.3841522966764578	0.8392851300057667	1.452096722425193	0.8243684840036218	4660.878572159529	18.74871552809129	0.2166706274693493	6.767926795320422	11.677310223304088
	gen20ind11	383.2422033764913	0.38390331768053165	0.8291463376554882	1.4902446696581149	0.8234998906900701	4615.025740294172	7.130375670268712	0.20142938233408703	6.970129544521951	11.751222595576897
	gen19ind4	383.53132005965375	0.38092132350955865	0.8238186126309655	1.4902446696581149	0.8226784109522165	4562.363797260878	2.6637470344955325	0.24759018483713732	6.981008305088739	11.807929690128631
	gen21ind12	384.7309558789129	0.3841522966764578	0.833834389183867	1.5253971836655578	0.8194638018899034	4598.073822452287	10.129137051375576	0.14525203651614585	6.934867225591702	11.888914910135245
	gen20ind9	384.80399479592484	0.3841522966764578	0.833834389183867	1.5253971836655578	0.8194638018899034	4598.073822452287	10.129137051375576	0.14525203651614585	6.942597571324894	11.888914910135245
	gen18ind12	385.2773810975442	0.38605729979179776	0.8193685892933378	1.4902446696581149	0.8255167472785656	4629.054208720228	14.542102007300429	0.03861808003421592	6.927090152937211	11.919936962471644
	gen20ind1	387.2846525028616	0.3886812023471561	0.854479136496016	1.4029954332254788	0.8248100992911753	4665.700534673322	51.11779008545692	0.12319232772380143	6.724290153688621	11.655849629667372
	gen22ind9	388.0968575243508	0.3882282375545204	0.8413445945749862	1.4069918656263323	0.8286172569381075	4656.992910407421	22.289064080751032	0.31117101276849	6.706067802653438	11.443176770125216
	gen21ind19	388.4666686928638	0.3881395926720595	0.833834389183867	1.480292326866697	0.821062020655867	4610.860763565016	10.129137051375576	0.3739598920652179	6.90383036134691	11.888914910135245
	gen19ind11	389.1366505464946	0.38390331768053165	0.8416566895754969	1.4902446696581149	0.8230219343254456	4628.806508622894	14.564562916479687	0.24759018483713732	6.872975930524829	11.68630285523205
	gen22ind17	390.09346570815757	0.38891480446480764	0.8595580322704942	1.4205716902292003	0.8254109955624941	4657.100725703713	44.48379816154632	0.17397401229524914	6.712749970116645	11.616391586537368
	gen18ind7	390.23848287574214	0.38390331768053165	0.8296307565106783	1.4902446696581149	0.8226784109522165	4590.126990028572	12.4151940474231	0.24759018483713732	6.938196558707096	11.751222595576897
	gen19ind2	390.39949816719826	0.38986730602247766	0.854479136496016	1.4205716902292003	0.8248100992911753	4657.100725703713	45.511745083120026	0.17397401229524914	6.708438110432795	11.616391586537368
	gen15ind19	391.4015734186631	0.38390331768053165	0.8289997897545719	1.4902446696581149	0.8233752583191407	4615.025740294172	12.4151940474231	0.24759018483713732	6.970129544521951	11.751222595576897
	gen20ind7	391.47147854402624	0.38390331768053165	0.8289997897545719	1.5494473286777275	0.8233752583191407	4556.393804291405	12.4151940474231	0.07255895909425039	6.930946809684992	11.921047664238484
	gen19ind3	391.5677203066154	0.38390331768053165	0.8289997897545719	1.4902446696581149	0.8233752583191407	4585.853348268973	12.4151940474231	0.24759018483713732	6.970129544521951	11.751222595576897
	gen22ind8	391.57088540002394	0.39081980758014767	0.854479136496016	1.4205716902292003	0.8248100992911753	4664.291335415817	45.511745083120026	0.10838163456361272	6.708438110432795	11.588259050489976
	gen20ind18	391.59198542138296	0.38092132350955865	0.8238823869820846	1.4726684126543934	0.8226784109522165	4562.363797260878	7.206338056893756	0.30129455266715033	6.981008305088739	11.807929690128631
	gen20ind8	391.76071156685583	0.3921268886676612	0.8413445945749862	1.4069918656263323	0.8275649215355488	4656.992910407421	22.289064080751032	0.502463824105901	6.729485249571152	11.389056094051325
	gen18ind19	391.961360999038	0.3883168824369813	0.8411247727236117	1.4069918656263323	0.8275649215355488	4656.992910407421	22.289064080751032	0.4902439006628852	6.704837947981934	11.52371508972871
	gen17ind6	392.2984255975357	0.3892693839946513	0.8413445945749862	1.4069918656263323	0.8275649215355488	4656.992910407421	22.289064080751032	0.4902439006628852	6.733285068013894	11.501370738888458
	gen19ind16	392.64793587846816	0.3876633418932245	0.8193685892933378	1.4902446696581149	0.8279360311382319	4629.054208720228	24.763855401118782	0.03861808003421592	6.808318984146832	11.919936962471644
	gen22ind10	393.2822601567077	0.3884806144913202	0.859474776224459	1.4454558371522395	0.8255119015314245	4627.26593677579	32.29189524437357	0.151087305838248	6.818151711902242	11.369829089585659
	gen19ind8	393.80878642243147	0.38178008932581464	0.8193685892933378	1.4902446696581149	0.8255167472785656	4615.273440391506	14.542102007300429	0.03861808003421592	6.962836446111659	11.919936962471644
	gen17ind3	394.085033679654	0.38390331768053165	0.8288532418536556	1.4902446696581149	0.8233752583191407	4615.025740294172	14.564562916479687	0.24759018483713732	6.970129544521951	11.751222595576897
	gen20ind17	394.637006701167	0.38390331768053165	0.8289997897545719	1.4902446696581149	0.8233232286932226	4585.853348268973	12.4151940474231	0.24759018483713732	6.9397810405880165	11.81846608673452
	gen21ind3	395.3758516172468	0.3953254151599318	0.854479136496016	1.4205716902292003	0.8248100992911753	4686.56026968128	45.511745083120026	0.17397401229524914	6.800115790314825	11.378180363949127
	gen18ind13	396.13185575300986	0.38796230290713773	0.8282860494486683	1.4170932354462307	0.8287801413507541	4677.422795442262	45.511745083120026	0.19986614471002823	6.772653352765867	11.593664783698113
	gen19ind0	396.6370656125704	0.38390331768053165	0.8161963420327307	1.4902446696581149	0.8237285823128359	4615.025740294172	12.4151940474231	0.23823746860503114	6.970129544521951	11.751222595576897
	gen17ind5	396.8647637273224	0.38986730602247766	0.854918780198765	1.419939641643229	0.8248100992911753	4656.615745377674	68.73442608548902	0.10348431500147859	6.895467994411216	11.66649269384143
	gen20ind15	396.9672003428466	0.39082573997639936	0.854479136496016	1.4139487751922712	0.8248100992911753	4679.666057780341	45.511745083120026	0.3137049133435951	6.708438110432795	11.616391586537368
	gen18ind8	396.999473319902	0.38986730602247766	0.8406240775139975	1.4631732298464937	0.8260549662221516	4670.55212582956	38.573076211260364	0.1451274051529678	6.808539272113623	11.637808406473427
	gen20ind5	397.31417656545153	0.3879741676996412	0.8285506464524839	1.4212037388151715	0.8274016667320301	4657.585706029752	22.289064080751032	0.4347303819277287	6.733285068013894	11.532668733654495
	gen18ind10	397.3932089362302	0.3879741676996412	0.8285506464524839	1.4212037388151715	0.8274016667320301	4657.585706029752	22.289064080751032	0.4347303819277287	6.733285068013894	11.566290479233306
	gen18ind14	397.4972952155883	0.37289790397148626	0.8287780496298659	1.5212866802966172	0.8247444959174908	4636.333642983032	24.067121989629676	0.04424154236072381	6.910397060110462	11.911353022180034
	gen17ind14	397.69213908325753	0.38796230290713773	0.8282860494486683	1.4240501450121696	0.8287801413507541	4677.422795442262	45.511745083120026	0.2257582771248073	6.772653352765867	11.593664783698113
	gen19ind5	397.8030977159456	0.38892073686105944	0.854479136496016	1.4205716902292003	0.8261058830116027	4656.615745377674	68.73442608548902	0.17397401229524914	6.772653352765867	11.66649269384143
	gen15ind4	398.0728387595241	0.38986730602247766	0.854479136496016	1.419939641643229	0.8248100992911753	4656.615745377674	68.73442608548902	0.17397401229524914	6.772653352765867	11.66649269384143
	gen14ind14	398.5879754727093	0.38605729979179776	0.8288722410523336	1.4902446696581149	0.8233752583191407	4629.054208720228	22.024800693411905	0.15526857983103676	6.970129544521951	11.796332174531125
	gen17ind0	398.84485094867154	0.3813128850905115	0.8288722410523336	1.476330850526237	0.8230487487121031	4616.211331538834	22.844341243379972	0.15526857983103676	6.9669605807601105	11.796332174531125
	gen20ind6	398.94068922046125	0.38658635083759146	0.8289997897545719	1.4902446696581149	0.8252934279304972	4585.853348268973	17.352129064087066	0.36891704275001125	6.851707306267922	11.6587565374051
	gen19ind14	398.98873526792136	0.37289790397148626	0.822481486894963	1.5212866802966172	0.8244481018599468	4625.293467107738	24.067121989629676	0.04424154236072381	6.910397060110462	11.966157243192711
	gen14ind9	399.25646642253355	0.3892693839946513	0.828541146853145	1.4281606483811105	0.8275649215355488	4656.992910407421	22.289064080751032	0.480891184430779	6.733285068013894	11.566290479233306
	gen17ind4	399.3679261436832	0.3867043628882868	0.8284705957469407	1.419939641643229	0.825018217794848	4631.272156139752	68.73442608548902	0.1451274051529678	6.726084743112175	11.764535747653618
	gen21ind6	399.6046222427035	0.3870098013494677	0.8416756887741748	1.4972015792240538	0.8243200452105793	4627.34478391498	35.661105366679756	0.13118559832140114	6.8148163599193525	11.841020876211633
	gen19ind19	399.7161045219466	0.3917723091378176	0.8233262218759276	1.419939641643229	0.825018217794848	4662.252542407694	64.64807760224578	0.1451274051529678	6.703247227822565	11.67937976177935
	gen15ind11	399.73538247319635	0.3908198075801476	0.8375983781543066	1.419939641643229	0.8249141585430116	4640.187123887704	68.73442608548902	0.22068768978577283	6.749369047939021	11.61470386932329
	gen13ind1	399.76191156362415	0.38605729979179776	0.8288722410523336	1.4902446696581149	0.8255167472785656	4629.054208720228	22.024800693411905	0.15526857983103676	6.970129544521951	11.796332174531125
	gen17ind8	400.31265466045124	0.38986730602247766	0.830381421796822	1.419939641643229	0.825018217794848	4662.252542407694	68.73442608548902	0.1451274051529678	6.772653352765867	11.662266069489599
	gen13ind3	400.4166637741802	0.38986730602247766	0.8280309520441917	1.419939641643229	0.825018217794848	4662.252542407694	68.73442608548902	0.1451274051529678	6.772653352765867	11.747416848498784
	gen15ind1	400.57828777401886	0.3936773122531575	0.8276103075401209	1.419939641643229	0.8247689530529891	4662.252542407694	68.73442608548902	0.1400568178139333	6.726084743112175	11.61757736780909
	gen14ind18	400.75043642815	0.3917723091378176	0.8280309520441917	1.419939641643229	0.825018217794848	4662.252542407694	68.73442608548902	0.1451274051529678	6.726084743112175	11.61757736780909
	gen19ind10	400.9768642898306	0.3813128850905115	0.8288722410523336	1.4898665704320475	0.8230760332978541	4606.502548859463	22.844341243379972	0.15526857983103676	6.988023560888699	11.796332174531125
	gen21ind14	401.0069541932661	0.38129479200344785	0.8288722410523335	1.4972015792240538	0.8229493158404473	4598.073822452287	19.760854537620034	0.1469988717397003	6.922817941010895	11.94110668954068
	gen16ind15	401.3402194285387	0.38605729979179776	0.8335731805575939	1.4902446696581149	0.8243455343798926	4629.054208720228	22.024800693411905	0.2660737131107271	6.970129544521951	11.626030616512756
	gen18ind9	401.3415958597798	0.38605729979179776	0.8335731805575939	1.4902446696581149	0.8243455343798926	4636.068442933257	22.024800693411905	0.2660737131107271	6.970129544521951	11.626030616512756
	gen20ind13	401.3879898064656	0.38689717664400813	0.8285506464524839	1.4212037388151715	0.8263309222523176	4650.571471816724	22.289064080751032	0.5392164343291894	6.733285068013894	11.566290479233306
	gen18ind1	401.50285055690955	0.38605729979179776	0.8335731805575939	1.4902446696581149	0.8243455343798926	4629.054208720228	22.024800693411905	0.2660737131107271	6.970129544521951	11.6036862656725
	gen16ind19	401.5391556866294	0.3917723091378176	0.82815850074643	1.419939641643229	0.8253212936044465	4645.241506983348	68.73442608548902	0.23744901015906836	6.706400600736188	11.632396000849875
	gen15ind5	401.95571895606327	0.38677619923181616	0.8280309520441917	1.419939641643229	0.825018217794848	4662.252542407694	68.73442608548902	0.10988255650608252	6.844514464591274	11.747416848498784
	gen20ind10	402.5288341284731	0.3879741676996412	0.8264444767458707	1.4212037388151715	0.8274016667320301	4607.641333456344	12.746275444745713	0.4859617717698135	6.860746849002176	11.661466640393076
	gen17ind19	403.7606722272783	0.38677619923181616	0.8277849519535929	1.4085042625306012	0.825018217794848	4686.610644545945	78.13116528495988	0.10988255650608252	6.844514464591274	11.747416848498784
	gen9ind4	403.93099233380605	0.3813128850905115	0.8288722410523336	1.4902446696581149	0.8255167472785656	4629.054208720228	24.99371011243656	0.15526857983103676	6.9669605807601105	11.796332174531125
	gen14ind17	403.93099233380605	0.3813128850905115	0.8288722410523336	1.4902446696581149	0.8255167472785656	4629.054208720228	24.99371011243656	0.15526857983103676	6.9669605807601105	11.796332174531125
	gen19ind6	404.58090748268273	0.3891448944966882	0.8286049212042641	1.4281606483811105	0.8275649215355488	4665.468869328363	26.831655103149256	0.5345955522607919	6.733285068013894	11.521391338915937
	gen20ind19	404.76137191697137	0.3917723091378176	0.8327356822124559	1.4354606469624802	0.825018217794848	4662.252542407694	68.73442608548902	0.14793913631622174	6.726084743112175	11.61757736780909
	gen18ind0	404.76994161114567	0.37401864875054625	0.8287780496298659	1.4902446696581149	0.8257685830459823	4636.333642983032	22.714798973786912	0.20705284466059493	6.905212415778682	11.800558798882957
	gen21ind2	405.05298749188887	0.38986730602247766	0.854918780198765	1.4164611868602597	0.825023070530522	4665.091704298617	68.73442608548902	0.1537799715501971	6.895467994411216	11.627707969278106
	gen16ind17	405.22043703842746	0.38913302970418473	0.8289997897545719	1.455092155650672	0.8233752583191407	4615.025740294172	34.28555203394933	0.24759018483713732	6.970129544521951	11.661845192215878
	gen13ind2	405.475480467429	0.3768761534235561	0.8287780496298659	1.4902446696581149	0.8257685830459823	4636.333642983032	22.714798973786912	0.20705284466059493	6.9727651835164295	11.796332174531125
	gen19ind18	405.658573636567	0.3886158434508945	0.8615756014641622	1.419939641643229	0.8260834511615258	4656.615745377674	68.73442608548902	0.2760425627564373	6.899068156862075	11.66649269384143
	gen17ind16	406.05250931972694	0.38796230290713773	0.8280309520441917	1.4631732298464937	0.8254621781070637	4648.471774078971	38.573076211260364	0.1451274051529678	6.87692886405773	11.747416848498784
	gen18ind5	406.56648509012246	0.3917723091378176	0.8308210654995708	1.441178336518794	0.822317936772744	4662.252542407694	68.73442608548902	0.10988255650608252	6.848899384757523	11.61757736780909
	gen19ind15	406.75365677164484	0.3879741676996412	0.8347230488626911	1.4212037388151715	0.8294964983402342	4678.569291086376	27.225999097415	0.5560572398406026	6.7851371702401355	11.566290479233306
	gen17ind7	406.8582579720304	0.3917723091378176	0.8308210654995708	1.441178336518794	0.822317936772744	4662.252542407694	68.73442608548902	0.1451274051529678	6.848899384757523	11.61757736780909
	gen18ind18	406.9704977940768	0.38986730602247766	0.8554535487196346	1.419939641643229	0.8248100992911753	4656.615745377674	91.67946850654354	0.17397401229524914	6.7136227547645735	11.66649269384143
	gen16ind8	407.2891403901639	0.38986730602247766	0.8282860494486683	1.4240501450121696	0.8283361810385383	4691.203563770985	45.511745083120026	0.29624797441857786	6.772653352765867	11.486552105847675
	gen20ind2	407.54004307022853	0.38390331768053165	0.8112341939011973	1.4902446696581149	0.8251237790440105	4615.025740294172	18.76346640451615	0.23823746860503114	6.948260918193231	11.751222595576897
	gen15ind10	407.9732586811611	0.38986730602247766	0.8471658042644216	1.4037774932515859	0.8246288266541343	4656.615745377674	82.34750044186922	0.29624797441857786	6.761578521938226	11.582106818830248
	gen15ind13	408.07666450332897	0.38986730602247766	0.8474589000662542	1.419939641643229	0.8248780913959931	4695.1097853876345	60.47714245534298	0.29624797441857786	6.858732135935348	11.461476055465987
	gen18ind4	408.1833712806845	0.38986730602247766	0.8182279400297651	1.476330850526237	0.8217251486576561	4662.252542407694	35.28999168930167	0.13577468892086159	6.91728897670163	11.727185809834447
	gen16ind13	408.1964782928789	0.3930302491566685	0.8184445267353988	1.411102368995273	0.825018217794848	4693.232928675636	88.62551112599881	0.1451274051529678	6.7438316325252	11.73029794934395
	gen14ind7	408.64009460869244	0.3855900955564946	0.8188841704381478	1.419939641643229	0.825018217794848	4662.252542407694	68.73442608548902	0.07463770785919724	6.869806966762988	11.877256329188477
	gen12ind17	409.1869089942988	0.3970168173296571	0.839950890689086	1.419939641643229	0.8269587699163516	4691.014981256112	68.73442608548902	0.24638575118282505	6.772653352765867	11.523727887707743
	gen16ind10	409.45537609527497	0.39362635506112054	0.828541146853145	1.4069918656263323	0.8275649215355488	4669.952360119752	45.298877636602086	0.480891184430779	6.733285068013894	11.606752556561982
	gen11ind15	409.4886343093985	0.38986730602247766	0.8471658042644216	1.419939641643229	0.8248100992911753	4656.615745377674	68.73442608548902	0.29624797441857786	6.772653352765867	11.536653213151737
	gen15ind17	409.76844371645734	0.38511806002554283	0.8188841704381478	1.419939641643229	0.82559158346719	4684.727410963463	68.73442608548902	0.1877808579410424	6.787948304468905	11.877256329188477
	gen18ind11	409.84070156523416	0.38605729979179776	0.8296268314245778	1.4375158986469505	0.8255167472785656	4629.054208720228	54.727007734843085	0.15526857983103676	6.890890041104882	11.796332174531125
	gen16ind3	410.21227961586436	0.38677619923181616	0.8280309520441917	1.4158291382742885	0.8225502192283854	4662.252542407694	68.73442608548902	0.10988255650608252	6.916375576416681	11.747416848498784
	gen16ind9	410.33370665027087	0.38986730602247766	0.8378724747574613	1.419939641643229	0.8273800860148646	4695.1097853876345	60.47714245534298	0.29624797441857786	6.858732135935348	11.481945735154028
	gen14ind6	410.50153518278756	0.3935773482171835	0.8282860494486683	1.4673739114328592	0.82538076306893	4685.049847259535	41.50827737272864	0.29624797441857786	6.794803014421149	11.656509637141763
	gen15ind14	410.6459988814672	0.3809941982948033	0.8286315017289496	1.4943551730270555	0.8257685830459823	4636.333642983032	30.681068548025372	0.20705284466059493	6.9431512223353025	11.814168909723632
	gen18ind17	410.8468822431576	0.38605729979179776	0.8308020663008928	1.419939641643229	0.825018217794848	4630.16318242999	68.73442608548902	0.14265442716503957	6.875177161009783	11.77398782369087
	gen16ind6	410.9423614290337	0.38986730602247766	0.8470192563635053	1.419939641643229	0.8248100992911753	4656.615745377674	72.86306790056204	0.29624797441857786	6.772653352765867	11.536653213151737
	gen18ind2	411.04847260401425	0.3927248106954876	0.8482677651902786	1.419939641643229	0.8232786861430823	4690.92086376877	60.47714245534298	0.4539886893794145	6.858732135935348	11.346455207817076
	gen19ind12	411.3593264018948	0.3918967986357807	0.8280309520441917	1.4631732298464937	0.8254621781070637	4672.085175135732	65.65800779576503	0.09389601531088303	6.87692886405773	11.68059423461488
	gen17ind10	411.40527039303856	0.3982858447467051	0.8282670502499904	1.4673739114328592	0.82538076306893	4699.431066683745	41.50827737272864	0.29624797441857786	6.794803014421149	11.534008920313406
	gen14ind8	411.92081816688534	0.38986730602247766	0.8471658042644216	1.419939641643229	0.8248100992911753	4695.1097853876345	68.73442608548902	0.29624797441857786	6.772653352765867	11.461476055465987
	gen17ind12	412.07767700339764	0.38986730602247766	0.84729335296666	1.419939641643229	0.8248780913959931	4690.92086376877	60.47714245534298	0.459059276718449	6.858732135935348	11.346455207817076
	gen18ind6	412.2845827185011	0.3874950986718345	0.8471658042644216	1.4037774932515859	0.8246288266541343	4664.9153287995405	93.92157685153033	0.29624797441857786	6.761578521938226	11.537418117149738
	gen16ind11	412.3099610294015	0.398103395764972	0.8279291792957166	1.447767279906985	0.8297460964241004	4689.31573395349	73.0331638236022	0.2500871719155276	6.722915779350334	11.572326683536751
	gen19ind9	412.63888885852117	0.3938018017511206	0.8401396586588075	1.4631732298464937	0.8260549662221516	4670.55212582956	66.73269223029332	0.1451274051529678	6.808539272113623	11.637808406473427
	gen16ind7	412.95221849194536	0.38986730602247766	0.8282860494486683	1.419939641643229	0.8262915696651985	4662.252542407694	68.73442608548902	0.330631719115316	6.717038654477177	11.747416848498784
	gen16ind2	413.04447088060266	0.3935773482171835	0.8282860494486683	1.4673739114328592	0.82538076306893	4685.049847259535	45.63691918780167	0.29624797441857786	6.794803014421149	11.656509637141763
	gen18ind16	413.10746901499095	0.38224729356111786	0.8160687933304924	1.5605496976730007	0.8224219645446064	4598.073822452287	22.024800693411905	0.1308287329450052	6.970129544521951	11.841020876211633
	gen16ind5	413.16440267934684	0.3908198075801476	0.8375793789556286	1.433853460775107	0.8249141585430116	4640.187123887704	68.73442608548902	0.3138703987420205	6.710638053740989	11.61470386932329
	gen15ind7	413.7927407855423	0.38986730602247766	0.8278654049445975	1.4152128723642137	0.8269587699163516	4691.014981256112	68.73442608548902	0.29624797441857786	6.772653352765867	11.536653213151737
	gen15ind16	413.79694546801124	0.39619319229085936	0.8279929536468358	1.4281606483811105	0.8298140885289181	4691.014981256112	64.77588019345615	0.29624797441857786	6.715009912284534	11.50241541484207
	gen16ind14	413.848520859085	0.39172232711983057	0.8188461720407918	1.419939641643229	0.827244101805229	4685.985012192063	55.12135172910883	0.29624797441857786	6.772653352765867	11.536653213151737
	gen17ind15	414.10224294502444	0.3982179034192913	0.8282860494486683	1.4085042625306012	0.8267648599278254	4684.626916605636	78.13116528495988	0.34084553929756933	6.772653352765867	11.536653213151737
	gen7ind5	414.20028732138223	0.39619319229085936	0.8282860494486683	1.4281606483811105	0.8298140885289181	4691.014981256112	64.77588019345615	0.29624797441857786	6.772653352765867	11.572326683536751
	gen18ind3	414.3700520251901	0.38605729979179776	0.8335731805575939	1.4902446696581149	0.8240194949719484	4633.12619436958	37.10547563052623	0.2660737131107271	6.979399109698694	11.626030616512756
	gen9ind12	414.446651075486	0.38986730602247766	0.8282860494486683	1.419939641643229	0.8269587699163516	4691.014981256112	68.73442608548902	0.29624797441857786	6.772653352765867	11.536653213151737
	gen16ind18	414.5579283025814	0.38986730602247766	0.8339227128398314	1.419939641643229	0.8273120939100467	4695.1097853876345	68.73442608548902	0.29624797441857786	6.7438316325252	11.379437415966306
	gen17ind17	414.65596811999245	0.38986730602247766	0.8425734142627216	1.419939641643229	0.8269587699163516	4692.556397253918	68.73442608548902	0.29624797441857786	6.767115937352047	11.328763076290493
	gen16ind4	414.811164097365	0.3855900955564946	0.8142280060853286	1.419939641643229	0.826040523481518	4687.666471091898	68.73442608548902	0.11241785017559976	6.869806966762988	11.8382310011027
	gen21ind16	414.8899965573619	0.38092132350955865	0.8237215896821597	1.4205716902292003	0.8253449240427759	4562.363797260878	16.314750418577866	0.448569019042459	6.981008305088739	11.670564491639468
	gen15ind3	415.0300640797595	0.3917723091378176	0.8563125858704655	1.4152128723642137	0.8255275197771926	4656.615745377674	92.08923878152757	0.29624797441857786	6.772653352765867	11.536653213151737
	gen16ind16	415.4784104552945	0.3768761534235561	0.8291986941339369	1.5253971836655578	0.8257685830459823	4619.7344761393	22.714798973786912	0.22974585632307204	6.9727651835164295	11.820789837547295
	gen15ind9	415.80144880777647	0.3884117447563167	0.8282860494486683	1.4322711517500513	0.8272812717339411	4656.992910407421	60.77241248306476	0.36329325591176	6.75296921038988	11.572326683536751
	gen17ind1	415.9226899909337	0.38718427286541784	0.8471658042644216	1.434819503890088	0.8225339950459303	4656.615745377674	77.41056542520525	0.29624797441857786	6.761578521938226	11.674572877002042
	gen17ind2	416.1067791978568	0.38986730602247766	0.8282860494486683	1.4240501450121696	0.8270628291681879	4693.833379771122	68.73442608548902	0.29624797441857786	6.7923374951418545	11.486552105847675
	gen11ind18	416.22699086329976	0.3927197089788489	0.8282860494486683	1.4439008756329335	0.82538076306893	4676.456112730505	64.77588019345615	0.29624797441857786	6.794803014421149	11.656509637141763
	gen12ind14	416.6498281619635	0.3838462456449382	0.828097666603733	1.4142284708232318	0.8258844346037635	4691.014981256112	60.21805791615685	0.3998165040776942	6.806412219933786	11.406813732462044
	gen17ind18	417.334326083558	0.398103395764972	0.8279929536468358	1.4146700175840123	0.8311558133040867	4682.301499740462	84.77663601845626	0.29624797441857786	6.724500261231254	11.572326683536751
	gen15ind15	418.0033731188306	0.37909451925703386	0.8096902931208699	1.419939641643229	0.825018217794848	4652.111491210373	45.724612529637966	0.03004014298020577	6.969862882138269	11.99290419012183
	gen14ind13	418.86938936853045	0.398103395764972	0.8279929536468358	1.4281606483811105	0.8297460964241004	4685.28406673875	84.66696523396594	0.29624797441857786	6.713425430403614	11.572326683536751
	gen16ind12	419.18564461699935	0.38986730602247766	0.8185530762389591	1.419939641643229	0.8293927724304053	4691.014981256112	68.73442608548902	0.29624797441857786	6.70553741541382	11.59207852718712
	gen13ind17	419.3429349079362	0.3838462456449382	0.828097666603733	1.4142284708232318	0.8244567752974802	4620.939498914018	66.9226494870716	0.3570119104123044	6.903565833930907	11.406813732462044
	gen15ind18	419.9058980500431	0.3851132287298943	0.8351179030334948	1.4142284708232318	0.8266634786232496	4674.003945831766	83.04175469405843	0.3815548799947271	6.806412219933786	11.424650467654551
	gen13ind16	419.9058980500431	0.3851132287298943	0.8351179030334948	1.4142284708232318	0.8266634786232496	4674.003945831766	83.04175469405843	0.3815548799947271	6.806412219933786	11.424650467654551
	gen15ind8	420.2605193328737	0.39619319229085936	0.8281205023490741	1.4028813622573915	0.8308381756574097	4695.015667900292	63.42355717761338	0.459059276718449	6.772653352765867	11.572326683536751
	gen15ind0	420.7513842809152	0.398103395764972	0.8279929536468358	1.447767279906985	0.8297460964241004	4682.301499740462	73.0331638236022	0.29624797441857786	6.724500261231254	11.572326683536751
	gen15ind6	422.4498724827907	0.3957263571186803	0.8315364291414873	1.4253050629711117	0.8297460964241004	4685.28406673875	91.82062953825064	0.4144617118394575	6.713425430403614	11.572326683536751
	gen14ind4	422.6481791572744	0.3927197089788489	0.8284135981509066	1.4439008756329335	0.82538076306893	4676.456112730505	72.40621389342851	0.405330899797974	6.794803014421149	11.568964554660747
	gen13ind4	422.6779197408343	0.3927197089788489	0.8282860494486683	1.4749428862714358	0.82538076306893	4676.456112730505	64.77588019345615	0.2257582771248073	6.794803014421149	11.76851238263895
	gen10ind19	423.02741640977916	0.3884117447563167	0.8282860494486683	1.4281606483811105	0.8272812717339411	4656.992910407421	83.99509348543376	0.36329325591176	6.772653352765867	11.572326683536751
	gen16ind0	423.2579078502625	0.398103395764972	0.8244828354319549	1.447767279906985	0.8297800924765093	4682.301499740462	68.90452200852917	0.35738495548024224	6.767539652815994	11.46981836434903
	gen15ind12	423.65978242061215	0.398103395764972	0.8371868309641136	1.4281606483811105	0.8292668545466968	4685.327862058949	107.67677878981699	0.34084553929756933	6.786630484971667	11.572326683536751
	gen13ind18	424.26123381495864	0.3949858883758367	0.8402059880935626	1.4281606483811105	0.8288701819490191	4689.9426426748305	99.20831039321186	0.46455160194161726	6.772653352765867	11.572326683536751
	gen10ind12	425.6712184081699	0.3916780852106837	0.8806464146275728	1.4884184095370323	0.8298140885289181	4629.054208720228	40.23053285821862	0.9777784567278114	6.85382980312556	11.716543505870874
	gen17ind9	425.77000358166566	0.398103395764972	0.8279929536468358	1.4694291631173297	0.8297460964241004	4682.301499740462	71.0314299684065	0.29624797441857786	6.724500261231254	11.657305449183795
	gen11ind4	428.00718166170475	0.3835642769020058	0.8277758546397151	1.4243372891303707	0.8274223979946924	4649.496628615661	206.89998708504618	0.06105211738053984	6.823448440934506	11.908587417506586
	gen11ind10	429.2829387450529	0.3838462456449382	0.8142455765891448	1.420924043184211	0.8257231836949688	4691.014981256112	66.9226494870716	0.3998165040776942	6.806412219933786	11.536653213151737
	gen16ind1	429.7143898888484	0.3917723091378176	0.8599692519862627	1.4313750207558569	0.8253462471401516	4670.396513706397	105.70231313790777	0.29624797441857786	6.761578521938226	11.5171870784854
	gen12ind11	429.8034857418573	0.3955524170946949	0.8277758546397151	1.4030522133807588	0.8248134634657145	4599.936471669014	280.04878689674047	0.030999678416289048	6.873539583925096	11.826361529233555
	gen13ind9	430.28395546767234	0.3927197089788489	0.8282860494486683	1.4867461204742334	0.82538076306893	4676.456112730505	71.48047176437089	0.29624797441857786	6.794803014421149	11.814289120626665
	gen14ind16	430.76113215285403	0.38366554924358504	0.8277758546397151	1.4000104270429379	0.8219581448531479	4599.468032710585	280.04878689674047	0.03612100576266343	6.873539583925096	11.958180773276169
	gen11ind13	430.9194639184737	0.38638021181485044	0.8282860494486683	1.4281606483811105	0.8272812717339411	4656.992910407421	112.57004304287473	0.36329325591176	6.772653352765867	11.572326683536751
	gen14ind2	430.930628907859	0.39631592781177466	0.833608275259924	1.4309455337074886	0.8270301261957085	4606.747466973389	282.0280598427569	0.06105211738053984	6.862464753097456	11.908515301757472
	gen14ind19	431.0668407568317	0.38638021181485044	0.8282860494486683	1.4281606483811105	0.8272812717339411	4656.992910407421	112.57004304287473	0.36329325591176	6.772653352765867	11.544262616416404
	gen14ind5	431.29773776850334	0.3856433881156647	0.8288342426549775	1.4281606483811105	0.8276329136403666	4671.551778933028	112.57004304287473	0.36329325591176	6.772653352765867	11.572326683536751
	gen12ind10	432.0970314959146	0.3892748643848617	0.8161110133992975	1.4355048577100384	0.8230451614099691	4574.931805162039	181.0961980620295	0.06105211738053984	6.873539583925096	11.993853954230843
	gen13ind13	432.37102819130854	0.3895710852036697	0.8408041896365815	1.4355048577100384	0.8234001674909338	4599.468032710585	280.04878689674047	0.06105211738053984	6.873539583925096	11.82442577743872
	gen12ind19	432.4482299919092	0.38753094719016923	0.8277758546397151	1.4321073180405248	0.8255201114531048	4599.936471669014	251.4738373392995	0.05829812537003548	6.873539583925096	11.826361529233555
	gen10ind0	432.79851629812543	0.3800907935899953	0.8277758546397151	1.4000104270429379	0.8219581448531479	4599.468032710585	280.04878689674047	0.06105211738053984	6.873539583925096	11.964643435998166
	gen14ind10	433.5492988589813	0.3955524170946949	0.8277758546397151	1.4030522133807588	0.8265927646784234	4599.936471669014	280.04878689674047	0.030999678416289048	6.920250082342603	11.742205898500035
	gen13ind14	433.7612692242899	0.38638021181485044	0.8282860494486683	1.4281606483811105	0.8299428351743376	4656.992910407421	112.57004304287473	0.36329325591176	6.772653352765867	11.376168307306044
	gen11ind16	434.33137338297854	0.3892748643848617	0.8277758546397151	1.4355048577100384	0.8234001674909338	4599.468032710585	280.04878689674047	0.06105211738053984	6.873539583925096	11.993853954230843
	gen15ind2	435.31296008035406	0.3813128850905115	0.8288722410523336	1.4902446696581149	0.8278694141636165	4666.322165280819	75.50980598890446	0.15526857983103676	6.9669605807601105	11.796332174531125
	gen12ind13	435.32335141921243	0.39352177371479646	0.8971065284652111	1.5834308961319792	0.8338721874705912	4629.054208720228	31.643455683756798	0.9777784567278114	6.812360827030574	11.74022151029656
	gen11ind11	435.6790813262163	0.3910044305021797	0.8277758546397151	1.4388156473334	0.8248134634657145	4599.468032710585	280.04878689674047	0.06105211738053984	6.873539583925096	11.890678566564965
	gen13ind10	435.9994277980683	0.3910044305021797	0.8425002089660479	1.443472153538846	0.8248134634657145	4599.468032710585	280.04878689674047	0.06105211738053984	6.861072824786771	11.826361529233555
	gen10ind6	436.4549345199956	0.3910044305021797	0.8277758546397151	1.4398000488743818	0.8248134634657145	4599.468032710585	280.04878689674047	0.06105211738053984	6.873539583925096	11.826361529233555
	gen14ind15	436.4991580775465	0.3945791861557694	0.8277758546397151	1.4429261507023408	0.8248134634657145	4599.468032710585	282.0280598427569	0.06105211738053984	6.873539583925096	11.908515301757472
	gen14ind3	436.5578035659995	0.3910044305021797	0.8277758546397151	1.4328339600954425	0.8232381585128803	4599.468032710585	289.1817241470416	0.10370557016861445	6.890419017509055	11.752523421292455
	gen12ind8	436.93284817846416	0.39416737363637055	0.8277758546397151	1.4429261507023408	0.8262411227719977	4599.468032710585	280.04878689674047	0.06105211738053984	6.873539583925096	11.908515301757472
	gen11ind7	437.05212093227334	0.38753094719016923	0.8277758546397151	1.4398000488743818	0.8248134634657145	4599.936471669014	280.04878689674047	0.06105211738053984	6.873539583925096	11.826361529233555
	gen9ind11	437.3506979789154	0.3835642769020058	0.8277758546397151	1.4398000488743818	0.8248134634657145	4599.468032710585	280.04878689674047	0.06105211738053984	6.873539583925096	11.908587417506586
	gen10ind16	437.44305818745886	0.3835642769020058	0.8277758546397151	1.4398000488743818	0.8250055365506149	4599.936471669014	280.04878689674047	0.06105211738053984	6.873539583925096	11.908587417506586
	gen14ind1	437.9787495044957	0.3973303167705614	0.8277758546397151	1.4429261507023408	0.8286390581390328	4613.849252134794	278.06951395072406	0.06105211738053984	6.873539583925096	11.820970219276456
	gen10ind5	438.0399501318376	0.3835642769020058	0.8264966094332276	1.4902446696581149	0.824103451303785	4629.054208720228	82.1436092273185	0.17210930972190056	6.90123753910414	11.726889561964928
	gen11ind5	438.4621384495716	0.3924434545228939	0.8366842330801623	1.4579586512743619	0.8298140885289181	4695.224594583895	243.800579966814	0.027370657598812242	6.865088480511066	11.964731996247483
	gen14ind12	439.25699978612755	0.3924192034064104	0.8374708294520683	1.4497646561745274	0.8248134634657145	4599.936471669014	280.04878689674047	0.06105211738053984	6.873539583925096	11.826361529233555
	gen10ind10	439.5620591038094	0.3924434545228939	0.8325271178779272	1.4579586512743619	0.8298140885289181	4695.224594583895	243.800579966814	0.027370657598812242	6.865088480511066	11.964731996247483
	gen10ind18	439.7349297678014	0.3835642769020058	0.8194616242352452	1.4902446696581149	0.8258572799777408	4629.9910866370865	82.1436092273185	0.16000877183726614	6.9669605807601105	11.796332174531125
	gen13ind0	440.0176174556607	0.3878486629066761	0.8211091342706888	1.4355048577100384	0.8246357537123167	4606.747466973389	280.04878689674047	0.09192224613130634	6.865065036955057	11.815581354740972
	gen12ind2	440.378340598696	0.3892748643848617	0.8211091342706888	1.4355048577100384	0.8246357537123167	4599.468032710585	280.04878689674047	0.09192224613130634	6.8761398677826975	11.875509566735985
	gen8ind5	440.8168022840074	0.3864052512844221	0.8194616242352452	1.454828853423142	0.824103451303785	4660.03459498817	117.85835578457284	0.1995660227056964	6.9669605807601105	11.796332174531125
	gen12ind4	441.0264070269321	0.3910044305021797	0.8416279446543034	1.4398000488743818	0.8248134634657145	4612.780362080879	273.3441953258257	0.06105211738053984	6.776385969927974	11.696522048543862
	gen10ind17	441.13621036445346	0.39051124352602673	0.8806464146275728	1.5839230969024702	0.8338721874705912	4629.054208720228	31.643455683756798	0.9777784567278114	6.829240260614533	11.74022151029656
	gen4ind0	441.5262460975567	0.3835642769020058	0.8194616242352452	1.4902446696581149	0.824103451303785	4629.054208720228	82.1436092273185	0.23450771691704486	6.9669605807601105	11.796332174531125
	gen13ind7	441.57498489097776	0.3838462456449382	0.828097666603733	1.4142284708232318	0.8258844346037635	4691.014981256112	166.7811266209913	0.3998165040776942	6.806412219933786	11.635414103001597
	gen9ind14	441.624585119662	0.3835642769020058	0.8194616242352452	1.4902446696581149	0.8244875974735859	4629.9910866370865	82.1436092273185	0.23141139653997503	6.9669605807601105	11.796332174531125
	gen13ind11	441.703665890121	0.3892748643848617	0.8211091342706888	1.4355048577100384	0.8246357537123167	4613.248801039308	301.9191448832667	0.1624119434250769	6.778986253785575	11.745670086046292
	gen13ind6	442.4708319503997	0.38638021181485044	0.839950890689086	1.4281606483811105	0.8272812717339411	4656.992910407421	211.5226318775857	0.2984048131938818	6.772653352765867	11.559401358092757
	gen13ind19	444.6494955174569	0.3892748643848617	0.8277758546397151	1.445961665780675	0.8234001674909338	4645.241506983349	173.48571819190602	0.23043431072911702	6.83997590192944	11.993853954230843
	gen9ind16	445.22446292382693	0.39051124352602673	0.8923112558679904	1.5698239133210026	0.8298140885289181	4629.054208720228	40.23053285821862	0.9777784567278114	6.766441012530619	11.684220137547968
	gen4ind10	445.91993335515036	0.39051124352602673	0.8806464146275728	1.5698239133210026	0.8298140885289181	4629.054208720228	40.23053285821862	0.9777784567278114	6.829240260614533	11.74022151029656
	gen12ind5	447.50850165453284	0.3910044305021797	0.8277758546397151	1.434472549398237	0.8248134634657145	4628.2304715590035	280.04878689674047	0.2121726866461499	6.823096468345481	11.826361529233555
	gen9ind0	448.49765977800496	0.39964381845496005	0.7910078027938023	1.4281606483811105	0.8298140885289181	4697.8526804771045	79.56505989603565	0.30204919657856893	6.838002148944598	11.435677741629695
	gen12ind7	448.95280869669557	0.3813128850905115	0.817207399811916	1.5231597108838386	0.8251617411976009	4604.752200650897	75.95887872227442	0.15526857983103676	6.9669605807601105	11.809257499975118
	gen11ind1	450.23668914640604	0.3910044305021797	0.8091891956257946	1.4398000488743818	0.826079871863203	4619.897917745428	280.04878689674047	0.06105211738053984	6.873539583925096	11.826361529233555
	gen12ind9	451.3878111493389	0.3993561354250502	0.7983271459870496	1.4281606483811105	0.8323160831477896	4697.8526804771045	62.79660724743971	0.29624797441857786	6.898473102201745	11.649717133177568
	gen10ind14	453.23040802650763	0.3999149642394231	0.7982551452959379	1.4472868514668211	0.8212189926023824	4566.006983854061	260.8053516100025	0.038386625640829675	6.938273810587802	11.82297191984998
	gen10ind9	454.4307767552672	0.377249819207579	0.8044461721588799	1.4902446696581149	0.8273429160861524	4590.95778944596	82.1436092273185	0.23450771691704486	6.893272534486542	11.868569172974777
	gen10ind3	454.8244052781194	0.37323192457581034	0.8044461721588799	1.5056301313258291	0.824103451303785	4550.8640165719235	82.1436092273185	0.16077656385204547	6.9669605807601105	11.852212180121542
	gen11ind6	456.11474681832834	0.377249819207579	0.8044461721588799	1.4902446696581149	0.828866611934886	4590.95778944596	82.1436092273185	0.23450771691704486	6.893272534486542	11.840541163728986
	gen12ind16	456.7461895860213	0.3910044305021797	0.8015956720502629	1.4390655769272798	0.8248134634657145	4613.437383554181	320.5120805762994	0.06105211738053984	6.845246130000763	11.80673115318506
	gen5ind8	457.25010360336603	0.39619319229085936	0.7911127314208272	1.4281606483811105	0.8298140885289181	4697.8526804771045	64.77588019345615	0.29624797441857786	6.898473102201745	11.63188039798506
	gen11ind2	457.68864999335733	0.37323192457581034	0.8044461721588799	1.52120938222032	0.824103451303785	4550.8640165719235	82.1436092273185	0.12115699530904142	6.9859769482333585	11.858864794079816
	gen12ind1	457.9669518050001	0.38125186475059836	0.8142455765891448	1.4267437434308468	0.8257231836949688	4691.014981256112	174.55910283871376	0.3998165040776942	6.806412219933786	11.66367063600014
	gen8ind10	458.4218107918864	0.39619319229085936	0.8021518429644092	1.4658431750382022	0.8298140885289181	4696.64989594705	135.1292974759658	0.24798601964826134	6.864851244623425	11.657518487268463
	gen11ind3	459.3478311460164	0.38988444888341	0.8008072072240671	1.4633131623885534	0.8298140885289181	4647.824084572028	64.77588019345615	0.26537784566781136	6.958782693062082	11.79783837789658
	gen14ind0	460.7978565765708	0.3768761534235561	0.8293262428361752	1.513903929136002	0.8254063952992663	4651.126730987854	108.29719412787736	0.20705284466059493	6.9727651835164295	11.796332174531125
	gen8ind1	461.37975230883245	0.377249819207579	0.8044461721588799	1.4902446696581149	0.824103451303785	4590.95778944596	82.1436092273185	0.23450771691704486	6.9669605807601105	11.908334920028313
	gen13ind5	461.9936768345149	0.37323192457581034	0.8044461721588799	1.5056301313258291	0.824103451303785	4550.8640165719235	82.1436092273185	0.16077656385204547	6.9669605807601105	11.921353133503848
	gen8ind16	462.1215457154378	0.3650376269313461	0.8289300522807125	1.4281606483811105	0.8278430158602099	4683.910468876987	718.6395513962913	0.02441250473284673	6.954100529795025	11.716099835167077
	gen6ind0	462.4878237522911	0.3574240115130648	0.843003947359219	1.4281606483811105	0.8373907471669286	4697.8526804771045	262.8746325478169	0.21759337073432705	6.828280780359147	11.796332174531125
	gen14ind11	462.4943487935963	0.3940160518517804	0.8282860494486683	1.4867461204742334	0.82538076306893	4647.693673882088	169.50731847002425	0.29624797441857786	6.845246130000763	11.941306543475067
	gen13ind8	462.583188540269	0.3892748643848617	0.822236529821339	1.4706573717174813	0.8226791561720408	4568.487646442643	258.1784289102142	0.06105211738053984	6.970693197922218	11.993853954230843
	gen8ind17	463.0034428503606	0.3835642769020058	0.8277758546397151	1.4805740722468075	0.8248134634657145	4599.468032710585	280.04878689674047	0.06105211738053984	6.841362084592282	11.796332174531125
	gen7ind11	463.64016980337084	0.3835642769020058	0.7982551452959379	1.4483654854780583	0.824103451303785	4614.822142707574	280.04878689674047	0.06105211738053984	6.9112962627317405	11.796332174531125
	gen11ind12	464.2864185602091	0.3801136507379051	0.806821803777986	1.5144825785089995	0.8273429160861524	4638.836070382615	82.1436092273185	0.23450771691704486	6.9062241657361305	11.868569172974777
	gen12ind15	464.54426115590707	0.37323192457581034	0.8044461721588799	1.5056301313258291	0.8188674413139563	4550.8640165719235	82.1436092273185	0.2975866058215903	6.989110242415392	11.852212180121542
	gen11ind8	464.6873242011389	0.389291939962658	0.8325271178779272	1.480583135742294	0.8298140885289181	4671.221773525843	349.45776037243974	0.027370657598812242	6.825754800150705	11.897026246398738
	gen12ind12	464.8378111684774	0.39619319229085936	0.7911127314208272	1.4082658374653885	0.8283864292226348	4697.8526804771045	64.77588019345615	0.29624797441857786	6.898473102201745	11.701021351367366
	gen9ind19	465.335627345156	0.3835642769020058	0.7982551452959379	1.4653704851553047	0.824103451303785	4614.822142707574	280.04878689674047	0.038386625640829675	6.9112962627317405	11.82297191984998
	gen12ind3	465.4097026907886	0.3720637451596561	0.8041910747544033	1.52120938222032	0.824103451303785	4594.6752382216255	82.1436092273185	0.12115699530904142	6.9859769482333585	11.996281047879275
	gen8ind3	465.8091562392847	0.38345638399351906	0.7911127314208272	1.4426709840888354	0.828828552194564	4697.8526804771045	64.77588019345615	0.29624797441857786	6.9609032367919905	11.63188039798506
	gen11ind14	466.1153556696968	0.389291939962658	0.8325271178779272	1.488275866576151	0.831049674750301	4652.6420028471375	349.45776037243974	0.07619787206030407	6.899442846424273	11.987186592116164
	gen12ind0	466.1688077184551	0.3734785180638868	0.801989107835049	1.5056301313258291	0.8195740893013467	4550.8640165719235	82.1436092273185	0.2975866058215903	6.9669605807601105	11.852212180121542
	gen7ind19	466.6956503575046	0.3822557892738837	0.8407784845175648	1.4190767429363986	0.8278430158602099	4697.8526804771045	856.5901655560828	0.16398326625009035	6.9608389744368	11.855885888979433
	gen11ind19	467.02907375451605	0.3836182233562492	0.8044461721588799	1.4600705694101148	0.8224475488457859	4590.95778944596	211.07347981684472	0.23450771691704486	6.906594505914967	11.698827035756398
	gen7ind2	468.2884945419478	0.389291939962658	0.8325271178779272	1.488275866576151	0.8298140885289181	4695.224594583895	349.45776037243974	0.027370657598812242	6.899442846424273	11.964731996247483
	gen10ind7	468.42882227662443	0.3836182233562492	0.8044461721588799	1.459086167869133	0.8245962194709622	4590.95778944596	211.07347981684472	0.23450771691704486	6.872835638747048	11.783026946614578
	gen12ind18	468.5909131630756	0.39619319229085936	0.8172929140102794	1.4281606483811105	0.8318431379997546	4697.8526804771045	64.77588019345615	0.6370132155731947	6.898473102201745	11.715827811364965
	gen10ind15	469.77799634593225	0.389291939962658	0.8325271178779272	1.488275866576151	0.8298140885289181	4671.221773525843	349.45776037243974	0.027370657598812242	6.825754800150705	11.924966249193947
	gen13ind15	470.2276027498258	0.3892748643848617	0.8046490204330503	1.4359970584805293	0.8246357537123167	4599.468032710585	279.14289859753177	0.1437065109608645	6.893019301366657	11.875509566735985
	gen5ind4	472.578225633456	0.3650376269313461	0.8407784845175648	1.4281606483811105	0.8278430158602099	4697.8526804771045	658.6849878866608	0.16398326625009035	6.954100529795025	11.855885888979433
	gen11ind9	473.11600179282635	0.3816092760403649	0.8044461721588799	1.46677889870299	0.8245962194709622	4570.910903008942	211.07347981684472	0.23450771691704486	6.909679661883833	11.783026946614578
	gen7ind16	473.5002322290838	0.389291939962658	0.8088302534042227	1.4621706477356031	0.8298140885289181	4669.213927217375	469.36688739170063	0.005504007064108474	6.9669605807601105	11.68515988862277
	gen13ind12	473.54781716161824	0.3892748643848617	0.8091891956257946	1.4783501025513384	0.8246357537123167	4570.607449631509	286.75337846765524	0.09192224613130634	6.97329348177982	11.875509566735985
	gen10ind11	474.13849485068715	0.3740925903603656	0.8158559159948209	1.4996644159177501	0.8248134634657145	4599.468032710585	280.04878689674047	0.030181988629773338	6.938515698589404	11.916570734682116
	gen6ind10	474.95672302455847	0.3542459634958984	0.878046497312366	1.5324781629741255	0.8322196491871312	4666.390130423633	64.96945487839486	0.842803588895023	6.7959154562095225	11.584009222003113
	gen9ind7	475.9043377446864	0.3505227591848634	0.8279303959894457	1.475967316251349	0.8305823808685198	4697.098350417611	318.5356574702164	0.021178016844672576	6.819584488212974	11.716800680424054
	gen9ind3	476.9418699245774	0.3791099890006252	0.8407784845175648	1.4190767429363986	0.8278430158602099	4695.367215910393	996.7843363519592	0.16398326625009035	6.9647739927989605	11.940436522389772
	gen9ind1	479.1328490171302	0.3650376269313461	0.8407784845175648	1.4281606483811105	0.8278430158602099	4697.8526804771045	658.6849878866608	0.15818204409009928	6.951661608334233	11.977688311889356
	gen8ind0	479.91786929952775	0.3542459634958984	0.8915685365654819	1.5526930401136494	0.8312341128527772	4666.390130423633	64.96945487839486	0.7824724569707704	6.753726903001244	11.638179778158863
	gen9ind5	480.9976162388711	0.3835642769020058	0.8277758546397151	1.4805740722468075	0.8243206952985374	4633.867268589023	292.3214605643592	0.2797131237740769	6.9071935726810105	11.742161618375375
	gen4ind19	481.84497031215574	0.389291939962658	0.8137058842437503	1.488275866576151	0.8298140885289181	4697.098350417611	460.77981021723883	0.021178016844672576	6.893595259280161	11.907162067546238
	gen9ind8	482.0134128308977	0.3835642769020058	0.7982551452959379	1.4483654854780583	0.824103451303785	4615.759020624432	280.04878689674047	0.18968955363043158	6.9112962627317405	11.796332174531125
	gen7ind12	482.121174004602	0.3542459634958984	0.8915685365654819	1.5526930401136494	0.8312341128527772	4666.390130423633	64.96945487839486	0.7824724569707704	6.753726903001244	11.584009222003113
	gen8ind4	482.5829581445168	0.3587824224329134	0.8196713562564819	1.475967316251349	0.8324521631467322	4661.386380697624	460.77981021723883	0.021178016844672576	6.889518666352433	11.936938924770391
	gen7ind14	483.910104100097	0.389291939962658	0.8088302534042227	1.4621706477356031	0.8298140885289181	4651.162805310074	469.36688739170063	0.09737048837583884	6.9112962627317405	11.68515988862277
	gen9ind9	484.1966872040881	0.38888650143310755	0.8407784845175648	1.4588663647678426	0.8278430158602099	4683.099109885761	856.5901655560828	0.16398326625009035	6.9608389744368	11.771829184113557
	gen8ind14	485.0117743332635	0.3960489033342883	0.8088302534042227	1.4159176579590758	0.825755989587245	4632.4948444583715	477.9539645661624	0.20677744761315026	6.9669605807601105	11.68515988862277
	gen9ind13	486.228873158458	0.3916000661655431	0.8181853316946417	1.4345995618198761	0.8269874965793569	4698.465754743341	559.6356117094805	0.18584893177082845	6.908477347571688	11.935217399663522
	gen9ind18	486.84108667079033	0.377249819207579	0.8044461721588799	1.4663413357229955	0.824103451303785	4590.95778944596	211.07347981684472	0.23450771691704486	6.9669605807601105	11.812803803838733
	gen7ind3	487.92812860146967	0.389291939962658	0.8142493357470921	1.494441796250582	0.8298140885289181	4695.4471114169955	460.77981021723883	0.0674593567094573	6.893595259280161	11.907162067546238
	gen9ind2	489.362844029693	0.3824242957453935	0.7984096866456685	1.4791867729707318	0.8305823808685198	4697.098350417611	411.30351579988337	0.032110849605041625	6.889518666352433	11.907162067546238
	gen7ind0	489.85501392912505	0.389291939962658	0.8088865161269604	1.4621706477356031	0.8224498660680895	4635.808695313085	460.77981021723883	0.2634420916243114	6.969879242348595	11.600959977764592
	gen6ind18	491.0784409288937	0.389291939962658	0.8325271178779272	1.488275866576151	0.8298140885289181	4697.098350417611	349.45776037243974	0.2846455300985957	6.893595259280161	11.964731996247483
	gen10ind1	491.94346870807954	0.3879351575964402	0.8325271178779272	1.5004092680501344	0.8298140885289181	4687.541272155106	497.93503729574087	0.016437824838443194	6.9256236598568295	11.8830378884725
	gen9ind17	492.9242724040662	0.389291939962658	0.8325271178779272	1.488275866576151	0.8325320584811031	4692.662455578563	349.45776037243974	0.31481109606072205	6.893595259280161	11.964731996247483
	gen7ind10	493.0934777908805	0.353636311714214	0.894895163297611	1.5827506492111696	0.8394728457417984	4657.518340745537	64.96945487839486	0.842803588895023	6.723474267743812	11.658481881851566
	gen9ind10	493.81339027816085	0.3542459634958984	0.8673880671712062	1.5827506492111696	0.8322196491871312	4680.622196436288	56.38237770393303	0.842803588895023	6.798268888764337	11.477847745739107
	gen10ind8	494.70102973280956	0.377249819207579	0.8041910747544033	1.4663413357229955	0.824103451303785	4554.815684826804	211.07347981684472	0.23450771691704486	6.982596303660275	11.998770906016158
	gen6ind2	494.72094068768047	0.389291939962658	0.8088865161269604	1.4621706477356031	0.8298140885289181	4669.830766161776	460.77981021723883	0.20677744761315026	6.9669605807601105	11.68515988862277
	gen11ind17	495.457410655165	0.3720395942395633	0.8044461721588799	1.4017116652716513	0.8181464299950634	4590.95778944596	206.34627483381036	0.2238554527565909	6.9669605807601105	11.979454117120884
	gen8ind8	495.5734962656769	0.38389610824493414	0.8088302534042227	1.5394656481506326	0.8342276069773867	4630.99563544429	172.50912088756763	0.09737048837583884	6.795983131706134	11.549221555134611
	gen8ind18	495.9604532154335	0.3937947235856466	0.8137058842437503	1.4345995618198761	0.8269874965793569	4697.098350417611	559.7323990519499	0.18584893177082845	6.972808167904223	11.879631256709345
	gen6ind7	496.09198605297473	0.3542459634958984	0.894895163297611	1.5827506492111696	0.8366700527571471	4657.518340745537	64.96945487839486	0.842803588895023	6.723474267743812	11.584009222003113
	gen8ind7	497.04545199411467	0.3542459634958984	0.894895163297611	1.5827506492111696	0.8366700527571471	4691.917576623975	64.96945487839486	0.842803588895023	6.723474267743812	11.584009222003113
	gen5ind6	497.4649014942904	0.3542459634958984	0.894895163297611	1.5827506492111696	0.8322196491871312	4666.390130423633	64.96945487839486	0.842803588895023	6.723474267743812	11.584009222003113
	gen7ind9	497.6688371334757	0.36804574741824325	0.7984096866456685	1.475967316251349	0.8305823808685198	4697.098350417611	460.77981021723883	0.021178016844672576	6.889518666352433	11.907162067546238
	gen6ind3	497.72160340951643	0.389291939962658	0.8317073709477575	1.4753980396986197	0.8310168688580246	4681.744240420622	262.8746325478169	0.6452103922394885	6.881900084991936	11.620728085700922
	gen6ind4	497.80224954327934	0.3123632301887533	0.894895163297611	1.544165571311112	0.8337562338663346	4615.378810278243	64.96945487839486	0.8650323520649681	6.715321081888355	11.677224745634508
	gen8ind15	498.7064243004536	0.3937947235856466	0.8137058842437503	1.4345995618198761	0.8269874965793569	4698.465754743341	559.7323990519499	0.18584893177082845	6.972808167904223	11.935217399663522
	gen7ind17	498.7079795548557	0.3937947235856466	0.8137058842437503	1.4345995618198761	0.8269874965793569	4697.098350417611	559.7323990519499	0.18584893177082845	6.972808167904223	11.935217399663522
	gen9ind6	500.6232972549667	0.3533865907151895	0.7984096866456685	1.475967316251349	0.8305823808685198	4697.098350417611	460.77981021723883	0.021178016844672576	6.830574757928198	11.907162067546238
	gen10ind2	504.2695381403773	0.3542459634958984	0.8907380480953759	1.592027040396964	0.8322196491871312	4681.651657386884	64.96945487839486	0.9279832284747407	6.77018476616132	11.527881600515382
	gen12ind6	506.1672407923871	0.3910044305021797	0.8091891956257946	1.4398000488743818	0.8303255840640336	4596.19696574029	280.04878689674047	0.4018173585351566	6.890758207021788	11.826361529233555
	gen9ind15	506.5500340538253	0.36804574741824325	0.7984096866456685	1.475967316251349	0.8305823808685198	4696.161472500753	460.77981021723883	0.10745941940521916	6.892442459924489	11.907162067546238
	gen5ind12	506.575538003018	0.3117535784070689	0.8643027681014472	1.5581335485615653	0.8337562338663346	4615.378810278243	64.96945487839486	0.6590706262715623	6.715321081888355	11.383262625087148
	gen11ind0	506.57583583547034	0.38422375905872164	0.8806464146275728	1.5839230969024702	0.8338721874705912	4629.054208720228	104.79225549545109	0.9469083279770449	6.816421528887185	11.81579478461132
	gen8ind13	508.37944264792156	0.38990159174434236	0.8325271178779272	1.5066866831338777	0.8298140885289181	4686.044052122688	345.16422178520884	0.4190259673313137	6.921427418294346	11.97968186079834
	gen6ind9	510.15459562260617	0.3117535784070689	0.8643027681014472	1.5581335485615653	0.8337562338663346	4615.378810278243	64.96945487839486	0.6590706262715623	6.75200374262833	11.272261535625415
	gen6ind8	510.94521136599906	0.36534245282218836	0.7911127314208272	1.426552930336074	0.8222374298909076	4697.8526804771045	460.77981021723883	0.07112373901918329	6.956762381509072	11.796332174531125
	gen8ind9	511.5750592216579	0.37541515050870544	0.7982551452959379	1.4180121038325728	0.8207453454742539	4614.822142707574	280.04878689674047	0.1755587298698271	6.99439027429672	11.937219294851136
	gen7ind18	511.6308159725547	0.39051124352602673	0.8478105170496631	1.5208130996099851	0.8122828506226096	4649.484093755071	177.04237384506575	0.39797481812091806	6.8994325824571305	11.796332174531125
	gen7ind1	512.0606270821603	0.3117535784070689	0.8596559808744795	1.567354740441139	0.8337037082384192	4615.378810278243	64.96945487839486	0.6590706262715623	6.784181241961144	11.402320338428044
	gen8ind19	512.2217211611559	0.34811895442794805	0.8088302534042227	1.5375564491564941	0.8298140885289181	4628.354157147691	221.98541530492312	0.005504007064108474	6.838217037752177	11.68515988862277
	gen8ind2	512.5616496880476	0.31471471799099837	0.8981494593971592	1.5526930401136494	0.8332051855214854	4659.552431202641	77.33891588848297	0.7824724569707704	6.753726903001244	11.552510839672086
	gen5ind14	512.6744637043871	0.3886822881809736	0.8137058842437503	1.488275866576151	0.8298140885289181	4697.098350417611	460.77981021723883	0.2846455300985957	6.893595259280161	11.935217399663522
	gen4ind9	514.7491755803192	0.3117535784070689	0.894895163297611	1.5853711646616584	0.8337562338663346	4615.378810278243	64.96945487839486	0.8363453733798221	6.715321081888355	11.677224745634508
	gen6ind13	515.2594209158882	0.3114487525162267	0.8938082602909274	1.5853711646616584	0.8337562338663346	4615.378810278243	64.96945487839486	0.8363453733798221	6.715321081888355	11.677224745634508
	gen6ind11	515.4932049970588	0.39051124352602673	0.8287551986891808	1.4718022858989674	0.8242085025596158	4669.913978789913	238.1357105276406	0.9777784567278114	6.829240260614533	11.758216747849332
	gen4ind18	518.8191818323928	0.39619319229085936	0.7911127314208272	1.4281606483811105	0.8298140885289181	4697.8526804771045	460.77981021723883	0.07112373901918329	6.954100529795025	11.796332174531125
	gen0ind15	519.2260524170339	0.39051124352602673	0.8194616242352452	1.4989922808510565	0.8298140885289181	4629.054208720228	460.77981021723883	0.3661313628412748	6.9669605807601105	11.796332174531125
	gen6ind19	521.2436090333124	0.31736505900882633	0.8798063947735406	1.5827506492111696	0.8341907218558394	4666.390130423633	64.96945487839486	0.842803588895023	6.765662820952091	11.322059500773568
	gen4ind1	524.0388853221137	0.3117535784070689	0.894895163297611	1.5977030240105203	0.8449674058049392	4630.2878866090305	64.96945487839486	0.6590706262715623	6.715321081888355	11.355207292969867
	gen0ind4	524.7861528590628	0.3117535784070689	0.894895163297611	1.5935493647965382	0.8337562338663346	4615.378810278243	64.96945487839486	0.6590706262715623	6.715321081888355	11.355207292969867
	gen6ind14	526.4761313377742	0.39051124352602673	0.8016878395291119	1.4657190183819964	0.8278430158602099	4629.054208720228	460.77981021723883	0.3661313628412748	6.9669605807601105	11.796332174531125
	gen5ind18	528.6724710222087	0.3117722443167076	0.8541925511151103	1.5853711646616584	0.8241936816830044	4604.3371928701345	64.96945487839486	0.8363453733798221	6.715321081888355	11.488160687184905
	gen2ind13	528.7800913842624	0.39051124352602673	0.8478105170496631	1.5698239133210026	0.8298140885289181	4629.054208720228	177.04237384506575	0.4235053202115667	6.8994325824571305	11.796332174531125
	gen6ind5	529.1236096855918	0.39051124352602673	0.8194616242352452	1.4989922808510565	0.8298140885289181	4629.054208720228	460.77981021723883	0.495892389822013	6.9669605807601105	11.76655531730697
	gen5ind3	531.1737019624804	0.39051124352602673	0.8287551986891808	1.491587023623445	0.8298140885289181	4669.913978789913	238.1357105276406	0.9777784567278114	6.829240260614533	11.744189081790692
	gen5ind9	531.371999129056	0.3713292274778631	0.8137058842437503	1.488275866576151	0.8278430158602099	4697.098350417611	658.6849878866608	0.21392898842460106	6.980584991283961	11.907162067546238
	gen7ind15	538.1787134364054	0.3930151442736929	0.894895163297611	1.528037070493985	0.8366700527571471	4690.923572649827	207.2136076254173	0.6555910408085397	6.723474267743812	11.584009222003113
	gen8ind6	544.758399519543	0.3937947235856466	0.7929986910152003	1.4345995618198761	0.8269874965793569	4698.412393364216	559.7323990519499	0.3202875901807113	6.972808167904223	11.76879160053231
	gen7ind13	547.0917462893686	0.3117535784070689	0.8548921512843588	1.5581335485615653	0.8337562338663346	4615.378810278243	120.6304798007944	0.5273368696446008	6.715321081888355	11.354477660736526
	gen6ind17	547.2807602614182	0.3777744352286864	0.815945607969196	1.4989922808510565	0.8298140885289181	4663.4534445986665	701.6011172380363	0.3661313628412748	6.994294554429057	11.82610903175528
	gen6ind12	547.9262996042493	0.3748027107898736	0.8266040381103559	1.425568528795092	0.8387148956689501	4679.492262176511	460.77981021723883	0.3661313628412748	6.992571394056144	11.796332174531125
	gen7ind8	549.9714962226366	0.3493034556214947	0.8137058842437503	1.537631238155883	0.8298140885289181	4697.098350417611	262.8746325478169	0.4311151618137395	6.7677755098442836	11.714654958882893
	gen4ind16	550.6867467519533	0.39051124352602673	0.8478105170496631	1.5698239133210026	0.8150856436072609	4629.054208720228	177.04237384506575	0.39797481812091806	6.8994325824571305	11.796332174531125
	gen6ind16	551.0542206964212	0.39051124352602673	0.8360483752577219	1.5698239133210026	0.8150856436072609	4670.291143819659	177.04237384506575	0.15043113811018208	6.8994325824571305	11.796332174531125
	gen7ind6	557.0631072495128	0.39051124352602673	0.8405952266039842	1.5698239133210026	0.8278430158602099	4629.054208720228	238.1357105276406	0.5701947784602366	6.829240260614533	11.74022151029656
	gen5ind17	559.9553326792582	0.385515387381213	0.8137058842437503	1.488275866576151	0.8298140885289181	4675.085142786131	1695.0666754519084	0.4616084621457852	6.893595259280161	11.907162067546238
	gen6ind6	560.7434413985036	0.37176895172927815	0.7911127314208272	1.5061923856815724	0.8298140885289181	4697.098350417611	262.8746325478169	0.604467475868149	6.8452174242519614	11.68515988862277
	gen5ind19	561.4619203829847	0.39423444783706163	0.8194616242352452	1.4989922808510565	0.8302485765184231	4629.054208720228	1067.3976171238814	0.6076965836257494	6.9669605807601105	11.699149079405599
	gen4ind7	563.2551796599704	0.389291939962658	0.7911127314208272	1.428897385266543	0.8298140885289181	4697.098350417611	460.77981021723883	0.3661313628412748	6.9669605807601105	11.68515988862277
	gen6ind1	576.4004777862226	0.385515387381213	0.8024093078322887	1.488275866576151	0.8298140885289181	4675.085142786131	1695.0666754519084	0.4616084621457852	6.930277920020136	11.796160978084504
	gen2ind2	577.080352936749	0.389291939962658	0.7911127314208272	1.4281606483811105	0.8298140885289181	4697.098350417611	460.77981021723883	0.3661313628412748	6.9669605807601105	11.796332174531125
	gen10ind13	587.1196794215745	0.3955172135923314	0.8847110263721201	1.5106076535668462	0.8306983344727765	4683.099109885761	771.1686920767697	0.16398326625009035	6.8605791903220545	11.771829184113557
	gen10ind4	591.1597721707406	0.3505227591848634	0.8785296582130273	1.546798948721295	0.8305823808685198	4662.699114539173	306.26298380259766	0.021178016844672576	6.819584488212974	11.716800680424054
	gen7ind7	597.2344104615723	0.39051124352602673	0.7907195789750268	1.4718022858989674	0.8207805204455012	4669.913978789913	556.4515417074614	0.7394423437009372	6.9646504039571555	11.879266652725416
	gen3ind12	601.9274597800538	0.30430716978499905	0.8384041247689424	1.4341384161675204	0.8328872578873248	4595.07571012683	3117.3243095606354	0.3532149318108728	6.950654209049197	11.87159093588556
	gen1ind7	605.8422252748746	0.39375703732695305	0.8416295213109648	1.44451704865087	0.7932309311545135	4677.8495230917515	3855.399778710532	0.8634147240013078	6.800855835144745	11.256545697283572
	gen7ind4	607.1227918300469	0.3117535784070689	0.8337103729052835	1.5581335485615653	0.8337562338663346	4615.378810278243	275.244093557905	0.6590706262715623	6.715321081888355	11.411317957204432
	gen4ind6	615.7304701038979	0.30430716978499905	0.8459429736412214	1.4643541018372659	0.8328872578873248	4577.641953851171	2666.8450927072245	0.5120205115664329	6.950654209049197	11.87159093588556
	gen1ind1	618.8350626259319	0.3199274900301287	0.8248715122189763	1.4341384161675204	0.8328872578873248	4560.447577381143	3117.3243095606354	0.3532149318108728	6.950654209049197	11.87159093588556
	gen8ind11	627.7382344461188	0.3114487525162267	0.8938082602909274	1.5853711646616584	0.833046221704405	4615.378810278243	267.1681711350477	0.8363453733798221	6.821937920767788	11.677224745634508
	gen5ind2	631.9161859396053	0.30430716978499905	0.8459429736412214	1.4061091621899637	0.8328872578873248	4577.641953851171	2666.8450927072245	0.48333353288128694	6.950654209049197	11.816004792931384
	gen6ind15	637.8687918023234	0.3894618674929273	0.7911127314208272	1.426850390655866	0.8387148956689501	4694.385238806393	460.77981021723883	0.3661313628412748	6.992571394056144	11.749724412715427
	gen8ind12	645.0990116861212	0.3542459634958984	0.894895163297611	1.599755648888416	0.8322196491871312	4643.045192840118	267.2649584775171	0.842803588895023	6.723474267743812	11.610648967321968
	gen5ind11	645.3987473858338	0.389291939962658	0.7911127314208272	1.4281606483811105	0.8387148956689501	4680.109101120912	460.77981021723883	0.3661313628412748	6.992571394056144	11.796332174531125
	gen4ind11	670.7954659942525	0.38932927178193527	0.8929373025953846	1.487946255134427	0.810688984162258	4675.015115601395	2351.365968958228	0.9792892027754891	6.779501781994366	11.418204057631918
	gen4ind2	711.3149729447393	0.38295813836313675	0.8837921252562958	1.4233256999258708	0.7932309311545135	4677.8495230917515	2508.8042633275577	0.13426413296824802	6.75803844020985	11.412271221695772
	gen4ind15	724.9262589408106	0.38295813836313675	0.8260280695286436	1.410574706186762	0.7718810749653175	4682.332354828514	3649.3842717494917	0.01158186862475541	6.766191626065307	11.152297269201842
	gen5ind7	737.9521860131902	0.38295813836313675	0.8837921252562958	1.438351118976439	0.7912598584858053	4677.232684147351	2508.8042633275577	0.10084287230102562	6.732427626913817	11.595204281799182
	gen3ind18	752.3349309733921	0.3958501092091563	0.8823651198811835	1.44451704865087	0.7932309311545135	4658.500835011275	2508.8042633275577	0.6456279351305733	6.732427626913817	11.152297269201842
	gen3ind15	757.5301086146085	0.33448881873288117	0.8936351343655511	1.5751753539475657	0.8096912167536312	4567.62716019901	790.7476672254808	0.7706227373799417	6.966041593434335	11.539921593455068
	gen5ind13	763.1028998041986	0.38295813836313675	0.8927107102666226	1.44451704865087	0.7912598584858053	4666.6261968121435	2508.8042633275577	0.24583984435142386	6.732427626913817	11.595204281799182
	gen4ind8	764.0001806117542	0.38295813836313675	0.8837921252562958	1.44451704865087	0.7912598584858053	4684.687222312745	2508.8042633275577	0.012205498746895749	6.732427626913817	11.595204281799182
	gen0ind18	766.0068093378043	0.33448881873288117	0.8672677410357851	1.5541974875912197	0.7872688728764219	4571.28577981257	790.7476672254808	0.7706227373799417	6.986884251485115	11.539921593455068
	gen2ind19	781.8754660869645	0.38295813836313675	0.8837921252562958	1.44451704865087	0.7932309311545135	4677.8495230917515	2508.8042633275577	0.13426413296824802	6.732427626913817	11.374641841018553
	gen5ind1	823.6173258315177	0.38295813836313675	0.879487249885436	1.4435326471098882	0.79608624976708	4688.128406059557	2698.122363822518	0.01158186862475541	6.704255033826158	11.152297269201842
	gen3ind13	837.9799283271864	0.38295813836313675	0.8823651198811835	1.44451704865087	0.7932309311545135	4697.752819722487	3674.6852080688036	0.13303872499690395	6.732427626913817	11.152297269201842
	gen5ind10	845.3003902500109	0.3117535784070689	0.894895163297611	1.5935493647965382	0.8337562338663346	4641.701776657173	1237.96836403602	0.732595683624127	6.8023454816920665	11.09701547151202
	gen0ind17	846.9392749285573	0.38295813836313675	0.8823651198811835	1.44451704865087	0.7932309311545135	4677.8495230917515	2508.8042633275577	0.01158186862475541	6.732427626913817	11.152297269201842
	gen2ind10	886.3007827131771	0.38295813836313675	0.8402025159358526	1.445990522421735	0.7718810749653175	4682.332354828514	3507.5155535634053	0.01158186862475541	6.732427626913817	11.152297269201842
	gen4ind17	886.9660478342857	0.38394005006646686	0.8402025159358526	1.445990522421735	0.7718810749653175	4684.565105223801	3517.1261683061166	0.01158186862475541	6.732427626913817	11.152297269201842
	gen2ind17	895.9201012034665	0.3755412311973221	0.8567072190555226	1.504948419990361	0.7652667340225353	4698.798498724511	3971.741696248253	0.5087208185961438	6.92730491634132	11.722572007554
	gen4ind13	959.5351094682692	0.3892880017091187	0.8823651198811835	1.44451704865087	0.7653080525638325	4689.701636904049	3752.554958296075	0.719966014999749	6.742460241963372	11.195835407501267
	gen3ind9	964.5351962699596	0.3508333685859457	0.8851334193910645	1.4704510327485436	0.8053044882694702	4628.809974542342	30.233996810670078	1.474677635873764	6.8265759370749155	11.684110846061996
	gen5ind0	968.0354502110719	0.37029841167117283	0.8854840653498373	1.487946255134427	0.8167994759203059	4683.02578438968	30.233996810670078	1.474677635873764	6.882203364668196	11.526545169943418
	gen3ind2	968.3738339607257	0.3843616503522437	0.8663708043247554	1.4163224951838895	0.8030871100792093	4672.752315307342	2036.038667241103	1.5596948226013851	6.8265759370749155	11.499383260565516
	gen3ind3	984.7125104792998	0.37029841167117283	0.8972386332344027	1.487946255134427	0.8277268321466795	4658.628127203919	30.233996810670078	1.474677635873764	6.882203364668196	11.84856262260806
	gen2ind9	1001.68452493666	0.34276475013954233	0.8982175635855159	1.487946255134427	0.8277268321466795	4628.809974542342	30.233996810670078	1.474677635873764	6.8265759370749155	11.684110846061996
	gen2ind3	1001.948696517839	0.3755412311973221	0.8239976246641284	1.4592963872297706	0.7908263006803053	4651.3370531610535	3444.797563313445	1.181025883512428	6.92730491634132	11.488799587919381
	gen5ind5	1008.3898814563839	0.36741188734237573	0.8602253603408495	1.480980967193502	0.8262883149030664	4638.936293005856	45.48688235021996	1.3938140531470846	6.8265759370749155	11.684110846061996
	gen2ind18	1008.7083926547513	0.3943545630019605	0.8653918739736423	1.480980967193502	0.8167257627197363	4661.91674644644	1112.0808356997848	1.3938140531470846	6.8265759370749155	11.684110846061996
	gen3ind7	1010.0234410927612	0.3625104262995742	0.8843047879159044	1.424880543571995	0.7802205472304967	4681.649255099729	2638.663330308117	1.6745145878743883	6.918597493828362	11.414665976655682
	gen2ind7	1011.3761427432976	0.36682090147033	0.8507746986500537	1.4081550983367273	0.8117169189455098	4661.91674644644	332.4973923996839	1.3938140531470846	6.781416096063309	11.684110846061996
	gen5ind15	1023.0168126693395	0.38932927178193527	0.8929373025953846	1.4578886460369067	0.810688984162258	4675.392280631142	2351.365968958228	1.0042620638627444	6.779501781994366	11.36278911112436
	gen2ind1	1030.767840404912	0.36682090147033	0.8929373025953846	1.487946255134427	0.8167257627197363	4675.015115601395	1112.0808356997848	1.3938140531470846	6.8265759370749155	11.684110846061996
	gen1ind11	1030.767840404912	0.36682090147033	0.8929373025953846	1.487946255134427	0.8167257627197363	4675.015115601395	1112.0808356997848	1.3938140531470846	6.8265759370749155	11.684110846061996
	gen2ind11	1031.5164878423413	0.36682090147033	0.8929373025953846	1.487946255134427	0.8167257627197363	4682.981503924051	1112.0808356997848	1.3938140531470846	6.8265759370749155	11.684110846061996
	gen3ind1	1034.503372770052	0.36682090147033	0.8663708043247554	1.4757059684686362	0.7952757131853663	4661.91674644644	1112.0808356997848	1.3938140531470846	6.814360089400836	11.684110846061996
	gen0ind5	1036.6431265493145	0.36682090147033	0.8663708043247554	1.480980967193502	0.8167257627197363	4661.91674644644	1112.0808356997848	1.3938140531470846	6.8265759370749155	11.684110846061996
	gen1ind2	1036.9773745769025	0.3625104262995742	0.8843047879159044	1.4017915945059958	0.7599915675953679	4678.626831687679	2638.663330308117	1.2206049489367916	6.976072374669016	11.629861298100352
	gen4ind5	1045.8542846664627	0.322095967699353	0.8913246043243734	1.487946255134427	0.8167257627197363	4675.015115601395	743.0431011248365	1.138714157051867	6.901475124027142	11.991633465362991
	gen5ind16	1050.0933703645946	0.37029841167117283	0.8877673829675541	1.487946255134427	0.8233349288549097	4658.628127203919	1489.3563533559884	1.474677635873764	6.890356550523652	11.84856262260806
	gen3ind10	1058.4040685013165	0.37769646878269997	0.8567072190555226	1.4990223668632536	0.8241369230457232	4642.982010540434	2954.44134500371	1.3518424151054869	6.963581792590991	11.515924361900204
	gen4ind12	1059.9216432330777	0.367358136624206	0.8942337469917849	1.487946255134427	0.8165243125046333	4685.185341156841	889.2622948617086	1.737924927722224	6.729137292361164	11.79467724545255
	gen0ind8	1075.8708447808615	0.3625104262995742	0.8843047879159044	1.424880543571995	0.7599915675953679	4689.588647535385	2638.663330308117	1.6745145878743883	6.918597493828362	11.342571350352218
	gen2ind0	1076.6596074414585	0.3647273018339876	0.8929373025953846	1.487946255134427	0.8167257627197363	4667.751584881182	1112.0808356997848	1.737924927722224	6.8265759370749155	11.79467724545255
	gen3ind17	1080.3218303396843	0.3647273018339876	0.8898468047260355	1.487946255134427	0.8167257627197363	4692.149242066944	2951.2595381325177	1.737924927722224	6.8265759370749155	11.79467724545255
	gen2ind6	1083.0065223534216	0.37769646878269997	0.8567072190555226	1.504948419990361	0.7936338315847196	4642.982010540434	2954.44134500371	1.181025883512428	6.92730491634132	11.515924361900204
	gen3ind4	1084.1656904868648	0.3755412311973221	0.8239976246641284	1.4592963872297706	0.7543784555343269	4684.092411761825	3444.797563313445	1.8416757115441857	6.911276558730902	11.488799587919381
	gen3ind6	1089.687811798959	0.37769646878269997	0.8780448523579925	1.504948419990361	0.7936338315847196	4642.982010540434	2954.44134500371	1.5865758154489684	6.92730491634132	11.558937188434527
	gen4ind14	1094.4850738945104	0.38244262507962334	0.8530966084067637	1.591538516562781	0.8298140885289181	4627.63700497505	523.3193399688207	1.1146214124727312	6.94650673753768	11.937761037038797
	gen2ind4	1118.8758581004806	0.36682090147033	0.8663708043247554	1.5554971252663359	0.8167257627197363	4630.6813900396855	1112.0808356997848	1.3938140531470846	6.8265759370749155	11.684110846061996
	gen1ind14	1156.199374921514	0.3274289285357468	0.8672677410357851	1.5541974875912197	0.7872688728764219	4558.926771042947	790.7476672254808	1.3427530489657873	6.986884251485115	11.712026521345178
	gen3ind14	1159.3966767837726	0.3274289285357468	0.8672677410357851	1.5541974875912197	0.7872688728764219	4558.926771042947	790.7476672254808	1.3427530489657873	6.986884251485115	11.600854235436824
	gen2ind15	1160.4871199095894	0.3274289285357468	0.8403458535964794	1.5604454449730456	0.7850508389564215	4558.926771042947	790.7476672254808	1.3427530489657873	6.919530874917663	11.712026521345178
	gen3ind0	1181.1058227871963	0.3769930834424459	0.8837921252562958	1.44451704865087	0.7600334658375321	4677.8495230917515	2943.2391220134787	0.13426413296824802	6.7268623758408115	11.03681072104223
	gen1ind17	1204.1920688123091	0.34982757632595496	0.8567072190555226	1.504948419990361	0.7628931440318452	4651.3370531610535	3575.275914132797	1.181025883512428	6.922292046824006	11.613864886358138
	gen0ind9	1208.4265010285594	0.3498775477373492	0.8559915714973176	1.539813699467594	0.7999472444752052	4598.207400024337	1279.4945950162053	1.938653365155688	6.983455600414101	11.428589631790116
	gen0ind13	1212.0177982444814	0.3755412311973221	0.8567072190555226	1.504948419990361	0.7652667340225353	4651.3370531610535	2954.44134500371	1.181025883512428	6.92730491634132	11.488799587919381
	gen2ind8	1256.302868853415	0.3498775477373492	0.8418224711977282	1.5333510061876856	0.8098142001001432	4641.147157087649	1177.7165605813989	1.938653365155688	6.983455600414101	11.304192802597775
	gen2ind14	1308.1348872638234	0.38749382763624957	0.831346803154797	1.5054302583656372	0.8412315141709235	4694.419110250175	3919.0940213410254	1.7551109383685355	6.730320878692368	11.699190727113908
	gen3ind19	1339.8654688479753	0.35279719199260595	0.8105699554069491	1.4339670512011387	0.7560622353771378	4645.523569537887	2839.9788511226657	2.117371808337682	6.707995931565658	11.049677334663407
	gen1ind10	1343.956928767634	0.39933899866409794	0.831346803154797	1.5054302583656372	0.8477756770755144	4671.4386568095915	3919.0940213410254	1.7551109383685355	6.73987144315023	11.699190727113908
	gen4ind4	1344.0245496207592	0.35279719199260595	0.8403285708230595	1.4339670512011387	0.7503308320857733	4674.717726154711	3211.761031303153	2.117371808337682	6.717578387251274	11.107865406589548
	gen3ind5	1349.8989311723576	0.3637784678398286	0.8220814353899388	1.4339670512011387	0.7503308320857733	4695.015054437711	2521.8739725161845	2.248995454261912	6.707995931565658	11.119015005499906
	gen0ind12	1350.3681056280357	0.35279719199260595	0.8105699554069491	1.4339670512011387	0.753081206238092	4695.015054437711	1980.9505530716272	2.117371808337682	6.707995931565658	11.119015005499906
	gen2ind16	1350.5356715278442	0.35279719199260595	0.8220814353899388	1.4339670512011387	0.7503308320857733	4695.015054437711	1980.9505530716272	2.117371808337682	6.707995931565658	11.119015005499906
	gen4ind3	1357.4468347879802	0.3436817737280314	0.8220814353899388	1.4339670512011387	0.7503308320857733	4695.015054437711	1980.9505530716272	2.117371808337682	6.755070086646207	11.119015005499906
	gen3ind8	1385.477027568551	0.38670885761594576	0.861400630344257	1.5060200581335847	0.7509281175401339	4681.571951659416	2344.2272323958277	0.01158186862475541	6.732427626913817	11.07251506193165
	gen3ind16	1418.4589068345842	0.3463898046209426	0.8220814353899388	1.4339670512011387	0.7503308320857733	4695.015054437711	1980.9505530716272	2.4961320899881128	6.707995931565658	11.021188900815556
	gen1ind9	1427.3694992457704	0.34641641805000556	0.8812859588768687	1.4587311043239024	0.7599915675953679	4687.407663777251	3923.445889399394	2.6728170749660847	6.861205952623412	11.342571350352218
	gen3ind11	1443.3584045038774	0.37769646878269997	0.8476466787825657	1.504948419990361	0.7828587101449475	4642.982010540434	2954.44134500371	2.2339208533688915	6.91508906866724	11.515924361900204
	gen1ind4	1454.6529619575433	0.33908839112433664	0.8916280479261729	1.539813699467594	0.767772025086194	4598.207400024337	1279.4945950162053	2.053333607630047	6.92079323023598	11.789031208359813
	gen2ind12	1461.2458344835886	0.3575464406545419	0.8105699554069491	1.5047986836710847	0.7511873819323316	4695.015054437711	1345.1283690093226	2.117371808337682	6.707995931565658	11.119015005499906
	gen1ind15	1483.1742164295347	0.3217315826426679	0.8996880033813364	1.5263994110372034	0.7740375674139398	4566.787743711205	3752.94545077637	2.3345228739213346	6.716408319648812	11.723883783709992
	gen1ind18	1542.0697480076535	0.39750169464713603	0.80227369489662	1.5263801483230557	0.782832805036421	4694.997654470904	3336.561370802216	2.3627363370246672	6.85217749835021	11.563704149133327
	gen2ind5	1548.2764841650742	0.35279719199260595	0.8105699554069491	1.4339670512011387	0.753081206238092	4695.015054437711	1980.9505530716272	2.8814779892998748	6.707995931565658	11.119015005499906
	gen1ind6	1592.1585751399853	0.3508382208625371	0.8134239661571737	1.5666934023548715	0.7505591277832296	4675.0615860949565	3416.6078618045485	2.3627363370246672	6.85217749835021	11.563704149133327
	gen1ind13	1609.2438426380568	0.3243414567178556	0.8417621667563525	1.5591845336978731	0.7504472809179916	4589.182071968332	3540.117439671829	2.648187984728536	6.732687546892759	11.562837240447092
	gen0ind3	1631.0388304176233	0.3583232270268894	0.8134239661571737	1.5666934023548715	0.782832805036421	4675.0615860949565	3336.561370802216	2.3627363370246672	6.85217749835021	11.563704149133327
	gen0ind0	1741.0725351963536	0.30216108687407744	0.8417621667563525	1.579618788914688	0.7630988937865449	4589.182071968332	3540.117439671829	2.648187984728536	6.79831561358887	11.812497807518008
	gen1ind5	1817.6075867624763	0.30216108687407744	0.8417621667563525	1.5902500901728236	0.758357399762384	4589.182071968332	3540.117439671829	2.957214491058521	6.745340211278307	11.812497807518008
	gen1ind0	1911.3078050639683	0.3334892908288972	0.7977197392161235	1.5142851728030342	0.8051450102373223	4669.441473423174	3336.561370802216	2.3627363370246672	6.85217749835021	11.32480307376846
	gen0ind11	2185.971314462598	0.3217315826426679	0.8731215051107071	1.5194341230962782	0.7740375674139398	4553.689374556249	3752.94545077637	3.3290815531498215	6.75790558549907	11.952529040984063
	gen1ind16	2376.8226433596915	0.3249903214090093	0.8105699554069491	1.4125342226513276	0.7910565214879428	4695.015054437711	2062.39203535009	2.9220264150714703	6.719670577919596	11.310410679482995
	gen1ind12	3168.420943512546	0.33998826171825447	0.7996404599764637	1.4628934220700387	0.8090887858386456	4568.833465254568	1771.4601038449514	3.099721068201104	6.845447068072334	11.231645887844671
	gen0ind10	3563.802932335715	0.33750615634216063	0.8388162341596067	1.4581237704174268	0.8045108627918116	4582.371209076552	2278.3578105330935	3.6981543748551986	6.835704447367889	11.297011040389291
	gen0ind16	3660.5737252372915	0.3880341191008657	0.8915567541198044	1.4794175094742954	0.8110440776478691	4617.609274130808	2045.7686861996963	4.328205758432287	6.909007286242496	11.076037860376738
	gen0ind19	4059.568174448638	0.3433098958686929	0.8018485522529967	1.4628934220700387	0.8383880061919621	4576.515765682678	1771.4601038449514	3.099721068201104	6.883230325855311	11.231645887844671
	gen1ind19	4411.875071222415	0.31927671490145165	0.8603474516090078	1.5264569190914463	0.8118303788682397	4561.606915761238	1501.919269345033	4.095660551124617	6.873882129154824	11.61274239492327
	gen0ind6	4572.038672894922	0.3731588923854022	0.7929084787493567	1.5867191609164235	0.77878474739532	4662.722372786575	812.3799690493844	4.713713563784586	6.767931324533698	11.702398444106548
	gen1ind8	4640.66829223994	0.3830156501856775	0.8018485522529967	1.4628934220700387	0.8416671624686008	4613.685592830102	2172.3449597351464	3.6031286595203342	6.81320256846608	11.260557064889202
	gen0ind2	4667.826950882563	0.3199274900301287	0.7963383348650955	1.4119458722854286	0.8412173645222368	4560.447577381143	3117.3243095606354	2.790335096980005	6.950654209049197	11.87159093588556
	gen0ind14	4673.320271819604	0.39933899866409794	0.831346803154797	1.5464001935859253	0.8477756770755144	4634.787231675991	3919.0940213410254	3.797150279618466	6.810598694270734	11.929413289974622
	gen0ind7	5055.097388422694	0.3088043551749543	0.8461783513094184	1.5264569190914463	0.8216973344931778	4604.546672824551	1501.919269345033	4.095660551124617	6.873882129154824	11.61274239492327
	gen0ind1	6246.155586632551	0.32587335880133766	0.8252987651734222	1.4001319608866862	0.8098911444243377	4640.09682781749	307.01146914765707	4.88582219896302	6.787217473625348	11.010997437189646
	gen1ind3	6384.5460882749685	0.3088043551749543	0.8457298829539036	1.4898486588925874	0.8364257794148351	4604.546672824551	1662.5858535821849	4.407256209008188	6.793727971949724	11.684837021226734
